<?xml version="1.0" encoding="UTF-8"?>
<kml xmlns="http://www.opengis.net/kml/2.2" xmlns:gx="http://www.google.com/kml/ext/2.2">
    <Document id="1">
        <Style id="4">
            <LineStyle id="5">
                <color>ff008000</color>
                <colorMode>normal</colorMode>
                <width>5</width>
            </LineStyle>
            <PolyStyle id="6">
                <color>ff00a5ff</color>
                <colorMode>normal</colorMode>
                <fill>1</fill>
                <outline>1</outline>
            </PolyStyle>
        </Style>
        <Placemark id="3">
            <name>LX-179-A</name>
            <styleUrl>#4</styleUrl>
            <LineString id="2">
                <extrude>1</extrude>
                <altitudeMode>relativeToGround</altitudeMode>
                <coordinates>-93.6535949,42.0278648,318.904 -93.6535794,42.0278438,321.937 -93.653571,42.0278063,322.907 -93.6535682,42.0278024,321.953 -93.6535725,42.0277692,320.706 -93.6535728,42.0277753,319.732 -93.6535696,42.0277783,319.574 -93.653563,42.0278103,319.436 -93.6535518,42.0278344,319.858 -93.6535419,42.0278625,321.291 -93.6535383,42.02789,322.643 -93.6535339,42.0279166,325.831 -93.653526,42.0279142,326.54 -93.6534984,42.0279442,328.851 -93.6534909,42.0279589,330.965 -93.6534814,42.0279673,332.116 -93.6534272,42.0279485,333.01 -93.6534051,42.027998,333.75 -93.6534273,42.0280379,334.166 -93.6534174,42.0280487,332.153 -93.6534168,42.0280499,331.794 -93.6534215,42.0280328,331.331 -93.6534354,42.0279952,329.622 -93.6534255,42.0279831,332.413 -93.6534199,42.0279723,334.179 -93.6534143,42.0279571,334.948 -93.653397,42.0279387,335.99 -93.6534399,42.0278739,331.877 -93.6534737,42.027838,324.157 -93.6535042,42.0278225,320.143 -93.65353,42.027821,319.686 -93.6535432,42.0278493,321.972 -93.6535353,42.0278547,324.213 -93.6535505,42.027849,326.164 -93.6535538,42.027822,326.354 -93.6535628,42.0277863,327.494 -93.653576,42.0277628,328.132 -93.6535847,42.0277218,326.009 -93.6535794,42.0277261,325.324 -93.6535781,42.0277294,323.221 -93.6535677,42.0277397,322.819 -93.6535664,42.0277388,320.35 -93.6535664,42.0277388,320.35 -93.6535664,42.0277388,320.35 -93.6533104,42.0278275,316.754 -93.653145,42.0280148,317.077 -93.6531999,42.0283555,321.231 -93.6531991,42.0281298,311.943 -93.6532496,42.0282142,308.665 -93.653329,42.0282978,304.449 -93.6533977,42.0282428,327.859 -93.6533992,42.0282746,323.04 -93.6534151,42.0282523,316.199 -93.6534259,42.0282708,311.628 -93.6534247,42.0282941,310.586 -93.6534194,42.0282724,311.625 -93.6534164,42.0282487,312.199 -93.6534327,42.0282406,313.33 -93.6534311,42.028191,317.173 -93.6534511,42.0281559,320.505 -93.6534677,42.0280954,324.184 -93.6534836,42.0280256,326.021 -93.6534929,42.0279841,325.059 -93.653485,42.0279938,321.983 -93.6534773,42.0279823,321.063 -93.6534772,42.0279977,319.698 -93.6534981,42.0280037,318.651 -93.653501,42.0279765,320.289 -93.6534719,42.0279249,317.044 -93.6534736,42.0279781,316.802 -93.6534688,42.0279668,316.467 -93.6534593,42.028003,315.531 -93.6534587,42.0279835,315.783 -93.6534816,42.0279736,316.972 -93.6535186,42.0279831,319.553 -93.653541,42.0280513,319.906 -93.653549,42.0280934,320.38 -93.6535545,42.0281429,319.634 -93.653531,42.0282488,315.16 -93.6534869,42.0283051,309.78 -93.6534571,42.0283789,306.695 -93.6535797,42.0286958,298.184 -93.6535166,42.0285314,292.491 -93.6534963,42.0283831,297.741 -93.6534917,42.0282668,301.211 -93.6535623,42.02837,295.716 -93.6536214,42.0285755,290.19 -93.6536582,42.0286147,289.484 -93.6536951,42.028654,288.777 -93.6537319,42.0286933,288.07 -93.6537565,42.0287195,287.599 -93.6537565,42.0287195,287.599 -93.6537565,42.0287195,287.599 -93.6537565,42.0287195,287.599 -93.6537565,42.0287195,287.599 -93.6537565,42.0287195,287.599 -93.6537565,42.0287195,287.599 -93.6537565,42.0287195,287.599 -93.6537565,42.0287195,287.599 -93.6537565,42.0287195,287.599 -93.6537565,42.0287195,287.599 -93.6537565,42.0287195,287.599 -93.6537565,42.0287195,287.599 -93.6537565,42.0287195,287.599 -93.6537565,42.0287195,287.599 -93.6537565,42.0287195,287.599 -93.6537565,42.0287195,287.599 -93.6537565,42.0287195,287.599 -93.6537565,42.0287195,287.599 -93.6537565,42.0287195,287.599 -93.6537565,42.0287195,287.599 -93.6537565,42.0287195,287.599 -93.6537565,42.0287195,287.599 -93.6537565,42.0287195,287.599 -93.6537565,42.0287195,287.599 -93.6537565,42.0287195,287.599 -93.6537565,42.0287195,287.599 -93.6537565,42.0287195,287.599 -93.6537565,42.0287195,287.599 -93.6537565,42.0287195,287.599 -93.6537565,42.0287195,287.599 -93.6537565,42.0287195,287.599 -93.6537565,42.0287195,287.599 -93.6537565,42.0287195,287.599 -93.6537565,42.0287195,287.599 -93.6537565,42.0287195,287.599 -93.6537565,42.0287195,287.599 -93.6537565,42.0287195,287.599 -93.6537565,42.0287195,287.599 -93.6537565,42.0287195,287.599 -93.6537565,42.0287195,287.599 -93.6537565,42.0287195,287.599 -93.6537565,42.0287195,287.599 -93.6537565,42.0287195,287.599 -93.6537565,42.0287195,287.599 -93.6537565,42.0287195,287.599 -93.6537565,42.0287195,287.599 -93.6537565,42.0287195,287.599 -93.6537565,42.0287195,287.599 -93.6537565,42.0287195,287.599 -93.6537565,42.0287195,287.599 -93.6537565,42.0287195,287.599 -93.6537565,42.0287195,287.599 -93.6537565,42.0287195,287.599 -93.6537565,42.0287195,287.599 -93.6537565,42.0287195,287.599 -93.6537565,42.0287195,287.599 -93.6537565,42.0287195,287.599 -93.6537565,42.0287195,287.599 -93.6537565,42.0287195,287.599 -93.6537565,42.0287195,287.599 -93.6537565,42.0287195,287.599 -93.6537565,42.0287195,287.599 -93.6537565,42.0287195,287.599 -93.6537565,42.0287195,287.599 -93.6537565,42.0287195,287.599 -93.6537565,42.0287195,287.599 -93.6537565,42.0287195,287.599 -93.6537565,42.0287195,287.599 -93.6537565,42.0287195,287.599 -93.6537565,42.0287195,287.599 -93.6537565,42.0287195,287.599 -93.6537565,42.0287195,287.599 -93.6537565,42.0287195,287.599 -93.6537565,42.0287195,287.599 -93.6537565,42.0287195,287.599 -93.6537565,42.0287195,287.599 -94.2183502,41.8108613,65679.63 -94.2259314,41.8070841,66639.955 -94.2334737,41.8034187,67588.473 -94.2351098,41.8006691,68070.375 -94.2365786,41.7999629,68249.21 -94.2395859,41.7980067,68659.96 -94.2428871,41.7953,69185.925 -94.2460994,41.7924871,69742.653 -94.2485139,41.7907153,70213.045 -94.2512454,41.7885906,70744.049 -94.2547663,41.7867353,70911.194 -94.2581917,41.7847738,71345.057 -94.2616415,41.7825194,71818.591 -94.2649979,41.7799806,72320.685 -94.2683535,41.7774421,72822.803 -94.2717082,41.7749038,73324.946 -94.2728263,41.7740578,73492.333 -94.2728263,41.7740578,73492.333 -94.2728263,41.7740578,73492.333 -94.2728263,41.7740578,73492.333 -94.2728263,41.7740578,73492.333 -94.2728263,41.7740578,73492.333 -94.2728263,41.7740578,73492.333 -94.2728263,41.7740578,73492.333 -94.2728263,41.7740578,73492.333 -94.2728263,41.7740578,73492.333 -94.2728263,41.7740578,73492.333 -94.2728263,41.7740578,73492.333 -94.2728263,41.7740578,73492.333 -94.2728263,41.7740578,73492.333 -94.2728263,41.7740578,73492.333 -94.2728263,41.7740578,73492.333 -94.2728263,41.7740578,73492.333 -94.2728263,41.7740578,73492.333 -94.2728263,41.7740578,73492.333 -94.2728263,41.7740578,73492.333 -94.2728263,41.7740578,73492.333 -94.2728263,41.7740578,73492.333 -94.2728263,41.7740578,73492.333 -94.2728263,41.7740578,73492.333 -94.2728263,41.7740578,73492.333 -94.2728263,41.7740578,73492.333 -94.2728263,41.7740578,73492.333 -94.2728263,41.7740578,73492.333 -94.2728263,41.7740578,73492.333 -94.2728263,41.7740578,73492.333 -94.2728263,41.7740578,73492.333 -94.2728263,41.7740578,73492.333 -94.2728263,41.7740578,73492.333 -94.2728263,41.7740578,73492.333 -94.2728263,41.7740578,73492.333 -94.2728263,41.7740578,73492.333 -94.2728263,41.7740578,73492.333 -94.2728263,41.7740578,73492.333 -94.2728263,41.7740578,73492.333 -94.2728263,41.7740578,73492.333 -94.2728263,41.7740578,73492.333 -94.2728263,41.7740578,73492.333 -94.2728263,41.7740578,73492.333 -94.2728263,41.7740578,73492.333 -94.2728263,41.7740578,73492.333 -94.2728263,41.7740578,73492.333 -94.2728263,41.7740578,73492.333 -94.2728263,41.7740578,73492.333 -94.2728263,41.7740578,73492.333 -94.2728263,41.7740578,73492.333 -94.2728263,41.7740578,73492.333 -94.2728263,41.7740578,73492.333 -94.2728263,41.7740578,73492.333 -94.2728263,41.7740578,73492.333 -94.2728263,41.7740578,73492.333 -94.2728263,41.7740578,73492.333 -94.2728263,41.7740578,73492.333 -94.2728263,41.7740578,73492.333 -94.2728263,41.7740578,73492.333 -94.2728263,41.7740578,73492.333 -94.2728263,41.7740578,73492.333 -94.2728263,41.7740578,73492.333 -94.2728263,41.7740578,73492.333 -94.2728263,41.7740578,73492.333 -94.2728263,41.7740578,73492.333 -94.2728263,41.7740578,73492.333 -94.2728263,41.7740578,73492.333 -94.2728263,41.7740578,73492.333 -94.2728263,41.7740578,73492.333 -94.2728263,41.7740578,73492.333 -94.2728263,41.7740578,73492.333 -94.2728263,41.7740578,73492.333 -94.2728263,41.7740578,73492.333 -94.2728263,41.7740578,73492.333 -94.2728263,41.7740578,73492.333 -94.2728263,41.7740578,73492.333 -94.2728263,41.7740578,73492.333 -94.2728263,41.7740578,73492.333 -94.2728263,41.7740578,73492.333 -94.2728263,41.7740578,73492.333 -94.2728263,41.7740578,73492.333 -94.2728263,41.7740578,73492.333 -94.2728263,41.7740578,73492.333 -94.2728263,41.7740578,73492.333 -94.2728263,41.7740578,73492.333 -94.2728263,41.7740578,73492.333 -94.2728263,41.7740578,73492.333 -94.2728263,41.7740578,73492.333 -94.2728263,41.7740578,73492.333 -94.2728263,41.7740578,73492.333 -94.2728263,41.7740578,73492.333 -94.2728263,41.7740578,73492.333 -94.2728263,41.7740578,73492.333 -94.2728263,41.7740578,73492.333 -94.2728263,41.7740578,73492.333 -94.2728263,41.7740578,73492.333 -94.2728263,41.7740578,73492.333 -94.2728263,41.7740578,73492.333 -94.2728263,41.7740578,73492.333 -94.2728263,41.7740578,73492.333 -94.2728263,41.7740578,73492.333 -94.2728263,41.7740578,73492.333 -94.2728263,41.7740578,73492.333 -94.2728263,41.7740578,73492.333 -94.2728263,41.7740578,73492.333 -94.2728263,41.7740578,73492.333 -94.2728263,41.7740578,73492.333 -94.2728263,41.7740578,73492.333 -94.2728263,41.7740578,73492.333 -94.2728263,41.7740578,73492.333 -94.2728263,41.7740578,73492.333 -94.2728263,41.7740578,73492.333 -94.2728263,41.7740578,73492.333 -94.2728263,41.7740578,73492.333 -94.2728263,41.7740578,73492.333 -94.2728263,41.7740578,73492.333 -94.2728263,41.7740578,73492.333 -94.2728263,41.7740578,73492.333 -94.2728263,41.7740578,73492.333 -94.2728263,41.7740578,73492.333 -94.2728263,41.7740578,73492.333 -94.2728263,41.7740578,73492.333 -94.2728263,41.7740578,73492.333 -94.2728263,41.7740578,73492.333 -94.2728263,41.7740578,73492.333 -94.2728263,41.7740578,73492.333 -94.2728263,41.7740578,73492.333 -94.2728263,41.7740578,73492.333 -94.2728263,41.7740578,73492.333 -94.2728263,41.7740578,73492.333 -94.2728263,41.7740578,73492.333 -94.2728263,41.7740578,73492.333 -94.2728263,41.7740578,73492.333 -94.2728263,41.7740578,73492.333 -94.2728263,41.7740578,73492.333 -94.2728263,41.7740578,73492.333 -94.2728263,41.7740578,73492.333 -94.2728263,41.7740578,73492.333 -94.2728263,41.7740578,73492.333 -94.2728263,41.7740578,73492.333 -94.2728263,41.7740578,73492.333 -94.2728263,41.7740578,73492.333 -94.2728263,41.7740578,73492.333 -94.2728263,41.7740578,73492.333 -94.2728263,41.7740578,73492.333 -94.2728263,41.7740578,73492.333 -94.2728263,41.7740578,73492.333 -94.2728263,41.7740578,73492.333 -94.2728263,41.7740578,73492.333 -94.2728263,41.7740578,73492.333 -94.2728263,41.7740578,73492.333 -94.2728263,41.7740578,73492.333 -94.2728263,41.7740578,73492.333 -94.2728263,41.7740578,73492.333 -94.2728263,41.7740578,73492.333 -94.2728263,41.7740578,73492.333 -94.2728263,41.7740578,73492.333 -94.2728263,41.7740578,73492.333 -94.2728263,41.7740578,73492.333 -94.2728263,41.7740578,73492.333 -94.2728263,41.7740578,73492.333 -94.2728263,41.7740578,73492.333 -94.2728263,41.7740578,73492.333 -94.2728263,41.7740578,73492.333 -94.2728263,41.7740578,73492.333 -94.2728263,41.7740578,73492.333 -94.2728263,41.7740578,73492.333 -94.2728263,41.7740578,73492.333 -94.2728263,41.7740578,73492.333 -94.2728263,41.7740578,73492.333 -94.2728263,41.7740578,73492.333 -94.2728263,41.7740578,73492.333 -94.2728263,41.7740578,73492.333 -94.2728263,41.7740578,73492.333 -94.2728263,41.7740578,73492.333 -94.2728263,41.7740578,73492.333 -94.2728263,41.7740578,73492.333 -94.2728263,41.7740578,73492.333 -94.2728263,41.7740578,73492.333 -94.2728263,41.7740578,73492.333 -94.2728263,41.7740578,73492.333 -94.2728263,41.7740578,73492.333 -94.2728263,41.7740578,73492.333 -94.2728263,41.7740578,73492.333 -94.2728263,41.7740578,73492.333 -94.2728263,41.7740578,73492.333 -94.2728263,41.7740578,73492.333 -94.2728263,41.7740578,73492.333 -94.2728263,41.7740578,73492.333 -94.2728263,41.7740578,73492.333 -94.2728263,41.7740578,73492.333 -94.2728263,41.7740578,73492.333 -94.2728263,41.7740578,73492.333 -94.2728263,41.7740578,73492.333 -94.2728263,41.7740578,73492.333 -94.2728263,41.7740578,73492.333 -94.2728263,41.7740578,73492.333 -94.2728263,41.7740578,73492.333 -94.2728263,41.7740578,73492.333 -94.2728263,41.7740578,73492.333 -94.2728263,41.7740578,73492.333 -94.2728263,41.7740578,73492.333 -94.2728263,41.7740578,73492.333 -94.2728263,41.7740578,73492.333 -94.2728263,41.7740578,73492.333 -94.2728263,41.7740578,73492.333 -94.2728263,41.7740578,73492.333 -94.2728263,41.7740578,73492.333 -94.2728263,41.7740578,73492.333 -94.2728263,41.7740578,73492.333 -94.2728263,41.7740578,73492.333 -94.2728263,41.7740578,73492.333 -94.2728263,41.7740578,73492.333 -94.2728263,41.7740578,73492.333 -94.2728263,41.7740578,73492.333 -94.2728263,41.7740578,73492.333 -94.2728263,41.7740578,73492.333 -94.2728263,41.7740578,73492.333 -94.2728263,41.7740578,73492.333 -94.2728263,41.7740578,73492.333 -94.2728263,41.7740578,73492.333 -94.2728263,41.7740578,73492.333 -94.2728263,41.7740578,73492.333 -94.2728263,41.7740578,73492.333 -94.2728263,41.7740578,73492.333 -94.2728263,41.7740578,73492.333 -94.2728263,41.7740578,73492.333 -94.2728263,41.7740578,73492.333 -94.2728263,41.7740578,73492.333 -94.2728263,41.7740578,73492.333 -94.2728263,41.7740578,73492.333 -94.2728263,41.7740578,73492.333 -94.2728263,41.7740578,73492.333 -94.2728263,41.7740578,73492.333 -94.2728263,41.7740578,73492.333 -94.2728263,41.7740578,73492.333 -94.2728263,41.7740578,73492.333 -94.2728263,41.7740578,73492.333 -94.2728263,41.7740578,73492.333 -94.2728263,41.7740578,73492.333 -94.2728263,41.7740578,73492.333 -94.2728263,41.7740578,73492.333 -94.2728263,41.7740578,73492.333 -94.2728263,41.7740578,73492.333 -94.2728263,41.7740578,73492.333 -94.2728263,41.7740578,73492.333 -94.2728263,41.7740578,73492.333 -94.2728263,41.7740578,73492.333 -94.2728263,41.7740578,73492.333 -94.2728263,41.7740578,73492.333 -94.2728263,41.7740578,73492.333 -94.2728263,41.7740578,73492.333 -94.2728263,41.7740578,73492.333 -94.2728263,41.7740578,73492.333 -94.2728263,41.7740578,73492.333 -94.2728263,41.7740578,73492.333 -94.2728263,41.7740578,73492.333 -94.2728263,41.7740578,73492.333 -94.2728263,41.7740578,73492.333 -94.2728263,41.7740578,73492.333 -94.2728263,41.7740578,73492.333 -94.2728263,41.7740578,73492.333 -94.2728263,41.7740578,73492.333 -94.2728263,41.7740578,73492.333 -94.2728263,41.7740578,73492.333 -94.2728263,41.7740578,73492.333 -94.2728263,41.7740578,73492.333 -94.2728263,41.7740578,73492.333 -94.2728263,41.7740578,73492.333 -94.2728263,41.7740578,73492.333 -94.2728263,41.7740578,73492.333 -94.2728263,41.7740578,73492.333 -94.2728263,41.7740578,73492.333 -94.2728263,41.7740578,73492.333 -94.2728263,41.7740578,73492.333 -94.2728263,41.7740578,73492.333 -94.2728263,41.7740578,73492.333 -94.2728263,41.7740578,73492.333 -94.2728263,41.7740578,73492.333 -94.2728263,41.7740578,73492.333 -94.2728263,41.7740578,73492.333 -94.2728263,41.7740578,73492.333 -94.2728263,41.7740578,73492.333 -94.2728263,41.7740578,73492.333 -94.2728263,41.7740578,73492.333 -94.2728263,41.7740578,73492.333 -94.2728263,41.7740578,73492.333 -94.2728263,41.7740578,73492.333 -94.2728263,41.7740578,73492.333 -94.2728263,41.7740578,73492.333 -94.2728263,41.7740578,73492.333 -94.2728263,41.7740578,73492.333 -94.2728263,41.7740578,73492.333 -94.2728263,41.7740578,73492.333 -94.2728263,41.7740578,73492.333 -94.2728263,41.7740578,73492.333 -94.2728263,41.7740578,73492.333 -94.2728263,41.7740578,73492.333 -94.2728263,41.7740578,73492.333 -94.2728263,41.7740578,73492.333 -94.2728263,41.7740578,73492.333 -94.2728263,41.7740578,73492.333 -94.2728263,41.7740578,73492.333 -94.2728263,41.7740578,73492.333 -94.2728263,41.7740578,73492.333 -94.2728263,41.7740578,73492.333 -94.2728263,41.7740578,73492.333 -94.2728263,41.7740578,73492.333 -94.2728263,41.7740578,73492.333 -94.2728263,41.7740578,73492.333 -94.2728263,41.7740578,73492.333 -94.2728263,41.7740578,73492.333 -94.2728263,41.7740578,73492.333 -94.2728263,41.7740578,73492.333 -94.2728263,41.7740578,73492.333 -94.2728263,41.7740578,73492.333 -94.2728263,41.7740578,73492.333 -94.2728263,41.7740578,73492.333 -94.2728263,41.7740578,73492.333 -94.2728263,41.7740578,73492.333 -94.2728263,41.7740578,73492.333 -94.2728263,41.7740578,73492.333 -94.2728263,41.7740578,73492.333 -94.2728263,41.7740578,73492.333 -94.2728263,41.7740578,73492.333 -94.2728263,41.7740578,73492.333 -94.2728263,41.7740578,73492.333 -94.2728263,41.7740578,73492.333 -94.2728263,41.7740578,73492.333 -94.2728263,41.7740578,73492.333 -94.2728263,41.7740578,73492.333 -94.2728263,41.7740578,73492.333 -94.2728263,41.7740578,73492.333 -94.2728263,41.7740578,73492.333 -94.2728263,41.7740578,73492.333 -94.2728263,41.7740578,73492.333 -94.2728263,41.7740578,73492.333 -94.2728263,41.7740578,73492.333 -94.2728263,41.7740578,73492.333 -94.2728263,41.7740578,73492.333 -94.2728263,41.7740578,73492.333 -94.2728263,41.7740578,73492.333 -94.2728263,41.7740578,73492.333 -94.2728263,41.7740578,73492.333 -94.2728263,41.7740578,73492.333 -94.2728263,41.7740578,73492.333 -94.2728263,41.7740578,73492.333 -94.2728263,41.7740578,73492.333 -94.2728263,41.7740578,73492.333 -94.2728263,41.7740578,73492.333 -94.2728263,41.7740578,73492.333 -94.2728263,41.7740578,73492.333 -94.2728263,41.7740578,73492.333 -94.2728263,41.7740578,73492.333 -94.2728263,41.7740578,73492.333 -94.2728263,41.7740578,73492.333 -94.2728263,41.7740578,73492.333 -94.2728263,41.7740578,73492.333 -94.2728263,41.7740578,73492.333 -94.2728263,41.7740578,73492.333 -94.2728263,41.7740578,73492.333 -94.2728263,41.7740578,73492.333 -94.2728263,41.7740578,73492.333 -94.2728263,41.7740578,73492.333 -94.2728263,41.7740578,73492.333 -94.2728263,41.7740578,73492.333 -94.2728263,41.7740578,73492.333 -94.2728263,41.7740578,73492.333 -94.2728263,41.7740578,73492.333 -94.2728263,41.7740578,73492.333 -94.2728263,41.7740578,73492.333 -94.2728263,41.7740578,73492.333 -94.2728263,41.7740578,73492.333 -94.2728263,41.7740578,73492.333 -94.2728263,41.7740578,73492.333 -94.2728263,41.7740578,73492.333 -94.2728263,41.7740578,73492.333 -94.2728263,41.7740578,73492.333 -94.2728263,41.7740578,73492.333 -94.2728263,41.7740578,73492.333 -94.2728263,41.7740578,73492.333 -94.2728263,41.7740578,73492.333 -94.2728263,41.7740578,73492.333 -94.2728263,41.7740578,73492.333 -94.2728263,41.7740578,73492.333 -94.2728263,41.7740578,73492.333 -94.2728263,41.7740578,73492.333 -94.2728263,41.7740578,73492.333 -94.2728263,41.7740578,73492.333 -94.2728263,41.7740578,73492.333 -94.2728263,41.7740578,73492.333 -94.2728263,41.7740578,73492.333 -94.2728263,41.7740578,73492.333 -94.2728263,41.7740578,73492.333 -94.2728263,41.7740578,73492.333 -94.2728263,41.7740578,73492.333 -94.2728263,41.7740578,73492.333 -94.2728263,41.7740578,73492.333 -94.2728263,41.7740578,73492.333 -94.2728263,41.7740578,73492.333 -94.2728263,41.7740578,73492.333 -94.2728263,41.7740578,73492.333 -94.2728263,41.7740578,73492.333 -94.2728263,41.7740578,73492.333 -94.2728263,41.7740578,73492.333 -94.2728263,41.7740578,73492.333 -94.2728263,41.7740578,73492.333 -94.2728263,41.7740578,73492.333 -94.2728263,41.7740578,73492.333 -94.2728263,41.7740578,73492.333 -94.2728263,41.7740578,73492.333 -94.2728263,41.7740578,73492.333 -94.2728263,41.7740578,73492.333 -94.2728263,41.7740578,73492.333 -94.2728263,41.7740578,73492.333 -94.2728263,41.7740578,73492.333 -94.2728263,41.7740578,73492.333 -94.2728263,41.7740578,73492.333 -94.2728263,41.7740578,73492.333 -94.2728263,41.7740578,73492.333 -94.2728263,41.7740578,73492.333 -94.2728263,41.7740578,73492.333 -94.2728263,41.7740578,73492.333 -94.2728263,41.7740578,73492.333 -94.2728263,41.7740578,73492.333 -94.2728263,41.7740578,73492.333 -94.2728263,41.7740578,73492.333 -94.2728263,41.7740578,73492.333 -94.2728263,41.7740578,73492.333 -94.2728263,41.7740578,73492.333 -94.2728263,41.7740578,73492.333 -94.2728263,41.7740578,73492.333 -94.2728263,41.7740578,73492.333 -94.2728263,41.7740578,73492.333 -94.2728263,41.7740578,73492.333 -94.2728263,41.7740578,73492.333 -94.2728263,41.7740578,73492.333 -94.2728263,41.7740578,73492.333 -94.2728263,41.7740578,73492.333 -94.2728263,41.7740578,73492.333 -94.2728263,41.7740578,73492.333 -94.2728263,41.7740578,73492.333 -94.2728263,41.7740578,73492.333 -94.2728263,41.7740578,73492.333 -94.2728263,41.7740578,73492.333 -94.2728263,41.7740578,73492.333 -94.2728263,41.7740578,73492.333 -94.2728263,41.7740578,73492.333 -94.2728263,41.7740578,73492.333 -94.2728263,41.7740578,73492.333 -94.2728263,41.7740578,73492.333 -94.2728263,41.7740578,73492.333 -94.2728263,41.7740578,73492.333 -94.2728263,41.7740578,73492.333 -94.2728263,41.7740578,73492.333 -94.2728263,41.7740578,73492.333 -94.2728263,41.7740578,73492.333 -94.2728263,41.7740578,73492.333 -94.2728263,41.7740578,73492.333 -94.2728263,41.7740578,73492.333 -94.2728263,41.7740578,73492.333 -94.2728263,41.7740578,73492.333 -94.2728263,41.7740578,73492.333 -94.2728263,41.7740578,73492.333 -94.2728263,41.7740578,73492.333 -94.2728263,41.7740578,73492.333 -94.2728263,41.7740578,73492.333 -94.2728263,41.7740578,73492.333 -94.2728263,41.7740578,73492.333 -94.2728263,41.7740578,73492.333 -94.2728263,41.7740578,73492.333 -94.2728263,41.7740578,73492.333 -94.2728263,41.7740578,73492.333 -94.2728263,41.7740578,73492.333 -94.2728263,41.7740578,73492.333 -94.2728263,41.7740578,73492.333 -94.2728263,41.7740578,73492.333 -94.2728263,41.7740578,73492.333 -94.2728263,41.7740578,73492.333 -94.2728263,41.7740578,73492.333 -94.2728263,41.7740578,73492.333 -94.2728263,41.7740578,73492.333 -94.2728263,41.7740578,73492.333 -94.2728263,41.7740578,73492.333 -94.2728263,41.7740578,73492.333 -94.2728263,41.7740578,73492.333 -94.2728263,41.7740578,73492.333 -94.2728263,41.7740578,73492.333 -94.2728263,41.7740578,73492.333 -94.2728263,41.7740578,73492.333 -94.2728263,41.7740578,73492.333 -94.2728263,41.7740578,73492.333 -94.2728263,41.7740578,73492.333 -94.2728263,41.7740578,73492.333 -94.2728263,41.7740578,73492.333 -94.2728263,41.7740578,73492.333 -94.2728263,41.7740578,73492.333 -94.2728263,41.7740578,73492.333 -94.2728263,41.7740578,73492.333 -94.2728263,41.7740578,73492.333 -94.2728263,41.7740578,73492.333 -94.2728263,41.7740578,73492.333 -94.2728263,41.7740578,73492.333 -94.2728263,41.7740578,73492.333 -94.2728263,41.7740578,73492.333 -94.2728263,41.7740578,73492.333 -94.2728263,41.7740578,73492.333 -94.2728263,41.7740578,73492.333 -94.2728263,41.7740578,73492.333 -94.2728263,41.7740578,73492.333 -94.2728263,41.7740578,73492.333 -94.2728263,41.7740578,73492.333 -94.2728263,41.7740578,73492.333 -94.2728263,41.7740578,73492.333 -94.2728263,41.7740578,73492.333 -94.2728263,41.7740578,73492.333 -94.2728263,41.7740578,73492.333 -94.2728263,41.7740578,73492.333 -94.2728263,41.7740578,73492.333 -94.2728263,41.7740578,73492.333 -94.2728263,41.7740578,73492.333 -94.2728263,41.7740578,73492.333 -94.2728263,41.7740578,73492.333 -94.2728263,41.7740578,73492.333 -94.2728263,41.7740578,73492.333 -94.2728263,41.7740578,73492.333 -94.2728263,41.7740578,73492.333 -94.2728263,41.7740578,73492.333 -94.2728263,41.7740578,73492.333 -94.2728263,41.7740578,73492.333 -94.2728263,41.7740578,73492.333 -94.2728263,41.7740578,73492.333 -94.2728263,41.7740578,73492.333 -94.2728263,41.7740578,73492.333 -94.2728263,41.7740578,73492.333 -94.2728263,41.7740578,73492.333 -94.2728263,41.7740578,73492.333 -94.2728263,41.7740578,73492.333 -94.2728263,41.7740578,73492.333 -94.2728263,41.7740578,73492.333 -94.2728263,41.7740578,73492.333 -94.2728263,41.7740578,73492.333 -94.2728263,41.7740578,73492.333 -94.2728263,41.7740578,73492.333 -94.2728263,41.7740578,73492.333 -94.2728263,41.7740578,73492.333 -94.2728263,41.7740578,73492.333 -94.2728263,41.7740578,73492.333 -94.2728263,41.7740578,73492.333 -94.2728263,41.7740578,73492.333 -94.2728263,41.7740578,73492.333 -94.2728263,41.7740578,73492.333 -94.2728263,41.7740578,73492.333 -94.2728263,41.7740578,73492.333 -94.2728263,41.7740578,73492.333 -94.2728263,41.7740578,73492.333 -94.2728263,41.7740578,73492.333 -94.2728263,41.7740578,73492.333 -94.2728263,41.7740578,73492.333 -94.2728263,41.7740578,73492.333 -94.2728263,41.7740578,73492.333 -94.2728263,41.7740578,73492.333 -94.2728263,41.7740578,73492.333 -94.2728263,41.7740578,73492.333 -94.2728263,41.7740578,73492.333 -94.2728263,41.7740578,73492.333 -94.2728263,41.7740578,73492.333 -94.2728263,41.7740578,73492.333 -94.2728263,41.7740578,73492.333 -94.2728263,41.7740578,73492.333 -94.2728263,41.7740578,73492.333 -94.2728263,41.7740578,73492.333 -94.2728263,41.7740578,73492.333 -94.2728263,41.7740578,73492.333 -94.2728263,41.7740578,73492.333 -94.2728263,41.7740578,73492.333 -94.2728263,41.7740578,73492.333 -94.2728263,41.7740578,73492.333 -94.2728263,41.7740578,73492.333 -94.2728263,41.7740578,73492.333 -94.2728263,41.7740578,73492.333 -94.2728263,41.7740578,73492.333 -94.2728263,41.7740578,73492.333 -94.2728263,41.7740578,73492.333 -94.2728263,41.7740578,73492.333 -94.2728263,41.7740578,73492.333 -94.2728263,41.7740578,73492.333 -94.2728263,41.7740578,73492.333 -94.2728263,41.7740578,73492.333 -94.2728263,41.7740578,73492.333 -94.2728263,41.7740578,73492.333 -94.2728263,41.7740578,73492.333 -94.2728263,41.7740578,73492.333 -94.2728263,41.7740578,73492.333 -94.2728263,41.7740578,73492.333 -94.2728263,41.7740578,73492.333 -94.2728263,41.7740578,73492.333 -94.2728263,41.7740578,73492.333 -94.2728263,41.7740578,73492.333 -94.2728263,41.7740578,73492.333 -94.2728263,41.7740578,73492.333 -94.2728263,41.7740578,73492.333 -94.2728263,41.7740578,73492.333 -94.2728263,41.7740578,73492.333 -94.2728263,41.7740578,73492.333 -94.2728263,41.7740578,73492.333 -94.2728263,41.7740578,73492.333 -94.2728263,41.7740578,73492.333 -94.2728263,41.7740578,73492.333 -94.2728263,41.7740578,73492.333 -94.2728263,41.7740578,73492.333 -94.2728263,41.7740578,73492.333 -94.2728263,41.7740578,73492.333 -94.2728263,41.7740578,73492.333 -94.2728263,41.7740578,73492.333 -94.2728263,41.7740578,73492.333 -94.2728263,41.7740578,73492.333 -94.2728263,41.7740578,73492.333 -94.2728263,41.7740578,73492.333 -94.2728263,41.7740578,73492.333 -94.2728263,41.7740578,73492.333 -94.2728263,41.7740578,73492.333 -94.2728263,41.7740578,73492.333 -94.2728263,41.7740578,73492.333 -94.2728263,41.7740578,73492.333 -94.2728263,41.7740578,73492.333 -94.2728263,41.7740578,73492.333 -94.2728263,41.7740578,73492.333 -94.2728263,41.7740578,73492.333 -94.2728263,41.7740578,73492.333 -94.2728263,41.7740578,73492.333 -94.2728263,41.7740578,73492.333 -94.2728263,41.7740578,73492.333 -94.2728263,41.7740578,73492.333 -94.2728263,41.7740578,73492.333 -94.2728263,41.7740578,73492.333 -94.2728263,41.7740578,73492.333 -94.2728263,41.7740578,73492.333 -94.2728263,41.7740578,73492.333 -94.2728263,41.7740578,73492.333 -94.2728263,41.7740578,73492.333 -94.2728263,41.7740578,73492.333 -94.2728263,41.7740578,73492.333 -94.2728263,41.7740578,73492.333 -94.2728263,41.7740578,73492.333 -94.2728263,41.7740578,73492.333 -94.2728263,41.7740578,73492.333 -94.2728263,41.7740578,73492.333 -94.2728263,41.7740578,73492.333 -94.2728263,41.7740578,73492.333 -94.2728263,41.7740578,73492.333 -94.2728263,41.7740578,73492.333 -94.2728263,41.7740578,73492.333 -94.2728263,41.7740578,73492.333 -94.2728263,41.7740578,73492.333 -94.2728263,41.7740578,73492.333 -94.2728263,41.7740578,73492.333 -94.2728263,41.7740578,73492.333 -94.2728263,41.7740578,73492.333 -94.2728263,41.7740578,73492.333 -94.2728263,41.7740578,73492.333 -94.2728263,41.7740578,73492.333 -94.2728263,41.7740578,73492.333 -94.2728263,41.7740578,73492.333 -94.2728263,41.7740578,73492.333 -94.2728263,41.7740578,73492.333 -94.2728263,41.7740578,73492.333 -94.2728263,41.7740578,73492.333 -94.2728263,41.7740578,73492.333 -94.2728263,41.7740578,73492.333 -94.2728263,41.7740578,73492.333 -94.2728263,41.7740578,73492.333 -94.2728263,41.7740578,73492.333 -94.2728263,41.7740578,73492.333 -94.2728263,41.7740578,73492.333 -94.2728263,41.7740578,73492.333 -94.2728263,41.7740578,73492.333 -94.2728263,41.7740578,73492.333 -94.2728263,41.7740578,73492.333 -94.2728263,41.7740578,73492.333 -94.2728263,41.7740578,73492.333 -94.2728263,41.7740578,73492.333 -94.2728263,41.7740578,73492.333 -94.2728263,41.7740578,73492.333 -94.2728263,41.7740578,73492.333 -94.2728263,41.7740578,73492.333 -94.2728263,41.7740578,73492.333 -94.2728263,41.7740578,73492.333 -94.2728263,41.7740578,73492.333 -94.2728263,41.7740578,73492.333 -94.2728263,41.7740578,73492.333 -94.2728263,41.7740578,73492.333 -94.2728263,41.7740578,73492.333 -94.2728263,41.7740578,73492.333 -94.2728263,41.7740578,73492.333 -94.2728263,41.7740578,73492.333 -94.2728263,41.7740578,73492.333 -94.2728263,41.7740578,73492.333 -94.2728263,41.7740578,73492.333 -94.2728263,41.7740578,73492.333 -94.2728263,41.7740578,73492.333 -94.2728263,41.7740578,73492.333 -94.2728263,41.7740578,73492.333 -94.2728263,41.7740578,73492.333 -94.2728263,41.7740578,73492.333 -94.2728263,41.7740578,73492.333 -94.2728263,41.7740578,73492.333 -94.2728263,41.7740578,73492.333 -94.2728263,41.7740578,73492.333 -94.2728263,41.7740578,73492.333 -94.2728263,41.7740578,73492.333 -94.2728263,41.7740578,73492.333 -94.2728263,41.7740578,73492.333 -94.2728263,41.7740578,73492.333 -94.2728263,41.7740578,73492.333 -94.2728263,41.7740578,73492.333 -94.2728263,41.7740578,73492.333 -94.2728263,41.7740578,73492.333 -94.2728263,41.7740578,73492.333 -94.2728263,41.7740578,73492.333 -94.2728263,41.7740578,73492.333 -94.2728263,41.7740578,73492.333 -94.2728263,41.7740578,73492.333 -94.2728263,41.7740578,73492.333 -94.2728263,41.7740578,73492.333 -94.2728263,41.7740578,73492.333 -94.2728263,41.7740578,73492.333 -94.2728263,41.7740578,73492.333 -94.2728263,41.7740578,73492.333 -94.2728263,41.7740578,73492.333 -94.2728263,41.7740578,73492.333 -94.2728263,41.7740578,73492.333 -94.2728263,41.7740578,73492.333 -94.2728263,41.7740578,73492.333 -94.2728263,41.7740578,73492.333 -94.2728263,41.7740578,73492.333 -94.2728263,41.7740578,73492.333 -94.2728263,41.7740578,73492.333 -94.2728263,41.7740578,73492.333 -94.2728263,41.7740578,73492.333 -94.2728263,41.7740578,73492.333 -94.2728263,41.7740578,73492.333 -94.2728263,41.7740578,73492.333 -94.2728263,41.7740578,73492.333 -94.2728263,41.7740578,73492.333 -94.2728263,41.7740578,73492.333 -94.2728263,41.7740578,73492.333 -94.2728263,41.7740578,73492.333 -94.2728263,41.7740578,73492.333 -94.2728263,41.7740578,73492.333 -94.2728263,41.7740578,73492.333 -94.2728263,41.7740578,73492.333 -94.2728263,41.7740578,73492.333 -94.2728263,41.7740578,73492.333 -94.2728263,41.7740578,73492.333 -94.2728263,41.7740578,73492.333 -94.2728263,41.7740578,73492.333 -94.2728263,41.7740578,73492.333 -94.2728263,41.7740578,73492.333 -94.2728263,41.7740578,73492.333 -94.2728263,41.7740578,73492.333 -94.2728263,41.7740578,73492.333 -94.2728263,41.7740578,73492.333 -94.2728263,41.7740578,73492.333 -94.2728263,41.7740578,73492.333 -94.2728263,41.7740578,73492.333 -94.2728263,41.7740578,73492.333 -94.2728263,41.7740578,73492.333 -94.2728263,41.7740578,73492.333 -94.2728263,41.7740578,73492.333 -94.2728263,41.7740578,73492.333 -94.2728263,41.7740578,73492.333 -94.2728263,41.7740578,73492.333 -94.2728263,41.7740578,73492.333 -94.2728263,41.7740578,73492.333 -94.2728263,41.7740578,73492.333 -94.2728263,41.7740578,73492.333 -94.2728263,41.7740578,73492.333 -94.2728263,41.7740578,73492.333 -94.2728263,41.7740578,73492.333 -94.2728263,41.7740578,73492.333 -94.2728263,41.7740578,73492.333 -94.2728263,41.7740578,73492.333 -94.2728263,41.7740578,73492.333 -94.2728263,41.7740578,73492.333 -94.2728263,41.7740578,73492.333 -94.2728263,41.7740578,73492.333 -94.2728263,41.7740578,73492.333 -94.2728263,41.7740578,73492.333 -94.2728263,41.7740578,73492.333 -94.2728263,41.7740578,73492.333 -94.2728263,41.7740578,73492.333 -94.2728263,41.7740578,73492.333 -94.2728263,41.7740578,73492.333 -94.2728263,41.7740578,73492.333 -94.2728263,41.7740578,73492.333 -94.2728263,41.7740578,73492.333 -94.2728263,41.7740578,73492.333 -94.2728263,41.7740578,73492.333 -94.2728263,41.7740578,73492.333 -94.2728263,41.7740578,73492.333 -94.2728263,41.7740578,73492.333 -94.2728263,41.7740578,73492.333 -94.2728263,41.7740578,73492.333 -94.2728263,41.7740578,73492.333 -94.2728263,41.7740578,73492.333 -94.2728263,41.7740578,73492.333 -94.2728263,41.7740578,73492.333 -94.2728263,41.7740578,73492.333 -94.2728263,41.7740578,73492.333 -94.2728263,41.7740578,73492.333 -94.2728263,41.7740578,73492.333 -94.2728263,41.7740578,73492.333 -94.2728263,41.7740578,73492.333 -94.2728263,41.7740578,73492.333 -94.2728263,41.7740578,73492.333 -94.2728263,41.7740578,73492.333 -94.2728263,41.7740578,73492.333 -94.2728263,41.7740578,73492.333 -94.2728263,41.7740578,73492.333 -94.2728263,41.7740578,73492.333 -94.2728263,41.7740578,73492.333 -94.2728263,41.7740578,73492.333 -94.2728263,41.7740578,73492.333 -94.2728263,41.7740578,73492.333 -94.2728263,41.7740578,73492.333 -94.2728263,41.7740578,73492.333 -94.2728263,41.7740578,73492.333 -94.2728263,41.7740578,73492.333 -94.2728263,41.7740578,73492.333 -94.2728263,41.7740578,73492.333 -94.2728263,41.7740578,73492.333 -94.2728263,41.7740578,73492.333 -94.2728263,41.7740578,73492.333 -94.2728263,41.7740578,73492.333 -94.2728263,41.7740578,73492.333 -94.2728263,41.7740578,73492.333 -94.2728263,41.7740578,73492.333 -94.2728263,41.7740578,73492.333 -94.2728263,41.7740578,73492.333 -94.2728263,41.7740578,73492.333 -94.2728263,41.7740578,73492.333 -94.2728263,41.7740578,73492.333 -94.2728263,41.7740578,73492.333 -94.2728263,41.7740578,73492.333 -94.2728263,41.7740578,73492.333 -94.2728263,41.7740578,73492.333 -94.2728263,41.7740578,73492.333 -94.2728263,41.7740578,73492.333 -94.2728263,41.7740578,73492.333 -94.2728263,41.7740578,73492.333 -94.2728263,41.7740578,73492.333 -94.2728263,41.7740578,73492.333 -94.2728263,41.7740578,73492.333 -94.2728263,41.7740578,73492.333 -94.2728263,41.7740578,73492.333 -94.2728263,41.7740578,73492.333 -94.2728263,41.7740578,73492.333 -94.2728263,41.7740578,73492.333 -94.2728263,41.7740578,73492.333 -94.2728263,41.7740578,73492.333 -94.2728263,41.7740578,73492.333 -94.2728263,41.7740578,73492.333 -94.2728263,41.7740578,73492.333 -94.2728263,41.7740578,73492.333 -94.2728263,41.7740578,73492.333 -94.2728263,41.7740578,73492.333 -94.2728263,41.7740578,73492.333 -94.2728263,41.7740578,73492.333 -94.2728263,41.7740578,73492.333 -94.2728263,41.7740578,73492.333 -94.2728263,41.7740578,73492.333 -94.2728263,41.7740578,73492.333 -94.2728263,41.7740578,73492.333 -94.2728263,41.7740578,73492.333 -94.2728263,41.7740578,73492.333 -94.2728263,41.7740578,73492.333 -94.2728263,41.7740578,73492.333 -94.2728263,41.7740578,73492.333 -94.2728263,41.7740578,73492.333 -94.2728263,41.7740578,73492.333 -94.2728263,41.7740578,73492.333 -94.2728263,41.7740578,73492.333 -94.2728263,41.7740578,73492.333 -94.2728263,41.7740578,73492.333 -94.2728263,41.7740578,73492.333 -94.2728263,41.7740578,73492.333 -94.2728263,41.7740578,73492.333 -94.2728263,41.7740578,73492.333 -94.2728263,41.7740578,73492.333 -94.2728263,41.7740578,73492.333 -94.2728263,41.7740578,73492.333 -94.2728263,41.7740578,73492.333 -94.2728263,41.7740578,73492.333 -94.2728263,41.7740578,73492.333 -94.2728263,41.7740578,73492.333 -94.2728263,41.7740578,73492.333 -94.2728263,41.7740578,73492.333 -94.2728263,41.7740578,73492.333 -94.2728263,41.7740578,73492.333 -94.2728263,41.7740578,73492.333 -94.2728263,41.7740578,73492.333 -94.2728263,41.7740578,73492.333 -94.2728263,41.7740578,73492.333 -94.2728263,41.7740578,73492.333 -94.2728263,41.7740578,73492.333 -94.2728263,41.7740578,73492.333 -94.2728263,41.7740578,73492.333 -94.2728263,41.7740578,73492.333 -94.2728263,41.7740578,73492.333 -94.2728263,41.7740578,73492.333 -94.2728263,41.7740578,73492.333 -94.2728263,41.7740578,73492.333 -94.2728263,41.7740578,73492.333 -94.2728263,41.7740578,73492.333 -94.2728263,41.7740578,73492.333 -94.2728263,41.7740578,73492.333 -94.2728263,41.7740578,73492.333 -94.2728263,41.7740578,73492.333 -94.2728263,41.7740578,73492.333 -94.2728263,41.7740578,73492.333 -94.2728263,41.7740578,73492.333 -94.2728263,41.7740578,73492.333 -94.2728263,41.7740578,73492.333 -94.2728263,41.7740578,73492.333 -94.2728263,41.7740578,73492.333 -94.2728263,41.7740578,73492.333 -94.2728263,41.7740578,73492.333 -94.2728263,41.7740578,73492.333 -94.2728263,41.7740578,73492.333 -94.2728263,41.7740578,73492.333 -94.2728263,41.7740578,73492.333 -94.2728263,41.7740578,73492.333 -94.2728263,41.7740578,73492.333 -94.2728263,41.7740578,73492.333 -94.2728263,41.7740578,73492.333 -94.2728263,41.7740578,73492.333 -94.2728263,41.7740578,73492.333 -94.2728263,41.7740578,73492.333 -94.2728263,41.7740578,73492.333 -94.2728263,41.7740578,73492.333 -94.2728263,41.7740578,73492.333 -94.2728263,41.7740578,73492.333 -94.2728263,41.7740578,73492.333 -94.2728263,41.7740578,73492.333 -94.2728263,41.7740578,73492.333 -94.2728263,41.7740578,73492.333 -94.2728263,41.7740578,73492.333 -94.2728263,41.7740578,73492.333 -94.2728263,41.7740578,73492.333 -94.2728263,41.7740578,73492.333 -94.2728263,41.7740578,73492.333 -94.2728263,41.7740578,73492.333 -94.2728263,41.7740578,73492.333 -94.2728263,41.7740578,73492.333 -94.2728263,41.7740578,73492.333 -94.2728263,41.7740578,73492.333 -94.2728263,41.7740578,73492.333 -94.2728263,41.7740578,73492.333 -94.2728263,41.7740578,73492.333 -94.2728263,41.7740578,73492.333 -94.2728263,41.7740578,73492.333 -94.2728263,41.7740578,73492.333 -94.2728263,41.7740578,73492.333 -94.2728263,41.7740578,73492.333 -94.2728263,41.7740578,73492.333 -94.2728263,41.7740578,73492.333 -94.2728263,41.7740578,73492.333 -94.2728263,41.7740578,73492.333 -94.2728263,41.7740578,73492.333 -94.2728263,41.7740578,73492.333 -94.2728263,41.7740578,73492.333 -94.2728263,41.7740578,73492.333 -94.2728263,41.7740578,73492.333 -94.2728263,41.7740578,73492.333 -94.2728263,41.7740578,73492.333 -94.2728263,41.7740578,73492.333 -94.2728263,41.7740578,73492.333 -94.2728263,41.7740578,73492.333 -94.2728263,41.7740578,73492.333 -94.2728263,41.7740578,73492.333 -94.2728263,41.7740578,73492.333 -94.2728263,41.7740578,73492.333 -94.2728263,41.7740578,73492.333 -94.2728263,41.7740578,73492.333 -94.2728263,41.7740578,73492.333 -94.2728263,41.7740578,73492.333 -94.2728263,41.7740578,73492.333 -94.2728263,41.7740578,73492.333 -94.2728263,41.7740578,73492.333 -94.2728263,41.7740578,73492.333 -94.2728263,41.7740578,73492.333 -94.2728263,41.7740578,73492.333 -94.2728263,41.7740578,73492.333 -94.2728263,41.7740578,73492.333 -94.2728263,41.7740578,73492.333 -94.2728263,41.7740578,73492.333 -94.2728263,41.7740578,73492.333 -94.2728263,41.7740578,73492.333 -94.2728263,41.7740578,73492.333 -94.2728263,41.7740578,73492.333 -94.2728263,41.7740578,73492.333 -94.2728263,41.7740578,73492.333 -94.2728263,41.7740578,73492.333 -94.2728263,41.7740578,73492.333 -94.2728263,41.7740578,73492.333 -94.2728263,41.7740578,73492.333 -94.2728263,41.7740578,73492.333 -94.2728263,41.7740578,73492.333 -94.2728263,41.7740578,73492.333 -94.2728263,41.7740578,73492.333 -94.2728263,41.7740578,73492.333 -94.2728263,41.7740578,73492.333 -94.2728263,41.7740578,73492.333 -94.2728263,41.7740578,73492.333 -94.2728263,41.7740578,73492.333 -94.2728263,41.7740578,73492.333 -94.2728263,41.7740578,73492.333 -94.2728263,41.7740578,73492.333 -94.2728263,41.7740578,73492.333 -94.2728263,41.7740578,73492.333 -94.2728263,41.7740578,73492.333 -94.2728263,41.7740578,73492.333 -94.2728263,41.7740578,73492.333 -94.2728263,41.7740578,73492.333 -94.2728263,41.7740578,73492.333 -94.2728263,41.7740578,73492.333 -94.2728263,41.7740578,73492.333 -94.2728263,41.7740578,73492.333 -94.2728263,41.7740578,73492.333 -94.2728263,41.7740578,73492.333 -94.2728263,41.7740578,73492.333 -94.2728263,41.7740578,73492.333 -94.2728263,41.7740578,73492.333 -94.2728263,41.7740578,73492.333 -94.2728263,41.7740578,73492.333 -94.2728263,41.7740578,73492.333 -94.2728263,41.7740578,73492.333 -94.2728263,41.7740578,73492.333 -94.2728263,41.7740578,73492.333 -94.2728263,41.7740578,73492.333 -94.2728263,41.7740578,73492.333 -94.2728263,41.7740578,73492.333 -94.2728263,41.7740578,73492.333 -94.2728263,41.7740578,73492.333 -94.2728263,41.7740578,73492.333 -94.2728263,41.7740578,73492.333 -94.2728263,41.7740578,73492.333 -94.2728263,41.7740578,73492.333 -94.2728263,41.7740578,73492.333 -94.2728263,41.7740578,73492.333 -94.2728263,41.7740578,73492.333 -94.2728263,41.7740578,73492.333 -94.2728263,41.7740578,73492.333 -94.2728263,41.7740578,73492.333 -94.2728263,41.7740578,73492.333 -94.2728263,41.7740578,73492.333 -94.2728263,41.7740578,73492.333 -94.2728263,41.7740578,73492.333 -94.2728263,41.7740578,73492.333 -94.2728263,41.7740578,73492.333 -94.2728263,41.7740578,73492.333 -94.2728263,41.7740578,73492.333 -94.2728263,41.7740578,73492.333 -94.2728263,41.7740578,73492.333 -94.2728263,41.7740578,73492.333 -94.2728263,41.7740578,73492.333 -94.2728263,41.7740578,73492.333 -94.2728263,41.7740578,73492.333 -94.2728263,41.7740578,73492.333 -94.2728263,41.7740578,73492.333 -94.2728263,41.7740578,73492.333 -94.2728263,41.7740578,73492.333 -94.2728263,41.7740578,73492.333 -94.2728263,41.7740578,73492.333 -94.2728263,41.7740578,73492.333 -94.2728263,41.7740578,73492.333 -94.2728263,41.7740578,73492.333 -94.2728263,41.7740578,73492.333 -94.2728263,41.7740578,73492.333 -94.2728263,41.7740578,73492.333 -94.2728263,41.7740578,73492.333 -94.2728263,41.7740578,73492.333 -94.2728263,41.7740578,73492.333 -94.2728263,41.7740578,73492.333 -94.2728263,41.7740578,73492.333 -94.2728263,41.7740578,73492.333 -94.2728263,41.7740578,73492.333 -94.2728263,41.7740578,73492.333 -94.2728263,41.7740578,73492.333 -94.2728263,41.7740578,73492.333 -94.2728263,41.7740578,73492.333 -94.2728263,41.7740578,73492.333 -94.2728263,41.7740578,73492.333 -94.2728263,41.7740578,73492.333 -94.2728263,41.7740578,73492.333 -94.2728263,41.7740578,73492.333 -94.2728263,41.7740578,73492.333 -94.2728263,41.7740578,73492.333 -94.2728263,41.7740578,73492.333 -94.2728263,41.7740578,73492.333 -94.2728263,41.7740578,73492.333 -94.2728263,41.7740578,73492.333 -94.2728263,41.7740578,73492.333 -94.2728263,41.7740578,73492.333 -94.2728263,41.7740578,73492.333 -94.2728263,41.7740578,73492.333 -94.2728263,41.7740578,73492.333 -94.2728263,41.7740578,73492.333 -94.2728263,41.7740578,73492.333 -94.2728263,41.7740578,73492.333 -94.2728263,41.7740578,73492.333 -94.2728263,41.7740578,73492.333 -94.2728263,41.7740578,73492.333 -94.2728263,41.7740578,73492.333 -94.2728263,41.7740578,73492.333 -94.2728263,41.7740578,73492.333 -94.2728263,41.7740578,73492.333 -94.2728263,41.7740578,73492.333 -94.2728263,41.7740578,73492.333 -94.2728263,41.7740578,73492.333 -94.2728263,41.7740578,73492.333 -94.2728263,41.7740578,73492.333 -94.2728263,41.7740578,73492.333 -94.2728263,41.7740578,73492.333 -94.2728263,41.7740578,73492.333 -94.2728263,41.7740578,73492.333 -94.2728263,41.7740578,73492.333 -94.2728263,41.7740578,73492.333 -94.2728263,41.7740578,73492.333 -94.2728263,41.7740578,73492.333 -94.2728263,41.7740578,73492.333 -94.2728263,41.7740578,73492.333 -94.2728263,41.7740578,73492.333 -94.2728263,41.7740578,73492.333 -94.2728263,41.7740578,73492.333 -94.2728263,41.7740578,73492.333 -94.2728263,41.7740578,73492.333 -94.2728263,41.7740578,73492.333 -94.2728263,41.7740578,73492.333 -94.2728263,41.7740578,73492.333 -94.2728263,41.7740578,73492.333 -94.2728263,41.7740578,73492.333 -94.2728263,41.7740578,73492.333 -94.2728263,41.7740578,73492.333 -94.2728263,41.7740578,73492.333 -94.2728263,41.7740578,73492.333 -94.2728263,41.7740578,73492.333 -94.2728263,41.7740578,73492.333 -94.2728263,41.7740578,73492.333 -94.2728263,41.7740578,73492.333 -94.2728263,41.7740578,73492.333 -94.2728263,41.7740578,73492.333 -94.2728263,41.7740578,73492.333 -94.2728263,41.7740578,73492.333 -94.2728263,41.7740578,73492.333 -94.2728263,41.7740578,73492.333 -94.2728263,41.7740578,73492.333 -94.2728263,41.7740578,73492.333 -94.2728263,41.7740578,73492.333 -94.2728263,41.7740578,73492.333 -94.2728263,41.7740578,73492.333 -94.2728263,41.7740578,73492.333 -94.2728263,41.7740578,73492.333 -94.2728263,41.7740578,73492.333 -94.2728263,41.7740578,73492.333 -94.2728263,41.7740578,73492.333 -94.2728263,41.7740578,73492.333 -94.2728263,41.7740578,73492.333 -94.2728263,41.7740578,73492.333 -94.2728263,41.7740578,73492.333 -94.2728263,41.7740578,73492.333 -94.2728263,41.7740578,73492.333 -94.2728263,41.7740578,73492.333 -94.2728263,41.7740578,73492.333 -94.2728263,41.7740578,73492.333 -94.2728263,41.7740578,73492.333 -94.2728263,41.7740578,73492.333 -94.2728263,41.7740578,73492.333 -94.2728263,41.7740578,73492.333 -94.2728263,41.7740578,73492.333 -94.2728263,41.7740578,73492.333 -94.2728263,41.7740578,73492.333 -94.2728263,41.7740578,73492.333 -94.2728263,41.7740578,73492.333 -94.2728263,41.7740578,73492.333 -94.2728263,41.7740578,73492.333 -94.2728263,41.7740578,73492.333 -94.2728263,41.7740578,73492.333 -94.2728263,41.7740578,73492.333 -94.2728263,41.7740578,73492.333 -94.2728263,41.7740578,73492.333 -94.2728263,41.7740578,73492.333 -94.2728263,41.7740578,73492.333 -94.2728263,41.7740578,73492.333 -94.2728263,41.7740578,73492.333 -94.2728263,41.7740578,73492.333 -94.2728263,41.7740578,73492.333 -94.2728263,41.7740578,73492.333 -94.2728263,41.7740578,73492.333 -94.2728263,41.7740578,73492.333 -94.2728263,41.7740578,73492.333 -94.2728263,41.7740578,73492.333 -94.2728263,41.7740578,73492.333 -94.2728263,41.7740578,73492.333 -94.2728263,41.7740578,73492.333 -94.2728263,41.7740578,73492.333 -94.2728263,41.7740578,73492.333 -94.2728263,41.7740578,73492.333 -94.2728263,41.7740578,73492.333 -94.2728263,41.7740578,73492.333 -94.2728263,41.7740578,73492.333 -94.2728263,41.7740578,73492.333 -94.2728263,41.7740578,73492.333 -94.2728263,41.7740578,73492.333 -94.2728263,41.7740578,73492.333 -94.2728263,41.7740578,73492.333 -94.2728263,41.7740578,73492.333 -94.2728263,41.7740578,73492.333 -94.2728263,41.7740578,73492.333 -94.2728263,41.7740578,73492.333 -94.2728263,41.7740578,73492.333 -94.2728263,41.7740578,73492.333 -94.2728263,41.7740578,73492.333 -94.2728263,41.7740578,73492.333 -94.2728263,41.7740578,73492.333 -94.2728263,41.7740578,73492.333 -94.2728263,41.7740578,73492.333 -94.2728263,41.7740578,73492.333 -94.2728263,41.7740578,73492.333 -94.2728263,41.7740578,73492.333 -94.2728263,41.7740578,73492.333 -94.2728263,41.7740578,73492.333 -94.2728263,41.7740578,73492.333 -94.2728263,41.7740578,73492.333 -94.2728263,41.7740578,73492.333 -94.2728263,41.7740578,73492.333 -94.2728263,41.7740578,73492.333 -94.2728263,41.7740578,73492.333 -94.2728263,41.7740578,73492.333 -94.2728263,41.7740578,73492.333 -94.2728263,41.7740578,73492.333 -94.2728263,41.7740578,73492.333 -94.2728263,41.7740578,73492.333 -94.2728263,41.7740578,73492.333 -94.2728263,41.7740578,73492.333 -94.2728263,41.7740578,73492.333 -94.2728263,41.7740578,73492.333 -94.2728263,41.7740578,73492.333 -94.2728263,41.7740578,73492.333 -94.2728263,41.7740578,73492.333 -94.2728263,41.7740578,73492.333 -94.2728263,41.7740578,73492.333 -94.2728263,41.7740578,73492.333 -94.2728263,41.7740578,73492.333 -94.2728263,41.7740578,73492.333 -94.2728263,41.7740578,73492.333 -94.2728263,41.7740578,73492.333 -94.2728263,41.7740578,73492.333 -94.2728263,41.7740578,73492.333 -94.2728263,41.7740578,73492.333 -94.2728263,41.7740578,73492.333 -94.2728263,41.7740578,73492.333 -94.2728263,41.7740578,73492.333 -94.2728263,41.7740578,73492.333 -94.2728263,41.7740578,73492.333 -94.2728263,41.7740578,73492.333 -94.2728263,41.7740578,73492.333 -94.2728263,41.7740578,73492.333 -94.2728263,41.7740578,73492.333 -94.2728263,41.7740578,73492.333 -94.2728263,41.7740578,73492.333 -94.2728263,41.7740578,73492.333 -94.2728263,41.7740578,73492.333 -94.2728263,41.7740578,73492.333 -94.2728263,41.7740578,73492.333 -94.2728263,41.7740578,73492.333 -94.2728263,41.7740578,73492.333 -94.2728263,41.7740578,73492.333 -94.2728263,41.7740578,73492.333 -94.2728263,41.7740578,73492.333 -94.2728263,41.7740578,73492.333 -94.2728263,41.7740578,73492.333 -94.2728263,41.7740578,73492.333 -94.2728263,41.7740578,73492.333 -94.2728263,41.7740578,73492.333 -93.65354,42.0282214,316.428 -93.65354,42.0282214,316.428 -93.65354,42.0282214,316.428 -93.65354,42.0282214,316.428 -93.65354,42.0282214,316.428 -93.65354,42.0282214,316.428 -93.65354,42.0282214,316.428 -93.65354,42.0282214,316.428 -93.65354,42.0282214,316.428 -93.65354,42.0282214,316.428 -93.65354,42.0282214,316.428 -93.65354,42.0282214,316.428 -93.65354,42.0282214,316.428 -93.65354,42.0282214,316.428 -93.65354,42.0282214,316.428 -93.65354,42.0282214,316.428 -93.65354,42.0282214,316.428 -93.65354,42.0282214,316.428 -93.65354,42.0282214,316.428 -93.65354,42.0282214,316.428 -93.65354,42.0282214,316.428 -93.65354,42.0282214,316.428 -93.65354,42.0282214,316.428 -93.65354,42.0282214,316.428 -93.65354,42.0282214,316.428 -93.65354,42.0282214,316.428 -93.65354,42.0282214,316.428 -93.65354,42.0282214,316.428 -93.65354,42.0282214,316.428 -93.65354,42.0282214,316.428 -93.65354,42.0282214,316.428 -93.65354,42.0282214,316.428 -93.65354,42.0282214,316.428 -93.65354,42.0282214,316.428 -93.65354,42.0282214,316.428 -93.65354,42.0282214,316.428 -93.65354,42.0282214,316.428 -93.65354,42.0282214,316.428 -93.65354,42.0282214,316.428 -93.65354,42.0282214,316.428 -93.65354,42.0282214,316.428 -93.65354,42.0282214,316.428 -93.65354,42.0282214,316.428 -93.65354,42.0282214,316.428 -93.65354,42.0282214,316.428 -93.65354,42.0282214,316.428 -93.65354,42.0282214,316.428 -93.65354,42.0282214,316.428 -93.65354,42.0282214,316.428 -93.65354,42.0282214,316.428 -93.65354,42.0282214,316.428 -93.65354,42.0282214,316.428 -93.65354,42.0282214,316.428 -93.65354,42.0282214,316.428 -93.65354,42.0282214,316.428 -93.65354,42.0282214,316.428 -93.65354,42.0282214,316.428 -93.65354,42.0282214,316.428 -93.65354,42.0282214,316.428 -93.65354,42.0282214,316.428 -93.65354,42.0282214,316.428 -93.65354,42.0282214,316.428 -93.65354,42.0282214,316.428 -93.65354,42.0282214,316.428 -93.65354,42.0282214,316.428 -93.65354,42.0282214,316.428 -93.65354,42.0282214,316.428 -93.65354,42.0282214,316.428 -93.65354,42.0282214,316.428 -93.65354,42.0282214,316.428 -93.65354,42.0282214,316.428 -93.65354,42.0282214,316.428 -93.65354,42.0282214,316.428 -93.65354,42.0282214,316.428 -93.65354,42.0282214,316.428 -93.65354,42.0282214,316.428 -93.65354,42.0282214,316.428 -93.65354,42.0282214,316.428 -93.65354,42.0282214,316.428 -93.65354,42.0282214,316.428 -93.65354,42.0282214,316.428 -93.65354,42.0282214,316.428 -93.65354,42.0282214,316.428 -93.65354,42.0282214,316.428 -93.65354,42.0282214,316.428 -93.65354,42.0282214,316.428 -93.65354,42.0282214,316.428 -93.65354,42.0282214,316.428 -93.65354,42.0282214,316.428 -93.65354,42.0282214,316.428 -93.65354,42.0282214,316.428 -93.65354,42.0282214,316.428 -93.65354,42.0282214,316.428 -93.65354,42.0282214,316.428 -93.65354,42.0282214,316.428 -93.65354,42.0282214,316.428 -93.65354,42.0282214,316.428 -93.65354,42.0282214,316.428 -93.65354,42.0282214,316.428 -93.65354,42.0282214,316.428 -93.65354,42.0282214,316.428 -93.65354,42.0282214,316.428 -93.65354,42.0282214,316.428 -93.65354,42.0282214,316.428 -93.65354,42.0282214,316.428 -93.65354,42.0282214,316.428 -93.65354,42.0282214,316.428 -93.65354,42.0282214,316.428 -93.65354,42.0282214,316.428 -93.65354,42.0282214,316.428 -93.65354,42.0282214,316.428 -93.65354,42.0282214,316.428 -93.65354,42.0282214,316.428 -93.65354,42.0282214,316.428 -93.65354,42.0282214,316.428 -93.65354,42.0282214,316.428 -93.65354,42.0282214,316.428 -93.65354,42.0282214,316.428 -93.65354,42.0282214,316.428 -93.65354,42.0282214,316.428 -93.65354,42.0282214,316.428 -93.65354,42.0282214,316.428 -93.65354,42.0282214,316.428 -93.65354,42.0282214,316.428 -93.65354,42.0282214,316.428 -93.65354,42.0282214,316.428 -93.65354,42.0282214,316.428 -93.65354,42.0282214,316.428 -93.65354,42.0282214,316.428 -93.65354,42.0282214,316.428 -93.65354,42.0282214,316.428 -93.65354,42.0282214,316.428 -93.65354,42.0282214,316.428 -93.65354,42.0282214,316.428 -93.65354,42.0282214,316.428 -93.65354,42.0282214,316.428 -93.65354,42.0282214,316.428 -93.65354,42.0282214,316.428 -93.65354,42.0282214,316.428 -93.65354,42.0282214,316.428 -93.65354,42.0282214,316.428 -93.65354,42.0282214,316.428 -93.65354,42.0282214,316.428 -93.65354,42.0282214,316.428 -93.65354,42.0282214,316.428 -93.65354,42.0282214,316.428 -93.65354,42.0282214,316.428 -93.65354,42.0282214,316.428 -93.65354,42.0282214,316.428 -93.65354,42.0282214,316.428 -93.65354,42.0282214,316.428 -93.65354,42.0282214,316.428 -93.65354,42.0282214,316.428 -93.65354,42.0282214,316.428 -93.65354,42.0282214,316.428 -93.65354,42.0282214,316.428 -93.65354,42.0282214,316.428 -93.65354,42.0282214,316.428 -93.65354,42.0282214,316.428 -93.65354,42.0282214,316.428 -93.65354,42.0282214,316.428 -93.65354,42.0282214,316.428 -93.65354,42.0282214,316.428 -93.65354,42.0282214,316.428 -93.65354,42.0282214,316.428 -93.65354,42.0282214,316.428 -93.65354,42.0282214,316.428 -93.65354,42.0282214,316.428 -93.65354,42.0282214,316.428 -93.65354,42.0282214,316.428 -93.65354,42.0282214,316.428 -93.65354,42.0282214,316.428 -93.65354,42.0282214,316.428 -93.65354,42.0282214,316.428 -93.65354,42.0282214,316.428 -93.65354,42.0282214,316.428 -93.65354,42.0282214,316.428 -93.65354,42.0282214,316.428 -93.65354,42.0282214,316.428 -93.65354,42.0282214,316.428 -93.65354,42.0282214,316.428 -93.65354,42.0282214,316.428 -93.65354,42.0282214,316.428 -93.65354,42.0282214,316.428 -93.65354,42.0282214,316.428 -93.65354,42.0282214,316.428 -93.65354,42.0282214,316.428 -93.65354,42.0282214,316.428 -93.65354,42.0282214,316.428 -93.65354,42.0282214,316.428 -93.65354,42.0282214,316.428 -93.65354,42.0282214,316.428 -93.65354,42.0282214,316.428 -93.65354,42.0282214,316.428 -93.65354,42.0282214,316.428 -93.65354,42.0282214,316.428 -93.65354,42.0282214,316.428 -93.65354,42.0282214,316.428 -93.65354,42.0282214,316.428 -93.65354,42.0282214,316.428 -93.65354,42.0282214,316.428 -93.65354,42.0282214,316.428 -93.65354,42.0282214,316.428 -93.65354,42.0282214,316.428 -93.65354,42.0282214,316.428 -93.65354,42.0282214,316.428 -93.65354,42.0282214,316.428 -93.65354,42.0282214,316.428 -93.65354,42.0282214,316.428 -93.65354,42.0282214,316.428 -93.65354,42.0282214,316.428 -93.65354,42.0282214,316.428 -93.65354,42.0282214,316.428 -93.65354,42.0282214,316.428 -93.65354,42.0282214,316.428 -93.65354,42.0282214,316.428 -93.65354,42.0282214,316.428 -93.65354,42.0282214,316.428 -93.65354,42.0282214,316.428 -93.65354,42.0282214,316.428 -93.65354,42.0282214,316.428 -93.65354,42.0282214,316.428 -93.65354,42.0282214,316.428 -93.65354,42.0282214,316.428 -93.65354,42.0282214,316.428 -93.65354,42.0282214,316.428 -93.65354,42.0282214,316.428 -93.65354,42.0282214,316.428 -93.65354,42.0282214,316.428 -93.65354,42.0282214,316.428 -93.65354,42.0282214,316.428 -93.65354,42.0282214,316.428 -93.65354,42.0282214,316.428 -93.65354,42.0282214,316.428 -93.65354,42.0282214,316.428 -93.65354,42.0282214,316.428 -93.65354,42.0282214,316.428 -93.65354,42.0282214,316.428 -93.65354,42.0282214,316.428 -93.65354,42.0282214,316.428 -93.65354,42.0282214,316.428 -93.65354,42.0282214,316.428 -93.65354,42.0282214,316.428 -93.65354,42.0282214,316.428 -93.65354,42.0282214,316.428 -93.65354,42.0282214,316.428 -93.65354,42.0282214,316.428 -93.65354,42.0282214,316.428 -93.65354,42.0282214,316.428 -93.65354,42.0282214,316.428 -93.65354,42.0282214,316.428 -93.65354,42.0282214,316.428 -93.65354,42.0282214,316.428 -93.65354,42.0282214,316.428 -93.65354,42.0282214,316.428 -93.65354,42.0282214,316.428 -93.65354,42.0282214,316.428 -93.65354,42.0282214,316.428 -93.65354,42.0282214,316.428 -93.65354,42.0282214,316.428 -93.65354,42.0282214,316.428 -93.65354,42.0282214,316.428 -93.65354,42.0282214,316.428 -93.65354,42.0282214,316.428 -93.65354,42.0282214,316.428 -93.65354,42.0282214,316.428 -93.65354,42.0282214,316.428 -93.65354,42.0282214,316.428 -93.65354,42.0282214,316.428 -93.65354,42.0282214,316.428 -93.65354,42.0282214,316.428 -93.65354,42.0282214,316.428 -93.65354,42.0282214,316.428 -93.65354,42.0282214,316.428 -93.65354,42.0282214,316.428 -93.65354,42.0282214,316.428 -93.65354,42.0282214,316.428 -93.65354,42.0282214,316.428 -93.65354,42.0282214,316.428 -93.65354,42.0282214,316.428 -93.65354,42.0282214,316.428 -93.65354,42.0282214,316.428 -93.65354,42.0282214,316.428 -93.65354,42.0282214,316.428 -93.65354,42.0282214,316.428 -93.65354,42.0282214,316.428 -93.65354,42.0282214,316.428 -93.65354,42.0282214,316.428 -93.65354,42.0282214,316.428 -93.65354,42.0282214,316.428 -93.65354,42.0282214,316.428 -93.65354,42.0282214,316.428 -93.65354,42.0282214,316.428 -93.65354,42.0282214,316.428 -93.65354,42.0282214,316.428 -93.65354,42.0282214,316.428 -93.65354,42.0282214,316.428 -93.65354,42.0282214,316.428 -93.65354,42.0282214,316.428 -93.65354,42.0282214,316.428 -93.65354,42.0282214,316.428 -93.65354,42.0282214,316.428 -93.65354,42.0282214,316.428 -93.65354,42.0282214,316.428 -93.65354,42.0282214,316.428 -93.65354,42.0282214,316.428 -93.65354,42.0282214,316.428 -93.65354,42.0282214,316.428 -93.65354,42.0282214,316.428 -93.65354,42.0282214,316.428 -93.65354,42.0282214,316.428 -93.65354,42.0282214,316.428 -93.65354,42.0282214,316.428 -93.65354,42.0282214,316.428 -93.65354,42.0282214,316.428 -93.65354,42.0282214,316.428 -93.65354,42.0282214,316.428 -93.65354,42.0282214,316.428 -93.65354,42.0282214,316.428 -93.65354,42.0282214,316.428 -93.65354,42.0282214,316.428 -93.65354,42.0282214,316.428 -93.65354,42.0282214,316.428 -93.65354,42.0282214,316.428 -93.65354,42.0282214,316.428 -93.65354,42.0282214,316.428 -93.65354,42.0282214,316.428 -93.65354,42.0282214,316.428 -93.65354,42.0282214,316.428 -93.65354,42.0282214,316.428 -93.65354,42.0282214,316.428 -93.65354,42.0282214,316.428 -93.65354,42.0282214,316.428 -93.65354,42.0282214,316.428 -93.65354,42.0282214,316.428 -93.65354,42.0282214,316.428 -93.65354,42.0282214,316.428 -93.65354,42.0282214,316.428 -93.65354,42.0282214,316.428 -93.65354,42.0282214,316.428 -93.65354,42.0282214,316.428 -93.65354,42.0282214,316.428 -93.65354,42.0282214,316.428 -93.65354,42.0282214,316.428 -93.65354,42.0282214,316.428 -93.65354,42.0282214,316.428 -93.65354,42.0282214,316.428 -93.65354,42.0282214,316.428 -93.65354,42.0282214,316.428 -93.65354,42.0282214,316.428 -93.65354,42.0282214,316.428 -93.65354,42.0282214,316.428 -93.65354,42.0282214,316.428 -93.65354,42.0282214,316.428 -93.65354,42.0282214,316.428 -93.65354,42.0282214,316.428 -93.65354,42.0282214,316.428 -93.65354,42.0282214,316.428 -93.65354,42.0282214,316.428 -93.65354,42.0282214,316.428 -93.65354,42.0282214,316.428 -93.65354,42.0282214,316.428 -93.65354,42.0282214,316.428 -93.65354,42.0282214,316.428 -93.65354,42.0282214,316.428 -93.65354,42.0282214,316.428 -93.65354,42.0282214,316.428 -93.65354,42.0282214,316.428 -93.65354,42.0282214,316.428 -93.65354,42.0282214,316.428 -93.65354,42.0282214,316.428 -93.65354,42.0282214,316.428 -93.65354,42.0282214,316.428 -93.65354,42.0282214,316.428 -93.65354,42.0282214,316.428 -93.65354,42.0282214,316.428 -93.65354,42.0282214,316.428 -93.65354,42.0282214,316.428 -93.65354,42.0282214,316.428 -93.65354,42.0282214,316.428 -93.65354,42.0282214,316.428 -93.65354,42.0282214,316.428 -93.65354,42.0282214,316.428 -93.65354,42.0282214,316.428 -93.65354,42.0282214,316.428 -93.65354,42.0282214,316.428 -93.65354,42.0282214,316.428 -93.65354,42.0282214,316.428 -93.65354,42.0282214,316.428 -93.65354,42.0282214,316.428 -93.65354,42.0282214,316.428 -93.65354,42.0282214,316.428 -93.65354,42.0282214,316.428 -93.65354,42.0282214,316.428 -93.65354,42.0282214,316.428 -93.65354,42.0282214,316.428 -93.65354,42.0282214,316.428 -93.65354,42.0282214,316.428 -93.65354,42.0282214,316.428 -93.65354,42.0282214,316.428 -93.65354,42.0282214,316.428 -93.65354,42.0282214,316.428 -93.65354,42.0282214,316.428 -93.65354,42.0282214,316.428 -93.65354,42.0282214,316.428 -93.65354,42.0282214,316.428 -93.65354,42.0282214,316.428 -93.65354,42.0282214,316.428 -93.65354,42.0282214,316.428 -93.65354,42.0282214,316.428 -93.65354,42.0282214,316.428 -93.65354,42.0282214,316.428 -93.65354,42.0282214,316.428 -93.65354,42.0282214,316.428 -93.65354,42.0282214,316.428 -93.65354,42.0282214,316.428 -93.65354,42.0282214,316.428 -93.65354,42.0282214,316.428 -93.65354,42.0282214,316.428 -93.65354,42.0282214,316.428 -93.65354,42.0282214,316.428 -93.65354,42.0282214,316.428 -93.65354,42.0282214,316.428 -93.65354,42.0282214,316.428 -93.65354,42.0282214,316.428 -93.65354,42.0282214,316.428 -93.65354,42.0282214,316.428 -93.65354,42.0282214,316.428 -93.65354,42.0282214,316.428 -93.65354,42.0282214,316.428 -93.65354,42.0282214,316.428 -93.65354,42.0282214,316.428 -93.65354,42.0282214,316.428 -93.65354,42.0282214,316.428 -93.65354,42.0282214,316.428 -93.65354,42.0282214,316.428 -93.65354,42.0282214,316.428 -93.65354,42.0282214,316.428 -93.65354,42.0282214,316.428 -93.65354,42.0282214,316.428 -93.65354,42.0282214,316.428 -93.65354,42.0282214,316.428 -93.65354,42.0282214,316.428 -93.65354,42.0282214,316.428 -93.65354,42.0282214,316.428 -93.65354,42.0282214,316.428 -93.65354,42.0282214,316.428 -93.65354,42.0282214,316.428 -93.65354,42.0282214,316.428 -93.65354,42.0282214,316.428 -93.65354,42.0282214,316.428 -93.65354,42.0282214,316.428 -93.65354,42.0282214,316.428 -93.65354,42.0282214,316.428 -93.65354,42.0282214,316.428 -93.65354,42.0282214,316.428 -93.65354,42.0282214,316.428 -93.65354,42.0282214,316.428 -93.65354,42.0282214,316.428 -93.65354,42.0282214,316.428 -93.65354,42.0282214,316.428 -93.65354,42.0282214,316.428 -93.65354,42.0282214,316.428 -93.65354,42.0282214,316.428 -93.65354,42.0282214,316.428 -93.65354,42.0282214,316.428 -93.65354,42.0282214,316.428 -93.65354,42.0282214,316.428 -93.65354,42.0282214,316.428 -93.65354,42.0282214,316.428 -93.65354,42.0282214,316.428 -93.65354,42.0282214,316.428 -93.65354,42.0282214,316.428 -93.65354,42.0282214,316.428 -93.65354,42.0282214,316.428 -93.65354,42.0282214,316.428 -93.65354,42.0282214,316.428 -93.65354,42.0282214,316.428 -93.65354,42.0282214,316.428 -93.65354,42.0282214,316.428 -93.65354,42.0282214,316.428 -93.65354,42.0282214,316.428 -93.65354,42.0282214,316.428 -93.65354,42.0282214,316.428 -93.65354,42.0282214,316.428 -93.65354,42.0282214,316.428 -93.65354,42.0282214,316.428 -93.65354,42.0282214,316.428 -93.65354,42.0282214,316.428 -93.65354,42.0282214,316.428 -93.65354,42.0282214,316.428 -93.65354,42.0282214,316.428 -93.65354,42.0282214,316.428 -93.65354,42.0282214,316.428 -93.65354,42.0282214,316.428 -93.65354,42.0282214,316.428 -93.65354,42.0282214,316.428 -93.65354,42.0282214,316.428 -93.65354,42.0282214,316.428 -93.65354,42.0282214,316.428 -93.65354,42.0282214,316.428 -93.65354,42.0282214,316.428 -93.65354,42.0282214,316.428 -93.65354,42.0282214,316.428 -93.65354,42.0282214,316.428 -93.65354,42.0282214,316.428 -93.65354,42.0282214,316.428 -93.65354,42.0282214,316.428 -93.65354,42.0282214,316.428 -93.65354,42.0282214,316.428 -93.65354,42.0282214,316.428 -93.65354,42.0282214,316.428 -93.65354,42.0282214,316.428 -93.65354,42.0282214,316.428 -93.65354,42.0282214,316.428 -93.65354,42.0282214,316.428 -93.65354,42.0282214,316.428 -93.65354,42.0282214,316.428 -93.65354,42.0282214,316.428 -93.65354,42.0282214,316.428 -93.65354,42.0282214,316.428 -93.65354,42.0282214,316.428 -93.65354,42.0282214,316.428 -93.65354,42.0282214,316.428 -93.65354,42.0282214,316.428 -93.65354,42.0282214,316.428 -93.65354,42.0282214,316.428 -93.65354,42.0282214,316.428 -93.65354,42.0282214,316.428 -93.65354,42.0282214,316.428 -93.65354,42.0282214,316.428 -93.65354,42.0282214,316.428 -93.65354,42.0282214,316.428 -93.65354,42.0282214,316.428 -93.65354,42.0282214,316.428 -93.65354,42.0282214,316.428 -93.65354,42.0282214,316.428 -93.65354,42.0282214,316.428 -93.65354,42.0282214,316.428 -93.65354,42.0282214,316.428 -93.65354,42.0282214,316.428 -93.65354,42.0282214,316.428 -93.65354,42.0282214,316.428 -93.65354,42.0282214,316.428 -93.65354,42.0282214,316.428 -93.65354,42.0282214,316.428 -93.65354,42.0282214,316.428 -93.65354,42.0282214,316.428 -93.65354,42.0282214,316.428 -93.65354,42.0282214,316.428 -93.65354,42.0282214,316.428 -93.65354,42.0282214,316.428 -93.65354,42.0282214,316.428 -93.65354,42.0282214,316.428 -93.65354,42.0282214,316.428 -93.65354,42.0282214,316.428 -93.65354,42.0282214,316.428 -93.65354,42.0282214,316.428 -93.65354,42.0282214,316.428 -93.65354,42.0282214,316.428 -93.65354,42.0282214,316.428 -93.65354,42.0282214,316.428 -93.65354,42.0282214,316.428 -93.65354,42.0282214,316.428 -93.65354,42.0282214,316.428 -93.65354,42.0282214,316.428 -93.65354,42.0282214,316.428 -93.65354,42.0282214,316.428 -93.65354,42.0282214,316.428 -93.65354,42.0282214,316.428 -93.65354,42.0282214,316.428 -93.65354,42.0282214,316.428 -93.65354,42.0282214,316.428 -93.65354,42.0282214,316.428 -93.65354,42.0282214,316.428 -93.65354,42.0282214,316.428 -93.65354,42.0282214,316.428 -93.65354,42.0282214,316.428 -93.65354,42.0282214,316.428 -93.65354,42.0282214,316.428 -93.65354,42.0282214,316.428 -93.65354,42.0282214,316.428 -93.65354,42.0282214,316.428 -93.65354,42.0282214,316.428 -93.65354,42.0282214,316.428 -93.65354,42.0282214,316.428 -93.65354,42.0282214,316.428 -93.65354,42.0282214,316.428 -93.65354,42.0282214,316.428 -93.65354,42.0282214,316.428 -93.65354,42.0282214,316.428 -93.65354,42.0282214,316.428 -93.65354,42.0282214,316.428 -93.65354,42.0282214,316.428 -93.65354,42.0282214,316.428 -93.65354,42.0282214,316.428 -93.65354,42.0282214,316.428 -93.65354,42.0282214,316.428 -93.65354,42.0282214,316.428 -93.65354,42.0282214,316.428 -93.65354,42.0282214,316.428 -93.65354,42.0282214,316.428 -93.65354,42.0282214,316.428 -93.65354,42.0282214,316.428 -93.65354,42.0282214,316.428 -93.65354,42.0282214,316.428 -93.65354,42.0282214,316.428 -93.65354,42.0282214,316.428 -93.65354,42.0282214,316.428 -93.65354,42.0282214,316.428 -93.65354,42.0282214,316.428 -93.65354,42.0282214,316.428 -93.65354,42.0282214,316.428 -93.65354,42.0282214,316.428 -93.65354,42.0282214,316.428 -93.65354,42.0282214,316.428 -93.65354,42.0282214,316.428 -93.65354,42.0282214,316.428 -93.65354,42.0282214,316.428 -93.65354,42.0282214,316.428 -93.65354,42.0282214,316.428 -93.65354,42.0282214,316.428 -93.65354,42.0282214,316.428 -93.65354,42.0282214,316.428 -93.65354,42.0282214,316.428 -93.65354,42.0282214,316.428 -93.65354,42.0282214,316.428 -93.65354,42.0282214,316.428 -93.65354,42.0282214,316.428 -93.65354,42.0282214,316.428 -93.65354,42.0282214,316.428 -93.65354,42.0282214,316.428 -93.65354,42.0282214,316.428 -93.65354,42.0282214,316.428 -93.65354,42.0282214,316.428 -93.65354,42.0282214,316.428 -93.65354,42.0282214,316.428 -93.65354,42.0282214,316.428 -93.65354,42.0282214,316.428 -93.65354,42.0282214,316.428 -93.65354,42.0282214,316.428 -93.65354,42.0282214,316.428 -93.65354,42.0282214,316.428 -93.65354,42.0282214,316.428 -93.65354,42.0282214,316.428 -93.65354,42.0282214,316.428 -93.65354,42.0282214,316.428 -93.65354,42.0282214,316.428 -93.65354,42.0282214,316.428 -93.65354,42.0282214,316.428 -93.65354,42.0282214,316.428 -93.65354,42.0282214,316.428 -93.65354,42.0282214,316.428 -93.65354,42.0282214,316.428 -93.65354,42.0282214,316.428 -93.65354,42.0282214,316.428 -93.65354,42.0282214,316.428 -93.65354,42.0282214,316.428 -93.65354,42.0282214,316.428 -93.65354,42.0282214,316.428 -93.65354,42.0282214,316.428 -93.65354,42.0282214,316.428 -93.65354,42.0282214,316.428 -93.65354,42.0282214,316.428 -93.65354,42.0282214,316.428 -93.65354,42.0282214,316.428 -93.65354,42.0282214,316.428 -93.65354,42.0282214,316.428 -93.65354,42.0282214,316.428 -93.65354,42.0282214,316.428 -93.65354,42.0282214,316.428 -93.65354,42.0282214,316.428 -93.65354,42.0282214,316.428 -93.65354,42.0282214,316.428 -93.65354,42.0282214,316.428 -93.65354,42.0282214,316.428 -93.65354,42.0282214,316.428 -93.65354,42.0282214,316.428 -93.65354,42.0282214,316.428 -93.65354,42.0282214,316.428 -93.65354,42.0282214,316.428 -93.65354,42.0282214,316.428 -93.65354,42.0282214,316.428 -93.65354,42.0282214,316.428 -93.65354,42.0282214,316.428 -93.65354,42.0282214,316.428 -93.65354,42.0282214,316.428 -93.65354,42.0282214,316.428 -93.65354,42.0282214,316.428 -93.65354,42.0282214,316.428 -93.65354,42.0282214,316.428 -93.65354,42.0282214,316.428 -93.65354,42.0282214,316.428 -93.65354,42.0282214,316.428 -93.65354,42.0282214,316.428 -93.65354,42.0282214,316.428 -93.65354,42.0282214,316.428 -93.65354,42.0282214,316.428 -93.65354,42.0282214,316.428 -93.65354,42.0282214,316.428 -93.65354,42.0282214,316.428 -93.65354,42.0282214,316.428 -93.65354,42.0282214,316.428 -93.65354,42.0282214,316.428 -93.65354,42.0282214,316.428 -93.65354,42.0282214,316.428 -93.65354,42.0282214,316.428 -93.65354,42.0282214,316.428 -93.65354,42.0282214,316.428 -93.65354,42.0282214,316.428 -93.65354,42.0282214,316.428 -93.65354,42.0282214,316.428 -93.65354,42.0282214,316.428 -93.65354,42.0282214,316.428 -93.65354,42.0282214,316.428 -93.65354,42.0282214,316.428 -93.65354,42.0282214,316.428 -93.65354,42.0282214,316.428 -93.65354,42.0282214,316.428 -93.65354,42.0282214,316.428 -93.65354,42.0282214,316.428 -93.65354,42.0282214,316.428 -93.65354,42.0282214,316.428 -93.65354,42.0282214,316.428 -93.65354,42.0282214,316.428 -93.65354,42.0282214,316.428 -93.65354,42.0282214,316.428 -93.65354,42.0282214,316.428 -93.65354,42.0282214,316.428 -93.65354,42.0282214,316.428 -93.65354,42.0282214,316.428 -93.65354,42.0282214,316.428 -93.65354,42.0282214,316.428 -93.65354,42.0282214,316.428 -93.65354,42.0282214,316.428 -93.65354,42.0282214,316.428 -93.65354,42.0282214,316.428 -93.65354,42.0282214,316.428 -93.65354,42.0282214,316.428 -93.65354,42.0282214,316.428 -93.65354,42.0282214,316.428 -93.65354,42.0282214,316.428 -93.65354,42.0282214,316.428 -93.65354,42.0282214,316.428 -93.65354,42.0282214,316.428 -93.65354,42.0282214,316.428 -93.65354,42.0282214,316.428 -93.65354,42.0282214,316.428 -93.65354,42.0282214,316.428 -93.65354,42.0282214,316.428 -93.65354,42.0282214,316.428 -93.65354,42.0282214,316.428 -93.65354,42.0282214,316.428 -93.65354,42.0282214,316.428 -93.65354,42.0282214,316.428 -93.65354,42.0282214,316.428 -93.65354,42.0282214,316.428 -93.65354,42.0282214,316.428 -93.65354,42.0282214,316.428 -93.65354,42.0282214,316.428 -93.65354,42.0282214,316.428 -93.65354,42.0282214,316.428 -93.65354,42.0282214,316.428 -93.65354,42.0282214,316.428 -93.65354,42.0282214,316.428 -93.65354,42.0282214,316.428 -93.65354,42.0282214,316.428 -93.65354,42.0282214,316.428 -93.65354,42.0282214,316.428 -93.65354,42.0282214,316.428 -93.65354,42.0282214,316.428 -93.65354,42.0282214,316.428 -93.65354,42.0282214,316.428 -93.65354,42.0282214,316.428 -93.65354,42.0282214,316.428 -93.65354,42.0282214,316.428 -93.65354,42.0282214,316.428 -93.65354,42.0282214,316.428 -93.65354,42.0282214,316.428 -93.65354,42.0282214,316.428 -93.65354,42.0282214,316.428 -93.65354,42.0282214,316.428 -93.65354,42.0282214,316.428 -93.65354,42.0282214,316.428 -93.65354,42.0282214,316.428 -93.65354,42.0282214,316.428 -93.65354,42.0282214,316.428 -93.65354,42.0282214,316.428 -93.65354,42.0282214,316.428 -93.65354,42.0282214,316.428 -93.65354,42.0282214,316.428 -93.65354,42.0282214,316.428 -93.65354,42.0282214,316.428 -93.65354,42.0282214,316.428 -93.65354,42.0282214,316.428 -93.65354,42.0282214,316.428 -93.65354,42.0282214,316.428 -93.65354,42.0282214,316.428 -93.65354,42.0282214,316.428 -93.65354,42.0282214,316.428 -93.65354,42.0282214,316.428 -93.65354,42.0282214,316.428 -93.65354,42.0282214,316.428 -93.65354,42.0282214,316.428 -93.65354,42.0282214,316.428 -93.65354,42.0282214,316.428 -93.65354,42.0282214,316.428 -93.65354,42.0282214,316.428 -93.65354,42.0282214,316.428 -93.65354,42.0282214,316.428 -93.65354,42.0282214,316.428 -93.65354,42.0282214,316.428 -93.65354,42.0282214,316.428 -93.65354,42.0282214,316.428 -93.65354,42.0282214,316.428 -93.65354,42.0282214,316.428 -93.65354,42.0282214,316.428 -93.65354,42.0282214,316.428 -93.65354,42.0282214,316.428 -93.65354,42.0282214,316.428 -93.65354,42.0282214,316.428 -93.65354,42.0282214,316.428 -93.65354,42.0282214,316.428 -93.65354,42.0282214,316.428 -93.65354,42.0282214,316.428 -93.65354,42.0282214,316.428 -93.65354,42.0282214,316.428 -93.65354,42.0282214,316.428 -93.65354,42.0282214,316.428 -93.65354,42.0282214,316.428 -93.65354,42.0282214,316.428 -93.65354,42.0282214,316.428 -93.65354,42.0282214,316.428 -93.65354,42.0282214,316.428 -93.65354,42.0282214,316.428 -93.65354,42.0282214,316.428 -93.65354,42.0282214,316.428 -93.65354,42.0282214,316.428 -93.65354,42.0282214,316.428 -93.65354,42.0282214,316.428 -93.65354,42.0282214,316.428 -93.65354,42.0282214,316.428 -93.65354,42.0282214,316.428 -93.65354,42.0282214,316.428 -93.65354,42.0282214,316.428 -93.65354,42.0282214,316.428 -93.65354,42.0282214,316.428 -93.65354,42.0282214,316.428 -93.65354,42.0282214,316.428 -93.65354,42.0282214,316.428 -93.65354,42.0282214,316.428 -93.65354,42.0282214,316.428 -93.65354,42.0282214,316.428 -93.65354,42.0282214,316.428 -93.65354,42.0282214,316.428 -93.65354,42.0282214,316.428 -93.65354,42.0282214,316.428 -93.65354,42.0282214,316.428 -93.65354,42.0282214,316.428 -93.65354,42.0282214,316.428 -93.65354,42.0282214,316.428 -93.65354,42.0282214,316.428 -93.65354,42.0282214,316.428 -93.65354,42.0282214,316.428 -93.65354,42.0282214,316.428 -93.65354,42.0282214,316.428 -93.65354,42.0282214,316.428 -93.65354,42.0282214,316.428 -93.65354,42.0282214,316.428 -93.65354,42.0282214,316.428 -93.65354,42.0282214,316.428 -93.65354,42.0282214,316.428 -93.65354,42.0282214,316.428 -93.65354,42.0282214,316.428 -93.65354,42.0282214,316.428 -93.65354,42.0282214,316.428 -93.65354,42.0282214,316.428 -93.65354,42.0282214,316.428 -93.65354,42.0282214,316.428 -93.65354,42.0282214,316.428 -93.65354,42.0282214,316.428 -93.65354,42.0282214,316.428 -93.65354,42.0282214,316.428 -93.65354,42.0282214,316.428 -93.65354,42.0282214,316.428 -93.65354,42.0282214,316.428 -93.65354,42.0282214,316.428 -93.65354,42.0282214,316.428 -93.65354,42.0282214,316.428 -93.65354,42.0282214,316.428 -93.65354,42.0282214,316.428 -93.65354,42.0282214,316.428 -93.65354,42.0282214,316.428 -93.65354,42.0282214,316.428 -93.65354,42.0282214,316.428 -93.65354,42.0282214,316.428 -93.65354,42.0282214,316.428 -93.65354,42.0282214,316.428 -93.65354,42.0282214,316.428 -93.65354,42.0282214,316.428 -93.65354,42.0282214,316.428 -93.65354,42.0282214,316.428 -93.65354,42.0282214,316.428 -93.65354,42.0282214,316.428 -93.65354,42.0282214,316.428 -93.65354,42.0282214,316.428 -93.65354,42.0282214,316.428 -93.65354,42.0282214,316.428 -93.65354,42.0282214,316.428 -93.65354,42.0282214,316.428 -93.65354,42.0282214,316.428 -93.65354,42.0282214,316.428 -93.65354,42.0282214,316.428 -93.65354,42.0282214,316.428 -93.65354,42.0282214,316.428 -93.65354,42.0282214,316.428 -93.65354,42.0282214,316.428 -93.65354,42.0282214,316.428 -93.65354,42.0282214,316.428 -93.65354,42.0282214,316.428 -93.65354,42.0282214,316.428 -93.65354,42.0282214,316.428 -93.65354,42.0282214,316.428 -93.65354,42.0282214,316.428 -93.65354,42.0282214,316.428 -93.65354,42.0282214,316.428 -93.65354,42.0282214,316.428 -93.65354,42.0282214,316.428 -93.65354,42.0282214,316.428 -93.65354,42.0282214,316.428 -93.65354,42.0282214,316.428 -93.65354,42.0282214,316.428 -93.65354,42.0282214,316.428 -93.65354,42.0282214,316.428 -93.65354,42.0282214,316.428 -93.65354,42.0282214,316.428 -93.65354,42.0282214,316.428 -93.65354,42.0282214,316.428 -93.65354,42.0282214,316.428 -93.65354,42.0282214,316.428 -93.65354,42.0282214,316.428 -93.65354,42.0282214,316.428 -93.65354,42.0282214,316.428 -93.65354,42.0282214,316.428 -93.65354,42.0282214,316.428 -93.65354,42.0282214,316.428 -93.65354,42.0282214,316.428 -93.65354,42.0282214,316.428 -93.65354,42.0282214,316.428 -93.65354,42.0282214,316.428 -93.65354,42.0282214,316.428 -93.65354,42.0282214,316.428 -93.65354,42.0282214,316.428 -93.65354,42.0282214,316.428 -93.65354,42.0282214,316.428 -93.65354,42.0282214,316.428 -93.65354,42.0282214,316.428 -93.65354,42.0282214,316.428 -93.65354,42.0282214,316.428 -93.65354,42.0282214,316.428 -93.65354,42.0282214,316.428 -93.65354,42.0282214,316.428 -93.65354,42.0282214,316.428 -93.65354,42.0282214,316.428 -93.65354,42.0282214,316.428 -93.65354,42.0282214,316.428 -93.65354,42.0282214,316.428 -93.65354,42.0282214,316.428 -93.65354,42.0282214,316.428 -93.65354,42.0282214,316.428 -93.65354,42.0282214,316.428 -93.65354,42.0282214,316.428 -93.65354,42.0282214,316.428 -93.65354,42.0282214,316.428 -93.65354,42.0282214,316.428 -93.65354,42.0282214,316.428 -93.65354,42.0282214,316.428 -93.65354,42.0282214,316.428 -93.65354,42.0282214,316.428 -93.65354,42.0282214,316.428 -93.65354,42.0282214,316.428 -93.65354,42.0282214,316.428 -93.65354,42.0282214,316.428 -93.65354,42.0282214,316.428 -93.65354,42.0282214,316.428 -93.65354,42.0282214,316.428 -93.65354,42.0282214,316.428 -93.65354,42.0282214,316.428 -93.65354,42.0282214,316.428 -93.65354,42.0282214,316.428 -93.65354,42.0282214,316.428 -93.65354,42.0282214,316.428 -93.65354,42.0282214,316.428 -93.65354,42.0282214,316.428 -93.65354,42.0282214,316.428 -93.65354,42.0282214,316.428 -93.65354,42.0282214,316.428 -93.65354,42.0282214,316.428 -93.65354,42.0282214,316.428 -93.65354,42.0282214,316.428 -93.65354,42.0282214,316.428 -93.65354,42.0282214,316.428 -93.65354,42.0282214,316.428 -93.65354,42.0282214,316.428 -93.65354,42.0282214,316.428 -93.65354,42.0282214,316.428 -93.65354,42.0282214,316.428 -93.65354,42.0282214,316.428 -93.65354,42.0282214,316.428 -93.65354,42.0282214,316.428 -93.65354,42.0282214,316.428 -93.65354,42.0282214,316.428 -93.65354,42.0282214,316.428 -93.65354,42.0282214,316.428 -93.65354,42.0282214,316.428 -93.65354,42.0282214,316.428 -93.65354,42.0282214,316.428 -93.65354,42.0282214,316.428 -93.65354,42.0282214,316.428 -93.65354,42.0282214,316.428 -93.65354,42.0282214,316.428 -93.65354,42.0282214,316.428 -93.65354,42.0282214,316.428 -93.65354,42.0282214,316.428 -93.65354,42.0282214,316.428 -93.65354,42.0282214,316.428 -93.65354,42.0282214,316.428 -93.65354,42.0282214,316.428 -93.65354,42.0282214,316.428 -93.65354,42.0282214,316.428 -93.65354,42.0282214,316.428 -93.65354,42.0282214,316.428 -93.65354,42.0282214,316.428 -93.65354,42.0282214,316.428 -93.65354,42.0282214,316.428 -93.65354,42.0282214,316.428 -93.65354,42.0282214,316.428 -93.65354,42.0282214,316.428 -93.65354,42.0282214,316.428 -93.65354,42.0282214,316.428 -93.65354,42.0282214,316.428 -93.65354,42.0282214,316.428 -93.65354,42.0282214,316.428 -93.65354,42.0282214,316.428 -93.65354,42.0282214,316.428 -93.65354,42.0282214,316.428 -93.65354,42.0282214,316.428 -93.65354,42.0282214,316.428 -93.65354,42.0282214,316.428 -93.65354,42.0282214,316.428 -93.65354,42.0282214,316.428 -93.65354,42.0282214,316.428 -93.65354,42.0282214,316.428 -93.65354,42.0282214,316.428 -93.65354,42.0282214,316.428 -93.65354,42.0282214,316.428 -93.65354,42.0282214,316.428 -93.65354,42.0282214,316.428 -93.65354,42.0282214,316.428 -93.65354,42.0282214,316.428 -93.65354,42.0282214,316.428 -93.65354,42.0282214,316.428 -93.65354,42.0282214,316.428 -93.65354,42.0282214,316.428 -93.65354,42.0282214,316.428 -93.65354,42.0282214,316.428 -93.65354,42.0282214,316.428 -93.65354,42.0282214,316.428 -93.65354,42.0282214,316.428 -93.65354,42.0282214,316.428 -93.65354,42.0282214,316.428 -93.65354,42.0282214,316.428 -93.65354,42.0282214,316.428 -93.65354,42.0282214,316.428 -93.65354,42.0282214,316.428 -93.65354,42.0282214,316.428 -93.65354,42.0282214,316.428 -93.65354,42.0282214,316.428 -93.65354,42.0282214,316.428 -93.65354,42.0282214,316.428 -93.65354,42.0282214,316.428 -93.65354,42.0282214,316.428 -93.65354,42.0282214,316.428 -93.65354,42.0282214,316.428 -93.65354,42.0282214,316.428 -93.65354,42.0282214,316.428 -93.65354,42.0282214,316.428 -93.65354,42.0282214,316.428 -93.65354,42.0282214,316.428 -93.65354,42.0282214,316.428 -93.65354,42.0282214,316.428 -93.65354,42.0282214,316.428 -93.65354,42.0282214,316.428 -93.65354,42.0282214,316.428 -93.65354,42.0282214,316.428 -93.65354,42.0282214,316.428 -93.65354,42.0282214,316.428 -93.65354,42.0282214,316.428 -93.65354,42.0282214,316.428 -93.65354,42.0282214,316.428 -93.65354,42.0282214,316.428 -93.65354,42.0282214,316.428 -93.65354,42.0282214,316.428 -93.65354,42.0282214,316.428 -93.65354,42.0282214,316.428 -93.65354,42.0282214,316.428 -93.65354,42.0282214,316.428 -93.65354,42.0282214,316.428 -93.65354,42.0282214,316.428 -93.65354,42.0282214,316.428 -93.65354,42.0282214,316.428 -93.65354,42.0282214,316.428 -93.65354,42.0282214,316.428 -93.65354,42.0282214,316.428 -93.65354,42.0282214,316.428 -93.65354,42.0282214,316.428 -93.65354,42.0282214,316.428 -93.65354,42.0282214,316.428 -93.65354,42.0282214,316.428 -93.65354,42.0282214,316.428 -93.65354,42.0282214,316.428 -93.65354,42.0282214,316.428 -93.65354,42.0282214,316.428 -93.65354,42.0282214,316.428 -93.65354,42.0282214,316.428 -93.65354,42.0282214,316.428 -93.65354,42.0282214,316.428 -93.65354,42.0282214,316.428 -93.65354,42.0282214,316.428 -93.65354,42.0282214,316.428 -93.65354,42.0282214,316.428 -93.65354,42.0282214,316.428 -93.65354,42.0282214,316.428 -93.65354,42.0282214,316.428 -93.65354,42.0282214,316.428 -93.65354,42.0282214,316.428 -93.65354,42.0282214,316.428 -93.65354,42.0282214,316.428 -93.65354,42.0282214,316.428 -93.65354,42.0282214,316.428 -93.65354,42.0282214,316.428 -93.65354,42.0282214,316.428 -93.65354,42.0282214,316.428 -93.65354,42.0282214,316.428 -93.65354,42.0282214,316.428 -93.65354,42.0282214,316.428 -93.65354,42.0282214,316.428 -93.65354,42.0282214,316.428 -93.65354,42.0282214,316.428 -93.65354,42.0282214,316.428 -93.65354,42.0282214,316.428 -93.65354,42.0282214,316.428 -93.65354,42.0282214,316.428 -93.65354,42.0282214,316.428 -93.65354,42.0282214,316.428 -93.65354,42.0282214,316.428 -93.65354,42.0282214,316.428 -93.65354,42.0282214,316.428 -93.65354,42.0282214,316.428 -93.65354,42.0282214,316.428 -93.65354,42.0282214,316.428 -93.65354,42.0282214,316.428 -93.65354,42.0282214,316.428 -93.65354,42.0282214,316.428 -93.65354,42.0282214,316.428 -93.65354,42.0282214,316.428 -93.65354,42.0282214,316.428 -93.65354,42.0282214,316.428 -93.65354,42.0282214,316.428 -93.65354,42.0282214,316.428 -93.65354,42.0282214,316.428 -93.65354,42.0282214,316.428 -93.65354,42.0282214,316.428 -93.65354,42.0282214,316.428 -93.65354,42.0282214,316.428 -93.65354,42.0282214,316.428 -93.65354,42.0282214,316.428 -93.65354,42.0282214,316.428 -93.65354,42.0282214,316.428 -93.65354,42.0282214,316.428 -93.65354,42.0282214,316.428 -93.65354,42.0282214,316.428 -93.65354,42.0282214,316.428 -93.65354,42.0282214,316.428 -93.65354,42.0282214,316.428 -93.65354,42.0282214,316.428 -93.65354,42.0282214,316.428 -93.65354,42.0282214,316.428 -93.65354,42.0282214,316.428 -93.65354,42.0282214,316.428 -93.65354,42.0282214,316.428 -93.65354,42.0282214,316.428 -93.65354,42.0282214,316.428 -93.65354,42.0282214,316.428 -93.65354,42.0282214,316.428 -93.65354,42.0282214,316.428 -93.65354,42.0282214,316.428 -93.65354,42.0282214,316.428 -93.65354,42.0282214,316.428 -93.65354,42.0282214,316.428 -93.65354,42.0282214,316.428 -93.65354,42.0282214,316.428 -93.65354,42.0282214,316.428 -93.65354,42.0282214,316.428 -93.65354,42.0282214,316.428 -93.65354,42.0282214,316.428 -93.65354,42.0282214,316.428 -93.65354,42.0282214,316.428 -93.65354,42.0282214,316.428 -93.65354,42.0282214,316.428 -93.65354,42.0282214,316.428 -93.65354,42.0282214,316.428 -93.65354,42.0282214,316.428 -93.65354,42.0282214,316.428 -93.65354,42.0282214,316.428 -93.65354,42.0282214,316.428 -93.65354,42.0282214,316.428 -93.65354,42.0282214,316.428 -93.65354,42.0282214,316.428 -93.65354,42.0282214,316.428 -93.65354,42.0282214,316.428 -93.65354,42.0282214,316.428 -93.65354,42.0282214,316.428 -93.65354,42.0282214,316.428 -93.65354,42.0282214,316.428 -93.65354,42.0282214,316.428 -93.65354,42.0282214,316.428 -93.65354,42.0282214,316.428 -93.65354,42.0282214,316.428 -93.65354,42.0282214,316.428 -93.65354,42.0282214,316.428 -93.65354,42.0282214,316.428 -93.65354,42.0282214,316.428 -93.65354,42.0282214,316.428 -93.65354,42.0282214,316.428 -93.65354,42.0282214,316.428 -93.65354,42.0282214,316.428 -93.65354,42.0282214,316.428 -93.65354,42.0282214,316.428 -93.65354,42.0282214,316.428 -93.65354,42.0282214,316.428 -93.65354,42.0282214,316.428 -93.65354,42.0282214,316.428 -93.65354,42.0282214,316.428 -93.65354,42.0282214,316.428 -93.65354,42.0282214,316.428 -93.65354,42.0282214,316.428 -93.65354,42.0282214,316.428 -93.65354,42.0282214,316.428 -93.65354,42.0282214,316.428 -93.65354,42.0282214,316.428 -93.65354,42.0282214,316.428 -93.65354,42.0282214,316.428 -93.65354,42.0282214,316.428 -93.65354,42.0282214,316.428 -93.65354,42.0282214,316.428 -93.65354,42.0282214,316.428 -93.65354,42.0282214,316.428 -93.65354,42.0282214,316.428 -93.65354,42.0282214,316.428 -93.65354,42.0282214,316.428 -93.65354,42.0282214,316.428 -93.65354,42.0282214,316.428 -93.65354,42.0282214,316.428 -93.65354,42.0282214,316.428 -93.65354,42.0282214,316.428 -93.65354,42.0282214,316.428 -93.65354,42.0282214,316.428 -93.65354,42.0282214,316.428 -93.65354,42.0282214,316.428 -93.65354,42.0282214,316.428 -93.65354,42.0282214,316.428 -93.65354,42.0282214,316.428 -93.65354,42.0282214,316.428 -93.65354,42.0282214,316.428 -93.65354,42.0282214,316.428 -93.65354,42.0282214,316.428 -93.65354,42.0282214,316.428 -93.65354,42.0282214,316.428 -93.65354,42.0282214,316.428 -93.65354,42.0282214,316.428 -93.65354,42.0282214,316.428 -93.65354,42.0282214,316.428 -93.65354,42.0282214,316.428 -93.65354,42.0282214,316.428 -93.65354,42.0282214,316.428 -93.65354,42.0282214,316.428 -93.65354,42.0282214,316.428 -93.65354,42.0282214,316.428 -93.65354,42.0282214,316.428 -93.65354,42.0282214,316.428 -93.65354,42.0282214,316.428 -93.65354,42.0282214,316.428 -93.65354,42.0282214,316.428 -93.65354,42.0282214,316.428 -93.65354,42.0282214,316.428 -93.65354,42.0282214,316.428 -93.65354,42.0282214,316.428 -93.65354,42.0282214,316.428 -93.65354,42.0282214,316.428 -93.65354,42.0282214,316.428 -93.65354,42.0282214,316.428 -93.65354,42.0282214,316.428 -93.65354,42.0282214,316.428 -93.65354,42.0282214,316.428 -93.65354,42.0282214,316.428 -93.65354,42.0282214,316.428 -93.65354,42.0282214,316.428 -93.65354,42.0282214,316.428 -93.65354,42.0282214,316.428 -93.65354,42.0282214,316.428 -93.65354,42.0282214,316.428 -93.65354,42.0282214,316.428 -93.65354,42.0282214,316.428 -93.65354,42.0282214,316.428 -93.65354,42.0282214,316.428 -93.65354,42.0282214,316.428 -93.65354,42.0282214,316.428 -93.65354,42.0282214,316.428 -93.65354,42.0282214,316.428 -93.65354,42.0282214,316.428 -93.65354,42.0282214,316.428 -93.65354,42.0282214,316.428 -93.65354,42.0282214,316.428 -93.65354,42.0282214,316.428 -91.970405,41.5854424,264.668 -91.967523,41.5835822,-236.501 -91.9674836,41.5835208,-241.38 -91.9695491,41.5781334,-43.323 -91.9695478,41.5781967,-39.196 -91.9695326,41.5781196,0.297 -91.9695307,41.5781411,-2.172 -91.968167,41.5795128,-175.707 -91.9681873,41.5794956,-177.146 -91.970997,41.5802069,-249.889 -91.971015,41.5802034,-250.108 -91.9701366,41.5850644,15.024 -91.9701385,41.5850625,14.283 -91.9717218,41.5732369,516.132 -91.9711725,41.5728281,117.493 -91.9711781,41.572851,117.371 -91.9711757,41.572893,113.448 -91.9711721,41.5728957,114.81 -91.9721504,41.5738989,265.143 -91.9711409,41.5728479,116.279 -91.9711399,41.5728274,117.55 -91.9711439,41.5728066,118.347 -91.9711174,41.5728482,112.652 -91.9795419,41.5680097,1253.628 -91.9733482,41.5753616,-356.213 -91.9732359,41.5752318,-335.543 -91.9732156,41.5752193,-331.312 -91.9712692,41.5730477,-75.705 -91.9712725,41.5730744,-73.031 -91.9690145,41.5706686,-146.58 -91.9690291,41.5706696,-144.067 -91.96905,41.5706743,-142.638 -91.9695165,41.5712068,-198.035 -91.9690126,41.5706639,-145.188 -91.9690142,41.5706449,-142.694 -91.9690242,41.5706408,-144.334 -91.9690076,41.570653,-158.254 -91.9690328,41.5706665,-143.781 -91.9690202,41.5706646,-156.125 -91.9728918,41.5749246,-503.472 -91.9727804,41.5748618,-602.909 -91.9727957,41.5748978,-598.464 -91.9727829,41.5748922,-602.286 -91.9711173,41.5748423,-640.518 -91.9711298,41.5748548,-637.719 -91.9728091,41.57493,-582.025 -91.9728149,41.574961,-578.533 -91.9691017,41.5708104,-144.237 -91.9691033,41.5707598,-139.694 -91.9665123,41.5716087,-510.721 -91.9763932,41.571207,530.26 -91.9708312,41.5720725,1200.763 -91.9708509,41.5720906,1204.717 -91.9707827,41.5720518,1185.957 -91.9707872,41.5720415,1185.236 -91.9705873,41.5718065,1244.707 -91.9739625,41.5758022,254.148 -91.973975,41.5758276,258.26 -91.9739669,41.5758434,259.994 -91.9739444,41.5758653,262.814 -91.9739339,41.5758875,266.292 -91.9739233,41.5759096,269.771 -91.9739128,41.5759318,273.249 -91.9739093,41.5759392,274.408 -91.9739093,41.5759392,274.408 -91.9739093,41.5759392,274.408 -91.9739093,41.5759392,274.408 -91.9739093,41.5759392,274.408 -91.974232,41.5753929,283.821 -91.974228,41.5753877,282.877 -91.9742104,41.5753962,283.31 -91.9742271,41.5753942,284.168 -91.9742196,41.5753909,283.662 -91.9742359,41.5753984,288.061 -91.9742448,41.5753916,289.051 -91.9742621,41.5753782,289.379 -91.9743117,41.5753384,291.209 -91.9743046,41.575341,291.56 -91.9742917,41.5753358,292.342 -91.974267,41.5753272,293.926 -91.9742655,41.5753198,294.331 -91.974264,41.5753123,294.735 -91.9742625,41.5753049,295.14 -91.9739349,41.5757592,255.196 -91.9739484,41.5757701,259.264 -91.9739532,41.5757671,256.478 -91.9739628,41.575764,256.755 -91.97396,41.5757605,255.638 -91.9739596,41.575762,256.228 -91.9739575,41.5757612,256.984 -91.9739612,41.575758,257.617 -91.9739639,41.5757634,258.358 -91.9739648,41.5757699,258.8 -91.9739647,41.5757766,258.859 -91.973964,41.5757863,258.893 -91.973961,41.5757871,257.573 -91.9739577,41.5757773,255.275 -91.9739558,41.5757856,255.45 -91.9739532,41.5757889,254.718 -91.9739511,41.5757912,254.026 -91.9739523,41.5757979,253.936 -91.973953,41.5757957,253.424 -91.9739558,41.5757998,253.319 -91.9739574,41.5757962,252.53 -91.9739562,41.5757917,251.601 -91.9739592,41.5757924,251.933 -91.9739616,41.5757982,252.532 -91.9739643,41.5758028,252.918 -91.9739657,41.5758073,253.261 -91.9739677,41.5758115,253.358 -91.9739674,41.5758044,252.737 -91.9739675,41.5757999,252.074 -91.9739685,41.5757985,251.611 -91.9739688,41.5757884,249.846 -91.9739695,41.5757888,249.432 -91.9739726,41.5757919,249.795 -91.9739744,41.5757952,249.818 -91.9739792,41.5758009,250.732 -91.9739789,41.5757927,249.323 -91.9739793,41.5757928,249.023 -91.9739785,41.5757903,248.388 -91.9739774,41.5757876,247.753 -91.9739775,41.5757871,247.51 -91.9739802,41.5757862,247.665 -91.9739792,41.5757838,247.108 -91.9739779,41.5757828,246.912 -91.9739781,41.5757815,246.942 -91.9739792,41.5757837,247.018 -91.9739771,41.5757834,246.497 -91.9739767,41.5757819,246.286 -91.9739762,41.5757805,245.594 -91.9739745,41.575782,244.922 -91.9739744,41.5757805,244.515 -91.9739756,41.5757841,244.522 -91.9739748,41.5757858,244.068 -91.9739745,41.5757864,243.771 -91.9739771,41.5757869,243.733 -91.9739766,41.5757873,243.955 -91.9739767,41.5757864,243.918 -91.9739753,41.5757849,244.115 -91.97397,41.5757857,242.437 -91.973968,41.5757845,240.87 -91.9739649,41.5757829,239.462 -91.9739623,41.5757825,238.576 -91.9739618,41.5757809,237.707 -91.9739616,41.5757809,237.031 -91.9739593,41.5757803,236.293 -91.9739572,41.575781,235.745 -91.9739531,41.5757791,234.817 -91.9739538,41.5757799,234.66 -91.9739511,41.5757781,233.833 -91.9739513,41.5757756,233.496 -91.9739526,41.5757742,233.629 -91.973952,41.5757727,233.285 -91.9739494,41.5757701,232.674 -91.9739492,41.5757699,232.201 -91.9739514,41.5757715,232.048 -91.9739537,41.5757725,232.293 -91.9739523,41.5757717,232.184 -91.9739503,41.5757696,231.907 -91.9739537,41.5757726,232.381 -91.9739568,41.5757735,232.832 -91.9739589,41.5757692,232.512 -91.9739619,41.5757685,232.957 -91.9739594,41.5757665,232.421 -91.9739549,41.5757626,231.453 -91.9739522,41.5757624,231.212 -91.9739532,41.5757619,230.672 -91.9739503,41.5757679,230.406 -91.9739431,41.575761,229.202 -91.9739451,41.5757573,229.733 -91.9739439,41.5757541,229.728 -91.9739417,41.575753,229.759 -91.9739402,41.5757506,229.773 -91.9739398,41.5757494,229.659 -91.9739416,41.5757483,229.615 -91.9739392,41.5757478,229.713 -91.9739384,41.5757476,229.808 -91.9739399,41.5757482,230.113 -91.9739379,41.5757465,229.755 -91.9739345,41.5757454,229.326 -91.9739345,41.5757443,229.48 -91.9739351,41.5757441,229.874 -91.973934,41.5757432,229.796 -91.9739342,41.5757432,229.886 -91.9739347,41.5757429,229.72 -91.9739334,41.5757426,229.496 -91.9739315,41.5757445,229.554 -91.9739301,41.5757446,229.242 -91.9739292,41.575745,229.217 -91.9739287,41.5757458,229.339 -91.9739261,41.5757467,229.195 -91.9739248,41.5757472,228.906 -91.9739233,41.5757471,228.846 -91.9739243,41.5757475,228.722 -91.9739287,41.5757486,229.15 -91.9739299,41.575749,229.017 -91.9739318,41.5757501,228.903 -91.9739345,41.5757515,229.139 -91.973932,41.5757518,229.186 -91.9739337,41.5757512,229.416 -91.9739355,41.5757508,229.712 -91.9739348,41.5757495,229.678 -91.9739358,41.5757486,229.815 -91.973936,41.5757472,229.357 -91.9739352,41.5757466,229.07 -91.9739367,41.5757473,229.019 -91.973937,41.5757473,228.938 -91.9739386,41.5757489,229.047 -91.973938,41.5757499,228.801 -91.9739393,41.5757529,228.928 -91.9739367,41.5757533,228.376 -91.973936,41.5757551,228.383 -91.9739356,41.5757561,228.364 -91.973937,41.5757555,228.584 -91.9739376,41.5757547,228.547 -91.9739403,41.5757568,228.601 -91.9739418,41.5757575,228.746 -91.9739402,41.5757582,228.675 -91.9739409,41.5757589,228.69 -91.9739396,41.5757588,228.476 -91.9739394,41.5757585,228.225 -91.9739359,41.5757565,227.633 -91.9739333,41.5757552,227.128 -91.973937,41.575756,227.301 -91.9739372,41.5757569,227.25 -91.9739359,41.5757562,226.974 -91.9739363,41.5757578,227.22 -91.9739363,41.5757552,227.041 -91.9739356,41.5757542,226.859 -91.9739332,41.5757551,226.684 -91.9739309,41.5757544,226.354 -91.9739323,41.5757549,226.509 -91.9739323,41.5757547,226.446 -91.9739323,41.5757538,226.379 -91.9739336,41.5757537,226.104 -91.9739346,41.5757539,226.044 -91.9739338,41.5757541,226.059 -91.9739331,41.5757541,226.072 -91.9739317,41.5757553,226.2 -91.9739309,41.5757568,226.355 -91.9739296,41.5757565,226.552 -91.9739301,41.5757558,226.52 -91.9739327,41.5757561,226.732 -91.9739351,41.5757571,226.909 -91.9739379,41.5757573,227.225 -91.9739395,41.5757576,227.666 -91.9739397,41.5757578,227.562 -91.9739417,41.5757583,227.599 -91.9739428,41.5757575,227.919 -91.9739407,41.5757552,227.893 -91.9739414,41.5757547,228.078 -91.9739407,41.5757538,227.981 -91.9739392,41.5757499,227.243 -91.9739374,41.5757483,226.788 -91.9739374,41.5757504,227.061 -91.9739357,41.5757504,227.106 -91.9739334,41.5757507,227.071 -91.9739346,41.5757536,227.303 -91.9739357,41.5757542,227.489 -91.9739393,41.5757552,228.187 -91.9739414,41.575756,228.215 -91.9739381,41.575756,228.08 -91.9739346,41.5757547,227.72 -91.9739348,41.5757543,227.894 -91.9739339,41.575754,227.843 -91.9739326,41.575755,227.75 -91.9739303,41.5757551,227.315 -91.9739305,41.5757552,227.427 -91.9739288,41.5757559,227.026 -91.9739257,41.5757575,226.495 -91.9739248,41.5757588,226.169 -91.9739224,41.5757569,225.863 -91.9739203,41.5757552,225.698 -91.9739231,41.5757555,225.541 -91.9739234,41.5757552,225.424 -91.973925,41.5757554,225.627 -91.9739268,41.5757557,225.361 -91.9739256,41.5757534,224.659 -91.9739279,41.5757529,224.754 -91.9739275,41.5757539,224.672 -91.9739264,41.575756,224.907 -91.9739245,41.5757566,224.685 -91.9739235,41.5757598,224.894 -91.9739221,41.5757604,224.969 -91.9739205,41.575761,224.786 -91.9739221,41.575763,225.74 -91.973923,41.5757637,225.737 -91.9739241,41.5757649,225.9 -91.9739252,41.5757658,226.229 -91.9739251,41.5757657,226.221 -91.9739268,41.5757661,226.125 -91.9739267,41.5757657,225.898 -91.9739274,41.5757667,225.954 -91.973927,41.5757661,225.455 -91.9739282,41.5757668,225.677 -91.973928,41.5757662,225.245 -91.9739302,41.5757659,225.479 -91.9739299,41.575765,225.113 -91.9739303,41.5757665,225.346 -91.9739318,41.5757666,225.665 -91.9739314,41.5757651,225.56 -91.9739244,41.5757635,224.649 -91.9739206,41.5757609,223.737 -91.9739181,41.575759,223.325 -91.9739159,41.5757579,223.355 -91.9739155,41.575757,223.469 -91.9739145,41.5757559,223.364 -91.9739128,41.5757552,223.19 -91.9739113,41.5757555,222.917 -91.9739118,41.5757551,222.985 -91.9739116,41.5757533,222.879 -91.9739114,41.5757527,222.99 -91.9739134,41.5757521,223.573 -91.973912,41.5757516,223.088 -91.9739098,41.5757507,223.002 -91.9739093,41.57575,222.96 -91.9739085,41.57575,222.961 -91.9739091,41.5757514,223.282 -91.9739111,41.5757516,223.601 -91.9739114,41.5757514,223.996 -91.9739106,41.5757499,223.751 -91.9739118,41.5757496,223.679 -91.9739125,41.5757483,223.34 -91.9739141,41.5757465,223.285 -91.9739137,41.5757453,223.284 -91.9739165,41.5757464,223.886 -91.9739175,41.5757479,224.289 -91.9739179,41.5757486,224.684 -91.9739172,41.5757508,224.605 -91.9739164,41.5757509,224.639 -91.9739159,41.5757503,224.416 -91.9739167,41.5757501,224.219 -91.9739196,41.5757504,224.169 -91.9739185,41.5757492,223.859 -91.9739174,41.5757495,223.609 -91.973916,41.5757486,223.361 -91.9739165,41.575748,223.511 -91.973916,41.5757493,223.538 -91.9739147,41.5757512,223.343 -91.973917,41.5757517,223.52 -91.9739194,41.5757524,223.902 -91.9739189,41.5757516,223.771 -91.9739197,41.5757516,224.065 -91.9739152,41.5757522,223.82 -91.9739171,41.5757537,224.237 -91.9739188,41.5757543,224.396 -91.9739196,41.5757539,224.54 -91.9739184,41.5757536,224.256 -91.9739209,41.5757527,224.47 -91.9739204,41.5757536,224.884 -91.9739194,41.5757527,224.617 -91.973919,41.5757527,224.877 -91.9739203,41.575753,225.425 -91.973921,41.5757527,225.72 -91.9739209,41.5757528,225.732 -91.9739222,41.5757525,225.632 -91.973924,41.5757541,225.517 -91.9739231,41.5757536,225.515 -91.9739216,41.5757534,225.263 -91.9739237,41.575753,225.734 -91.973926,41.5757539,225.814 -91.9739266,41.5757534,225.708 -91.9739242,41.5757511,224.984 -91.9739226,41.5757492,224.389 -91.9739245,41.5757482,224.683 -91.9739229,41.5757478,224.186 -91.9739227,41.575747,224.312 -91.9739226,41.575748,224.488 -91.9739233,41.575748,224.812 -91.9739239,41.5757485,225.265 -91.9739239,41.5757482,225.448 -91.9739219,41.5757487,225.661 -91.9739208,41.5757485,225.214 -91.9739201,41.5757484,224.874 -91.9739219,41.5757486,225.116 -91.9739194,41.5757493,224.938 -91.9739198,41.5757498,224.937 -91.9739191,41.5757496,225.27 -91.9739206,41.5757487,225.581 -91.9739249,41.5757471,225.97 -91.9739237,41.5757446,226.034 -91.9739255,41.575744,226.44 -91.9739275,41.5757455,227.294 -91.9739272,41.5757451,227.719 -91.9739268,41.5757435,227.88 -91.9739251,41.5757446,228.241 -91.9739269,41.5757453,228.548 -91.9739282,41.5757449,228.671 -91.973927,41.5757446,227.899 -91.9739265,41.5757456,227.587 -91.9739235,41.5757456,227.139 -91.9739241,41.5757447,227.191 -91.9739254,41.5757453,227.229 -91.9739264,41.5757465,227.496 -91.9739273,41.5757461,227.72 -91.973927,41.575747,228.092 -91.9739271,41.5757466,228.267 -91.9739273,41.5757473,228.111 -91.9739273,41.5757463,227.7 -91.9739265,41.5757463,227.684 -91.9739253,41.5757457,227.613 -91.9739257,41.5757458,227.985 -91.9739265,41.575747,228.775 -91.9739272,41.5757494,229.028 -91.9739292,41.575751,229.487 -91.9739302,41.5757501,229.744 -91.9739307,41.5757504,230.177 -91.9739291,41.5757495,229.952 -91.9739281,41.5757507,229.957 -91.9739301,41.5757512,230.405 -91.9739321,41.5757521,230.724 -91.9739329,41.5757526,230.418 -91.9739326,41.5757525,230.045 -91.9739333,41.5757521,229.729 -91.973934,41.5757535,229.729 -91.9739338,41.5757539,229.619 -91.973932,41.575752,229.64 -91.97393,41.5757505,229.58 -91.9739297,41.5757504,229.465 -91.973927,41.5757498,229.407 -91.9739236,41.5757487,229.463 -91.9739218,41.5757472,229.445 -91.9739216,41.5757463,229.503 -91.9739211,41.5757462,229.328 -91.9739198,41.5757468,228.917 -91.9739199,41.5757478,229.042 -91.973921,41.5757478,229.191 -91.9739212,41.5757477,229.378 -91.9739226,41.5757484,229.866 -91.9739218,41.5757478,229.909 -91.9739211,41.5757465,229.815 -91.97392,41.5757464,230.06 -91.9739188,41.5757475,230.007 -91.9739194,41.575749,230.092 -91.9739203,41.5757498,229.82 -91.9739215,41.5757503,229.913 -91.973922,41.5757493,229.729 -91.9739207,41.5757495,229.505 -91.9739196,41.5757496,229.277 -91.9739169,41.5757495,229.147 -91.973916,41.5757511,228.921 -91.9739157,41.5757535,228.617 -91.9739158,41.5757551,228.348 -91.9739151,41.5757539,228.817 -91.9739153,41.5757548,228.708 -91.9739155,41.5757543,229.015 -91.9739138,41.5757547,228.767 -91.9739129,41.5757549,228.59 -91.9739128,41.5757554,228.607 -91.9739128,41.5757548,228.567 -91.9739136,41.5757545,228.618 -91.9739137,41.5757551,227.928 -91.9739157,41.5757542,228.171 -91.9739176,41.5757546,228.39 -91.9739196,41.5757567,228.442 -91.9739212,41.575757,228.482 -91.9739224,41.5757556,228.201 -91.9739229,41.5757551,227.928 -91.9739241,41.5757571,228.291 -91.9739265,41.5757575,228.718 -91.9739274,41.5757578,228.806 -91.9739271,41.5757588,228.722 -91.9739268,41.5757586,228.966 -91.9739279,41.5757583,228.853 -91.9739289,41.5757576,229.055 -91.97393,41.5757581,229.289 -91.9739289,41.5757577,229.012 -91.9739295,41.5757563,229.274 -91.9739306,41.5757556,229.266 -91.9739315,41.5757553,229.223 -91.9739326,41.5757563,229.11 -91.9739323,41.5757561,228.847 -91.9739327,41.5757562,228.806 -91.9739343,41.5757562,228.551 -91.973933,41.5757567,228.215 -91.9739317,41.5757561,227.94 -91.9739297,41.5757554,228.0 -91.9739256,41.5757513,228.043 -91.9739226,41.5757488,227.999 -91.9739203,41.5757473,227.589 -91.973917,41.5757456,227.032 -91.9739172,41.575746,226.799 -91.9739173,41.575745,226.977 -91.9739168,41.5757454,226.433 -91.9739192,41.5757473,226.62 -91.9739203,41.5757484,226.918 -91.973922,41.5757489,227.15 -91.9739216,41.5757494,227.094 -91.9739208,41.5757504,227.138 -91.9739191,41.5757492,227.272 -91.9739195,41.5757496,227.787 -91.9739179,41.5757492,227.916 -91.9739177,41.5757499,227.884 -91.9739157,41.5757503,227.46 -91.9739163,41.5757509,227.189 -91.9739175,41.575751,227.113 -91.9739174,41.5757518,226.91 -91.9739169,41.5757523,227.502 -91.9739168,41.5757525,227.736 -91.9739159,41.575753,227.716 -91.9739164,41.5757536,227.536 -91.9739157,41.5757538,227.659 -91.973915,41.5757536,227.816 -91.9739141,41.5757526,227.595 -91.9739147,41.5757534,227.673 -91.9739136,41.5757529,227.468 -91.9739139,41.5757531,227.408 -91.9739149,41.5757531,227.089 -91.9739143,41.5757524,226.85 -91.9739143,41.575751,227.032 -91.9739132,41.5757508,226.525 -91.9739133,41.5757509,226.394 -91.9739138,41.5757513,226.323 -91.9739137,41.5757511,226.53 -91.9739137,41.5757507,226.483 -91.9739147,41.5757501,227.068 -91.9739154,41.5757495,226.878 -91.9739154,41.5757502,226.701 -91.973916,41.5757501,226.28 -91.9739177,41.5757489,226.245 -91.9739169,41.5757483,226.276 -91.9739172,41.575748,226.465 -91.9739178,41.575748,226.87 -91.9739188,41.5757481,227.588 -91.9739184,41.5757483,227.873 -91.9739185,41.5757488,227.897 -91.9739176,41.5757488,227.884 -91.9739166,41.5757477,227.812 -91.9739168,41.5757464,227.396 -91.9739171,41.5757409,226.51 -91.9739168,41.5757405,226.931 -91.9739145,41.5757411,227.176 -91.9739133,41.5757412,227.255 -91.9739121,41.5757417,226.805 -91.9739115,41.5757416,226.672 -91.9739116,41.5757418,226.442 -91.9739111,41.5757417,226.477 -91.973911,41.5757418,226.513 -91.9739105,41.5757424,226.445 -91.9739106,41.5757436,226.373 -91.9739123,41.5757448,226.229 -91.9739129,41.575745,225.912 -91.9739142,41.5757456,225.703 -91.9739158,41.5757462,225.951 -91.9739157,41.575747,226.155 -91.9739161,41.5757475,226.517 -91.9739162,41.5757488,226.435 -91.9739173,41.5757484,226.495 -91.9739177,41.5757496,226.476 -91.9739177,41.5757506,226.741 -91.9739169,41.5757502,226.734</coordinates>
            </LineString>
        </Placemark>
    </Document>
</kml>
