<?xml version="1.0" encoding="UTF-8"?>
<kml xmlns="http://www.opengis.net/kml/2.2" xmlns:gx="http://www.google.com/kml/ext/2.2">
    <Document id="1">
        <Style id="4">
            <LineStyle id="5">
                <color>ff008000</color>
                <colorMode>normal</colorMode>
                <width>5</width>
            </LineStyle>
            <PolyStyle id="6">
                <color>ff00a5ff</color>
                <colorMode>normal</colorMode>
                <fill>1</fill>
                <outline>1</outline>
            </PolyStyle>
        </Style>
        <Placemark id="3">
            <name>LX-179-B</name>
            <styleUrl>#4</styleUrl>
            <LineString id="2">
                <extrude>1</extrude>
                <altitudeMode>relativeToGround</altitudeMode>
                <coordinates>-93.6539646,42.027178,113.64420148656573 -93.653964,42.027185,113.64420148656573 -93.6539628,42.0271914,113.64420148656573 -93.6539613,42.0271927,113.46830025577567 -93.6539612,42.0271904,113.46830025577567 -93.6539602,42.0271863,113.64420148656573 -93.6539592,42.027182,113.64420148656573 -93.6539585,42.0271779,113.64420148656573 -93.6539592,42.0271741,113.64420148656573 -93.653959,42.0271706,113.64420148656573 -93.6539572,42.0271655,113.46830025577567 -93.6539574,42.027162,113.64420148656573 -93.6539584,42.0271566,113.64420148656573 -93.653957,42.0271509,113.64420148656573 -93.6539556,42.0271458,113.46830025577567 -93.6539528,42.0271412,113.46830025577567 -93.6539504,42.027138,113.46830025577567 -93.6539487,42.0271368,113.64420148656573 -93.6539476,42.027135,113.64420148656573 -93.6539458,42.0271317,113.64420148656573 -93.6539455,42.0271309,113.64420148656573 -93.6539457,42.0271295,113.46830025577567 -93.6539431,42.0271328,113.46830025577567 -93.6539446,42.0271292,113.46830025577567 -93.6539456,42.0271381,113.99601261555712 -93.6539447,42.0271411,113.99601261555712 -93.6539448,42.0271451,113.99601261555712 -93.6539464,42.0271432,113.82010560645399 -93.6539454,42.0271438,113.82010560645399 -93.6539452,42.0271444,113.82010560645399 -93.6539441,42.0271417,113.82010560645399 -93.6539427,42.0271434,113.99601261555712 -93.653946,42.0271431,113.99601261555712 -93.653944,42.0271507,113.99601261555712 -93.6539428,42.0271537,113.99601261555712 -93.6539427,42.0271579,113.82010560645399 -93.6539449,42.0271574,113.82010560645399 -93.6539469,42.0271585,113.82010560645399 -93.6539464,42.0271619,113.99601261555712 -93.6539477,42.0271638,113.99601261555712 -93.6539516,42.0271638,113.99601261555712 -93.6539527,42.0271646,113.82010560645399 -93.6539547,42.0271669,113.99601261555712 -93.6539557,42.0271651,113.99601261555712 -93.6539569,42.0271623,113.99601261555712 -93.653958,42.0271623,113.82010560645399 -93.6539579,42.0271645,113.99601261555712 -93.6539573,42.027166,113.99601261555712 -93.6539573,42.027167,113.82010560645399 -93.6539596,42.027167,113.99601261555712 -93.6539614,42.027165,113.99601261555712 -93.6539632,42.0271647,113.99601261555712 -93.6539645,42.0271653,113.99601261555712 -93.6539645,42.0271661,113.82010560645399 -93.6539647,42.027165,114.17192251397657 -93.6539646,42.0271646,113.99601261555712 -93.6539635,42.0271644,113.99601261555712 -93.6539629,42.0271654,113.82010560645399 -93.6539637,42.027164,113.82010560645399 -93.6539643,42.0271611,113.99601261555712 -93.6539633,42.0271595,113.99601261555712 -93.6539621,42.0271567,113.99601261555712 -93.6539612,42.027156,113.82010560645399 -93.6539599,42.0271554,113.82010560645399 -93.6539586,42.0271574,113.82010560645399 -93.6539571,42.0271571,113.99601261555712 -93.6539555,42.0271542,113.82010560645399 -93.6539551,42.0271571,113.82010560645399 -93.653955,42.0271558,113.82010560645399 -93.6539559,42.0271554,113.64420148656573 -93.6539555,42.0271566,113.82010560645399 -93.6539557,42.027156,113.82010560645399 -93.6539559,42.0271585,113.82010560645399 -93.6539558,42.0271606,113.64420148656573 -93.6539554,42.0271579,113.64420148656573 -93.6539562,42.0271559,113.99601261555712 -93.6539569,42.027153,113.99601261555712 -93.6539619,42.0271516,113.99601261555712 -93.6539617,42.0271546,113.82010560645399 -93.6539617,42.0271585,113.82010560645399 -93.6539603,42.0271543,113.64420148656573 -93.653959,42.0271539,113.82010560645399 -93.6539588,42.0271513,113.82010560645399 -93.6539598,42.0271493,113.82010560645399 -93.6539599,42.0271517,113.82010560645399 -93.6539612,42.0271514,113.64420148656573 -93.6539654,42.027159,113.46830025577567 -93.6539709,42.027154,113.46830025577567 -93.653965,42.0271547,113.46830025577567 -93.6539604,42.0271581,113.46830025577567 -93.6539582,42.0271574,113.46830025577567 -93.6539532,42.0271607,113.46830025577567 -93.653958,42.0271566,113.38035072376202 -93.6539596,42.0271567,113.38035072376202 -93.6539649,42.0271653,113.20445382643662 -93.6539658,42.0271682,113.20445382643662 -93.6539634,42.0271687,113.38035072376202 -93.6539624,42.027166,113.38035072376202 -93.6539695,42.0271639,113.38035072376202 -93.6539673,42.0271576,113.20445382643662 -93.6539691,42.0271581,113.46830025577567 -93.6539684,42.0271576,113.64420148656573 -93.6539692,42.0271602,113.82010560645399 -93.6539665,42.0271645,113.99601261555712 -93.6539683,42.0271674,113.99601261555712 -93.6539683,42.0271666,113.99601261555712 -93.6539639,42.0271693,113.99601261555712 -93.6539635,42.0271693,113.82010560645399 -93.6539623,42.0271749,113.99601261555712 -93.6539634,42.0271752,113.99601261555712 -93.6539599,42.0271771,113.99601261555712 -93.6539607,42.0271752,113.99601261555712 -93.6539582,42.0271767,113.82010560645399 -93.6539558,42.0271768,113.82010560645399 -93.6539511,42.027182,113.99601261555712 -93.6539474,42.0271782,113.82010560645399 -93.6539445,42.0271741,113.64420148656573 -93.6539447,42.0271713,113.64420148656573 -93.653948,42.0271683,113.46830025577567 -93.6539584,42.0271661,113.64420148656573 -93.6539555,42.0271512,113.64420148656573 -93.6539417,42.0271506,113.46830025577567 -93.653935,42.0271539,113.38035072376202 -93.6539285,42.0271465,113.46830025577567 -93.6539213,42.0271537,113.64420148656573 -93.6539202,42.0271521,113.64420148656573 -93.6539195,42.0271491,113.64420148656573 -93.6539112,42.0271483,113.46830025577567 -93.653919,42.0271523,113.64420148656573 -93.6539169,42.0271476,113.64420148656573 -93.6539211,42.0271499,113.64420148656573 -93.653929,42.0271515,113.46830025577567 -93.6539247,42.02715,113.64420148656573 -93.6539244,42.0271516,113.64420148656573 -93.6539278,42.0271506,113.64420148656573 -93.6539325,42.0271565,113.64420148656573 -93.6539308,42.0271616,113.99601261555712 -93.6539341,42.0271609,113.99601261555712 -93.6539399,42.0271666,113.99601261555712 -93.6539384,42.0271773,113.82010560645399 -93.6539346,42.027178,113.82010560645399 -93.653934,42.0271752,113.82010560645399 -93.6539369,42.0271803,113.82010560645399 -93.6539361,42.027183,113.64420148656573 -93.6539372,42.0271788,113.64420148656573 -93.653936,42.0271787,113.82010560645399 -93.6539375,42.0271804,113.82010560645399 -93.6539378,42.0271746,113.82010560645399 -93.6539325,42.0271773,113.64420148656573 -93.6539339,42.0271806,113.82010560645399 -93.6539277,42.0271809,113.82010560645399 -93.6539279,42.0271852,113.82010560645399 -93.653927,42.0271852,113.64420148656573 -93.6539257,42.0271819,113.99601261555712 -93.6539216,42.02718,113.82010560645399 -93.6539209,42.0271769,113.82010560645399 -93.6539226,42.0271739,113.82010560645399 -93.6539218,42.0271683,114.17192251397657 -93.6539204,42.0271626,113.99601261555712 -93.6539233,42.027161,113.99601261555712 -93.6539248,42.0271596,113.99601261555712 -93.6539263,42.0271575,113.82010560645399 -93.6539279,42.0271553,114.17192251397657 -93.6539293,42.0271553,113.99601261555712 -93.6539291,42.0271592,113.99601261555712 -93.6539299,42.027158,114.17192251397657 -93.6539319,42.0271552,114.17192251397657 -93.6539335,42.0271525,114.17192251397657 -93.6539347,42.0271525,113.99601261555712 -93.6539358,42.0271511,113.99601261555712 -93.653938,42.0271497,114.17192251397657 -93.6539419,42.0271481,114.17192251397657 -93.6539378,42.0271432,114.17192251397657 -93.6539382,42.0271536,114.17192251397657 -93.6539313,42.0271566,114.34783530181888 -93.6539283,42.0271616,114.34783530181888 -93.6539236,42.027161,114.34783530181888 -93.6539248,42.0271593,114.34783530181888 -93.6539343,42.0271491,114.52375097919057 -93.6539536,42.0271378,114.52375097919057 -93.6539535,42.0271334,114.52375097919057 -93.6539487,42.0271268,114.52375097919057 -93.6539465,42.027121,114.52375097919057 -93.6539366,42.0271142,114.69966954619817 -93.6539442,42.0271147,114.69966954619817 -93.6539466,42.0271184,114.69966954619817 -93.6539567,42.0271236,114.69966954619817 -93.6539538,42.0271263,114.69966954619817 -93.6539662,42.0271291,114.69966954619817 -93.6539714,42.0271357,114.69966954619817 -93.6539687,42.0271414,114.69966954619817 -93.6539634,42.027142,115.0515153495371 -93.6539739,42.0271521,115.22744258608655 -93.6539838,42.027157,115.0515153495371 -93.6539866,42.0271439,115.0515153495371 -93.6539842,42.027137,115.0515153495371 -93.6539768,42.0271403,115.0515153495371 -93.6539608,42.0271435,115.22744258608655 -93.6539479,42.0271375,115.0515153495371 -93.6539321,42.0271444,115.0515153495371 -93.6539397,42.027134,115.0515153495371 -93.6539319,42.0271443,114.87559100294315 -93.6539432,42.0271564,114.87559100294315 -93.6539533,42.0271596,114.87559100294315 -93.6539557,42.0271652,114.87559100294315 -93.6539621,42.0271645,114.87559100294315 -93.6539661,42.0271606,114.87559100294315 -93.653957,42.0271537,115.0515153495371 -93.6539621,42.027139,115.22744258608655 -93.6539719,42.027154,115.22744258608655 -93.6539728,42.0271436,115.22744258608655 -93.653974,42.0271357,115.22744258608655 -93.6539646,42.0271397,115.57930572946289 -93.6539691,42.0271329,115.57930572946289 -93.6539674,42.0271373,115.57930572946289 -93.6539632,42.0271456,115.7552416365079 -93.6539591,42.0271563,115.7552416365079 -93.6539672,42.0271647,115.7552416365079 -93.6539646,42.0271813,115.7552416365079 -93.653959,42.027191,115.57930572946289 -93.653959,42.0272029,115.57930572946289 -93.6539486,42.0271909,115.57930572946289 -93.6539369,42.027195,115.57930572946289 -93.6539341,42.0271923,115.40337271269298 -93.6539359,42.0271893,115.57930572946289 -93.6539426,42.0271951,115.57930572946289 -93.6539447,42.0272095,115.57930572946289 -93.6539472,42.0272041,115.7552416365079 -93.653926,42.0272174,115.57930572946289 -93.6539197,42.0272194,115.57930572946289 -93.6539311,42.027231,115.7552416365079 -93.6539456,42.0272175,115.7552416365079 -93.653954,42.027212,115.57930572946289 -93.6539654,42.0272125,115.7552416365079 -93.6539607,42.0272144,115.7552416365079 -93.6539605,42.0272156,115.7552416365079 -93.6539551,42.0272189,115.57930572946289 -93.65396,42.0272146,115.57930572946289 -93.6539613,42.027222,115.57930572946289 -93.6539975,42.0272282,116.10712212183412 -93.6540209,42.0272312,116.10712212183412 -93.6540066,42.0272437,116.10712212183412 -93.654015,42.0272283,116.10712212183412 -93.6540165,42.0272174,116.10712212183412 -93.6540229,42.0272048,115.93118043392947 -93.6540279,42.0271927,115.93118043392947 -93.6540232,42.0271877,115.93118043392947 -93.6540181,42.0271827,116.10712212183412 -93.6540174,42.0271791,116.10712212183412 -93.6540106,42.0271815,116.10712212183412 -93.65401,42.0271792,115.93118043392947 -93.6540077,42.0271813,115.93118043392947 -93.6540101,42.0271782,115.93118043392947 -93.6540071,42.0271777,115.93118043392947 -93.6540058,42.0271774,115.93118043392947 -93.6540052,42.0271647,116.10712212183412 -93.653981,42.0271525,116.10712212183412 -93.6539746,42.0271529,115.93118043392947 -93.6539699,42.0271545,115.93118043392947 -93.6539685,42.027156,115.93118043392947 -93.6539689,42.0271565,115.93118043392947 -93.6539664,42.0271583,115.7552416365079 -93.6539628,42.0271561,115.57930572946289 -93.6539589,42.0271542,115.57930572946289 -93.653958,42.0271526,115.7552416365079 -93.6539574,42.0271528,115.57930572946289 -93.653957,42.0271505,115.57930572946289 -93.6539557,42.0271502,115.40337271269298 -93.6539538,42.0271514,115.40337271269298 -93.6539525,42.0271519,115.57930572946289 -93.6539521,42.0271516,115.57930572946289 -93.6539505,42.0271523,115.40337271269298 -93.653951,42.0271512,115.40337271269298 -93.6539518,42.0271523,115.40337271269298 -93.6539527,42.0271525,115.40337271269298 -93.6539523,42.0271501,115.40337271269298 -93.6539516,42.0271483,115.40337271269298 -93.6539515,42.027145,115.40337271269298 -93.6539501,42.0271437,115.40337271269298 -93.6539476,42.0271438,115.57930572946289 -93.6539454,42.0271445,115.40337271269298 -93.6539437,42.027143,115.40337271269298 -93.6539428,42.0271431,115.40337271269298 -93.6539416,42.0271435,115.22744258608655 -93.653942,42.0271436,115.22744258608655 -93.6539417,42.0271437,115.40337271269298 -93.6539433,42.027142,115.40337271269298 -93.6539449,42.0271411,115.40337271269298 -93.6539456,42.0271403,115.22744258608655 -93.6539457,42.0271387,115.22744258608655 -93.6539463,42.0271366,115.22744258608655 -93.6539465,42.0271359,115.22744258608655 -93.6539464,42.0271353,115.40337271269298 -93.6539468,42.0271349,115.40337271269298 -93.6539483,42.0271338,115.22744258608655 -93.6539499,42.0271335,115.22744258608655 -93.6539498,42.0271349,115.22744258608655 -93.653949,42.0271362,115.22744258608655 -93.6539505,42.0271374,115.7552416365079 -93.6539531,42.0271364,115.7552416365079 -93.6539543,42.0271357,115.7552416365079 -93.6539536,42.0271371,115.7552416365079 -93.6539527,42.0271368,115.7552416365079 -93.6539504,42.0271366,115.57930572946289 -93.6539523,42.0271377,115.57930572946289 -93.6539544,42.0271386,115.7552416365079 -93.6539547,42.027139,115.7552416365079 -93.6539541,42.0271399,115.7552416365079 -93.6539545,42.0271426,115.57930572946289 -93.653955,42.0271441,115.57930572946289 -93.6539544,42.0271444,115.57930572946289 -93.6539534,42.0271439,115.7552416365079 -93.653955,42.0271453,115.7552416365079 -93.653957,42.0271464,115.7552416365079 -93.6539593,42.0271479,115.7552416365079 -93.6539605,42.0271488,115.7552416365079 -93.6539607,42.0271492,115.7552416365079 -93.6539613,42.0271482,115.7552416365079 -93.6539601,42.0271488,116.10712212183412 -93.6539592,42.0271486,116.10712212183412 -93.6539581,42.0271479,116.10712212183412 -93.6539572,42.0271464,116.10712212183412 -93.653957,42.0271449,116.10712212183412 -93.6539552,42.0271445,116.10712212183412 -93.6539549,42.0271434,115.93118043392947 -93.653954,42.0271439,115.93118043392947 -93.6539531,42.027143,116.10712212183412 -93.6539532,42.0271404,116.10712212183412 -93.6539514,42.0271401,116.10712212183412 -93.6539511,42.0271386,116.10712212183412 -93.653948,42.0271394,116.10712212183412 -93.6539461,42.0271396,116.10712212183412 -93.6539446,42.0271399,115.93118043392947 -93.6539441,42.0271409,115.93118043392947 -93.653944,42.0271427,116.10712212183412 -93.6539455,42.0271418,116.10712212183412 -93.6539456,42.0271417,116.10712212183412 -93.6539458,42.0271411,116.10712212183412 -93.6539478,42.0271398,115.93118043392947 -93.6539485,42.0271397,115.93118043392947 -93.653948,42.0271382,115.93118043392947 -93.6539475,42.027137,116.10712212183412 -93.6539473,42.0271368,116.28306670032838 -93.6539475,42.027135,116.10712212183412 -93.6539464,42.027134,116.10712212183412 -93.6539454,42.027135,116.10712212183412 -93.6539454,42.0271343,116.10712212183412 -93.6539425,42.0271352,116.10712212183412 -93.6539444,42.0271346,116.10712212183412 -93.6539463,42.0271353,116.10712212183412 -93.6539474,42.0271355,116.28306670032838 -93.6539475,42.0271353,116.28306670032838 -93.6539475,42.0271367,116.28306670032838 -93.6539475,42.0271387,116.28306670032838 -93.6539458,42.0271382,116.28306670032838 -93.6539461,42.0271386,116.28306670032838 -93.6539461,42.0271367,116.28306670032838 -93.6539463,42.0271361,116.28306670032838 -93.6539461,42.0271324,116.28306670032838 -93.6539459,42.02713,116.28306670032838 -93.6539434,42.0271323,116.45901416951878 -93.6539424,42.0271337,116.45901416951878 -93.6539419,42.0271364,116.28306670032838 -93.6539399,42.0271327,116.28306670032838 -93.6539186,42.0271329,116.28306670032838 -93.6539164,42.0271359,116.28306670032838 -93.6539278,42.0271556,116.28306670032838 -93.6539327,42.0271573,116.28306670032838 -93.6539252,42.0271382,116.45901416951878 -93.6539341,42.0271399,116.45901416951878 -93.6539358,42.0271438,116.28306670032838 -93.6539357,42.0271433,116.28306670032838 -93.6539372,42.0271419,116.28306670032838 -93.6539402,42.0271348,116.28306670032838 -93.6539414,42.0271392,116.28306670032838 -93.6539397,42.0271345,116.63496452951186 -93.6539427,42.0271349,116.63496452951186 -93.6539484,42.0271353,116.63496452951186 -93.6539496,42.0271322,116.63496452951186 -93.6539493,42.0271309,116.81091778041414 -93.6539515,42.0271279,116.81091778041414 -93.6539553,42.0271247,116.81091778041414 -93.6539596,42.0271241,116.98687392232709 -93.653965,42.0271377,116.98687392232709 -93.6539625,42.0271351,116.81091778041414 -93.6539643,42.0271313,116.81091778041414 -93.6539668,42.0271285,116.81091778041414 -93.6539707,42.0271227,116.81091778041414 -93.6539718,42.0271213,116.81091778041414 -93.6539719,42.0271223,116.98687392232709 -93.6539722,42.0271229,116.81091778041414 -93.653972,42.027126,116.81091778041414 -93.6539734,42.0271246,116.81091778041414 -93.6539732,42.0271297,116.98687392232709 -93.6539749,42.0271334,116.98687392232709 -93.6539752,42.0271356,116.98687392232709 -93.6539753,42.0271374,116.98687392232709 -93.6539735,42.0271396,116.98687392232709 -93.6539737,42.0271436,116.81091778041414 -93.6539746,42.0271445,116.81091778041414 -93.653974,42.0271416,116.81091778041414 -93.6539771,42.0271433,116.81091778041414 -93.6539781,42.0271452,116.81091778041414 -93.6539794,42.027152,116.98687392232709 -93.6539803,42.0271524,116.98687392232709 -93.6539802,42.0271519,116.98687392232709 -93.6539806,42.0271551,116.81091778041414 -93.6539801,42.0271529,116.98687392232709 -93.6539778,42.0271467,116.98687392232709 -93.6539755,42.0271431,117.16283295536738 -93.6539749,42.0271397,116.63496452951186 -93.6539757,42.0271376,116.63496452951186 -93.6539713,42.0271384,116.63496452951186 -93.6539494,42.027152,116.63496452951186 -93.6539391,42.0271556,116.63496452951186 -93.6539399,42.0271591,116.63496452951186 -93.6539423,42.0271668,116.45901416951878 -93.6539436,42.0271722,116.45901416951878 -93.6539439,42.0271852,116.45901416951878 -93.6539429,42.0271969,116.45901416951878 -93.6539452,42.0272041,116.45901416951878 -93.6539478,42.0272022,116.45901416951878 -93.6539494,42.0272043,116.45901416951878 -93.6539523,42.027203,116.28306670032838 -93.6539524,42.0271942,116.28306670032838 -93.6539524,42.0271868,116.10712212183412 -93.6539535,42.0271814,116.10712212183412 -93.653953,42.0271732,116.10712212183412 -93.6539521,42.0271695,116.10712212183412 -93.6539499,42.027166,116.10712212183412 -93.6539537,42.0271647,115.93118043392947 -93.6539552,42.0271668,115.93118043392947 -93.6539556,42.0271673,116.10712212183412 -93.6539577,42.0271696,116.10712212183412 -93.6539613,42.0271724,116.28306670032838 -93.6539614,42.027172,116.28306670032838 -93.6539644,42.0271684,116.28306670032838 -93.6539628,42.0271663,116.28306670032838 -93.6539654,42.0271702,116.10712212183412 -93.6539635,42.0271742,116.10712212183412 -93.6539549,42.0271733,116.28306670032838 -93.6538893,42.0272456,116.63496452951186 -93.6538998,42.0272792,116.63496452951186 -93.6539394,42.0273149,116.98687392232709 -93.6539907,42.0273891,116.98687392232709 -93.6539847,42.0274248,116.98687392232709 -93.6539791,42.0274261,116.98687392232709 -93.6539596,42.0274152,116.98687392232709 -93.6539522,42.0273668,116.81091778041414 -93.6539496,42.0273361,116.81091778041414 -93.6539434,42.027319,116.81091778041414 -93.6539488,42.0272954,116.81091778041414 -93.6539513,42.0272778,116.81091778041414 -93.6539516,42.0272647,116.98687392232709 -93.6539508,42.0272583,116.98687392232709 -93.6539488,42.0272522,116.98687392232709 -93.6539496,42.0272463,116.81091778041414 -93.6539458,42.0272432,116.81091778041414 -93.6539475,42.0272397,116.81091778041414 -93.6539492,42.0272395,116.81091778041414 -93.6539496,42.0272395,116.81091778041414 -93.6539497,42.027238,116.81091778041414 -93.6539506,42.0272381,116.98687392232709 -93.6539519,42.0272376,116.98687392232709 -93.6539523,42.0272376,116.98687392232709 -93.6539536,42.0272366,116.81091778041414 -93.6539547,42.0272363,116.81091778041414 -93.653949,42.0272378,116.81091778041414 -93.6539443,42.0272376,116.81091778041414 -93.6539407,42.0272368,116.81091778041414 -93.653938,42.0272359,116.98687392232709 -93.6539358,42.0272353,116.98687392232709 -93.653936,42.0272327,116.81091778041414 -93.653938,42.0272311,116.81091778041414 -93.6539385,42.02723,116.81091778041414 -93.6539384,42.0272285,116.98687392232709 -93.6539378,42.0272252,116.98687392232709 -93.6539346,42.0272226,116.81091778041414 -93.653932,42.0272175,116.81091778041414 -93.6539294,42.0272153,116.81091778041414 -93.6539289,42.0272161,116.81091778041414 -93.6539268,42.0272139,116.98687392232709 -93.6539324,42.027213,116.98687392232709 -93.6539348,42.0272134,116.98687392232709 -93.6539407,42.0272124,116.81091778041414 -93.6539426,42.0272105,116.81091778041414 -93.6539446,42.0272069,116.81091778041414 -93.6539424,42.0272072,117.16283295536738 -93.6539436,42.0272071,116.98687392232709 -93.6539401,42.0272071,116.98687392232709 -93.6539405,42.0272069,116.98687392232709 -93.6539508,42.0272034,116.81091778041414 -93.6539499,42.0271989,116.81091778041414 -93.6539541,42.0271966,116.98687392232709 -93.653957,42.0271945,116.81091778041414 -93.6539555,42.0271928,116.63496452951186 -93.6539564,42.0271915,116.63496452951186 -93.6539556,42.0271905,116.98687392232709 -93.6539575,42.0271901,116.98687392232709 -93.6539538,42.0271942,116.98687392232709 -93.653955,42.027195,116.81091778041414 -93.6539583,42.0271958,116.81091778041414 -93.6539607,42.0271969,116.81091778041414 -93.6539586,42.027197,116.63496452951186 -93.6539549,42.0271974,116.63496452951186 -93.6539483,42.0271991,116.81091778041414 -93.6539487,42.0271984,116.63496452951186 -93.6539499,42.0271992,116.63496452951186 -93.6539522,42.0271985,116.63496452951186 -93.6539531,42.0271991,116.45901416951878 -93.6539492,42.0272005,116.45901416951878 -93.6539514,42.0271998,116.63496452951186 -93.6539515,42.0271995,116.63496452951186 -93.6539501,42.0271989,116.45901416951878 -93.6539469,42.0271991,116.45901416951878 -93.6539393,42.0272,116.28306670032838 -93.6539431,42.0271989,116.45901416951878 -93.6539435,42.0271981,116.45901416951878 -93.6539416,42.0271984,116.45901416951878 -93.653941,42.027199,116.45901416951878 -93.6539403,42.0271992,116.63496452951186 -93.6539425,42.0271993,116.45901416951878 -93.6539445,42.0271996,116.45901416951878 -93.6539438,42.0271992,116.45901416951878 -93.6539418,42.0271983,116.28306670032838 -93.6539428,42.0271957,116.10712212183412 -93.6539441,42.027195,116.10712212183412 -93.653944,42.0271931,116.10712212183412 -93.6539451,42.0271914,116.28306670032838 -93.6539451,42.0271924,116.45901416951878 -93.653945,42.0271911,116.28306670032838 -93.6539448,42.0271906,116.45901416951878 -93.6539431,42.0271937,116.28306670032838 -93.6539424,42.0271913,116.10712212183412 -93.6539395,42.0271898,116.10712212183412 -93.6539375,42.0271877,116.10712212183412 -93.6539376,42.0271863,115.93118043392947 -93.6539384,42.0271845,115.93118043392947 -93.6539418,42.0271916,116.10712212183412 -93.6539404,42.0271929,116.10712212183412 -93.653939,42.0271965,116.10712212183412 -93.6539373,42.0271989,115.93118043392947 -93.6539373,42.0272013,116.10712212183412 -93.6539364,42.0272027,116.10712212183412 -93.653937,42.0272045,116.10712212183412 -93.6539358,42.0272052,116.10712212183412 -93.6539367,42.0272071,116.10712212183412 -93.6539365,42.0272082,116.10712212183412 -93.6539351,42.0272105,116.10712212183412 -93.6539346,42.0272102,116.10712212183412 -93.653934,42.0272086,116.10712212183412 -93.6539335,42.027209,116.10712212183412 -93.653935,42.0272075,116.10712212183412 -93.6539375,42.0272031,116.28306670032838 -93.65394,42.0272026,115.93118043392947 -93.6539414,42.0272025,116.10712212183412 -93.6539424,42.0272037,116.10712212183412 -93.6539435,42.0272011,116.28306670032838 -93.653945,42.0271979,116.28306670032838 -93.6539452,42.0271959,116.28306670032838 -93.6539453,42.0271962,116.28306670032838 -93.6539458,42.0271957,116.28306670032838 -93.6539477,42.0271981,116.28306670032838 -93.6539473,42.0271982,116.28306670032838 -93.6539463,42.0271946,116.28306670032838 -93.6539458,42.0271947,116.28306670032838 -93.6539313,42.0271995,116.45901416951878 -93.6539334,42.0271968,116.45901416951878 -93.6539322,42.0271955,116.45901416951878 -93.6539354,42.0271948,116.45901416951878 -93.6539358,42.0272,116.45901416951878 -93.6539324,42.0271995,116.45901416951878 -93.6539276,42.0272015,116.45901416951878 -93.6539265,42.0271968,116.63496452951186 -93.6539169,42.0271932,116.63496452951186 -93.6539086,42.0271954,116.63496452951186 -93.653908,42.0271944,116.63496452951186 -93.6539105,42.0271958,116.45901416951878 -93.6539119,42.0271966,116.45901416951878 -93.653906,42.0271948,116.45901416951878 -93.653903,42.0271977,116.45901416951878 -93.6539025,42.0271921,116.45901416951878 -93.6539011,42.0271991,116.45901416951878 -93.6538999,42.0272017,116.45901416951878 -93.6538977,42.0272099,116.28306670032838 -93.6539047,42.0271979,116.28306670032838 -93.6539107,42.0271878,116.28306670032838 -93.653909,42.0271926,116.28306670032838 -93.6539025,42.0272052,116.28306670032838 -93.6539005,42.0272131,116.28306670032838 -93.6539018,42.0272253,116.28306670032838 -93.6539035,42.027224,116.28306670032838 -93.6539061,42.0272219,116.63496452951186 -93.6539067,42.027221,116.63496452951186 -93.6539078,42.0272197,116.63496452951186 -93.6539105,42.0272151,116.63496452951186 -93.653911,42.0272144,116.63496452951186 -93.6539096,42.0272141,116.63496452951186 -93.6539091,42.0272109,116.10712212183412 -93.6539073,42.0272095,116.28306670032838 -93.6539046,42.0272102,116.28306670032838 -93.6539023,42.0272135,116.28306670032838 -93.6539023,42.0272176,116.28306670032838 -93.6539034,42.0272168,116.45901416951878 -93.6539032,42.0272151,116.63496452951186 -93.6539015,42.0272142,116.45901416951878 -93.6539014,42.0272165,116.63496452951186 -93.6539134,42.0272197,116.63496452951186 -93.6539155,42.027206,116.63496452951186 -93.6539236,42.0272082,116.45901416951878 -93.6539227,42.0272097,116.45901416951878 -93.6539267,42.0272057,116.63496452951186 -93.6539283,42.0272067,116.63496452951186 -93.6539257,42.0272029,116.45901416951878 -93.6539224,42.0271989,116.45901416951878 -93.6539193,42.027202,116.45901416951878 -93.6539193,42.027202,116.45901416951878 -93.653917,42.0272018,116.45901416951878 -93.6539165,42.0271977,116.45901416951878 -93.6539173,42.0271954,116.45901416951878 -93.6539183,42.0271993,116.28306670032838 -93.6539182,42.0271989,116.28306670032838 -93.6539172,42.027196,116.28306670032838 -93.6539164,42.0271947,116.45901416951878 -93.6539178,42.0271932,116.45901416951878 -93.6539185,42.0271958,116.28306670032838 -93.6539197,42.0272006,116.28306670032838 -93.6539194,42.0272019,116.28306670032838 -93.6539169,42.0272003,116.28306670032838 -93.653915,42.0271992,116.45901416951878 -93.6539159,42.0271928,116.45901416951878 -93.6539211,42.0271948,116.45901416951878 -93.6539258,42.0271966,116.28306670032838 -93.6539267,42.0271951,116.28306670032838 -93.6539209,42.0271948,116.45901416951878 -93.6539193,42.0271945,116.28306670032838 -93.6539356,42.0271879,116.28306670032838 -93.6539658,42.0271718,116.28306670032838 -93.6539689,42.0271785,116.10712212183412 -93.653969,42.0271862,116.28306670032838 -93.6539664,42.027197,116.28306670032838 -93.6539674,42.0272068,116.28306670032838 -93.653965,42.0272148,116.28306670032838 -93.6539552,42.0272246,116.28306670032838 -93.6539505,42.0272313,116.10712212183412 -93.6539466,42.0272374,116.10712212183412 -93.6539448,42.0272406,115.93118043392947 -93.6539421,42.0272414,115.93118043392947 -93.6539395,42.0272367,115.7552416365079 -93.6539407,42.0272361,115.7552416365079 -93.653933,42.0272324,116.10712212183412 -93.6539318,42.0272291,116.10712212183412 -93.6539262,42.0272324,116.10712212183412 -93.6539277,42.0272326,116.28306670032838 -93.6539345,42.0272328,116.28306670032838 -93.6539546,42.0272423,116.28306670032838 -93.653976,42.0272585,116.28306670032838 -93.6539967,42.0272729,116.10712212183412 -93.6540243,42.0272875,116.10712212183412 -93.6540444,42.0273023,116.10712212183412 -93.654061,42.0273295,116.10712212183412 -93.6540629,42.0273476,115.93118043392947 -93.6540584,42.0273671,115.93118043392947 -93.6540538,42.0273925,115.7552416365079 -93.6540505,42.0274185,115.7552416365079 -93.6540495,42.0274424,115.7552416365079 -93.654045,42.0274659,115.7552416365079 -93.6540436,42.0274882,115.7552416365079 -93.6540466,42.0275128,115.7552416365079 -93.6540511,42.0275369,115.7552416365079 -93.6540586,42.0275451,115.57930572946289 -93.6540593,42.0275497,115.57930572946289 -93.6540602,42.0275479,115.7552416365079 -93.654062,42.0275513,115.7552416365079 -93.6540587,42.0275505,115.7552416365079 -93.6540593,42.0275509,115.57930572946289 -93.65406,42.0275508,115.57930572946289 -93.6540629,42.027549,115.57930572946289 -93.6540605,42.0275469,115.57930572946289 -93.6540624,42.0275466,115.40337271269298 -93.6540655,42.0275453,115.40337271269298 -93.654068,42.0275429,115.7552416365079 -93.6540682,42.0275418,115.7552416365079 -93.6540678,42.0275407,115.7552416365079 -93.6540685,42.0275389,115.7552416365079 -93.654069,42.027537,115.7552416365079 -93.6540678,42.0275381,115.7552416365079 -93.6540672,42.027539,115.93118043392947 -93.6540676,42.0275384,115.93118043392947 -93.6540674,42.0275385,115.93118043392947 -93.6540649,42.0275372,115.93118043392947 -93.6540628,42.0275362,115.93118043392947 -93.6540617,42.0275346,115.93118043392947 -93.6540629,42.0275332,116.10712212183412 -93.6540762,42.0275331,116.10712212183412 -93.6541554,42.0275476,117.16283295536738 -93.6542781,42.0275096,122.44294884441912 -93.6543005,42.0277109,132.12992907680052 -93.6542829,42.0277972,143.5894909038196 -93.6541935,42.0281354,161.59696001354465 -93.6543226,42.0283793,179.10383105496754 -93.6542974,42.0284875,196.99395863315883 -93.6542924,42.0287685,215.62440215487635 -93.6541435,42.028959,233.93159389288698 -93.6541067,42.0292272,252.2702163759129 -93.6541393,42.0294986,271.35443339199094 -93.6541733,42.0296901,290.5622553285244 -93.6543353,42.0300669,310.073468033088 -93.6543405,42.0303941,328.1845858191929 -93.6543165,42.0307982,347.04565711817145 -93.654347,42.0311226,366.1202838984984 -93.654266,42.031561,384.5976335704584 -93.6543604,42.0319283,403.5589611193094 -93.6542209,42.032306,422.7352037890375 -93.6541816,42.0326071,440.4949902462188 -93.6541663,42.0330183,459.0112244032892 -93.6542065,42.0334337,477.559772097157 -93.6541411,42.0337492,495.9584352215439 -93.6541372,42.0341545,514.2977091925849 -93.6539876,42.0344594,533.4920472336524 -93.6538646,42.0346837,552.354573722934 -93.6537227,42.035028,571.0670847285655 -93.6535026,42.0352876,589.536769831848 -93.6534577,42.0355433,607.11744114283 -93.6532712,42.0359374,624.8196118715096 -93.6530876,42.036148,642.8287191889989 -93.6530292,42.0365011,660.9611088210636 -93.6528513,42.0367434,678.5681352512687 -93.6528109,42.0369381,696.9477503102472 -93.6528109,42.0369381,714.8009726790918 -93.6525574,42.0376168,732.1250894725998 -93.6523447,42.0378105,748.9174561958064 -93.6522922,42.0379739,766.2976658322423 -93.6520381,42.0384948,787.7352594131212 -93.6518243,42.0387384,808.3714298794466 -93.6517058,42.0388821,827.825129129407 -93.651678,42.039199,847.220554052261 -93.6514386,42.0393919,866.3685086146702 -93.6513961,42.0394964,885.0784324510727 -93.6513663,42.0397241,903.8216642888817 -93.6513887,42.0399192,921.9339434673742 -93.6512862,42.039965,939.8873139782305 -93.6510864,42.0401441,957.8713886839861 -93.6507977,42.0402804,976.3632893222363 -93.6507753,42.0403596,994.5055135411219 -93.6506437,42.0404813,1012.6791302584246 -93.6504977,42.0406856,1031.9392100340374 -93.65023,42.040867,1051.330789809991 -93.6500218,42.0409803,1070.4694940308284 -93.6499372,42.0411963,1089.5467588997863 -93.6496656,42.0412809,1109.3351298972977 -93.6495504,42.0413465,1128.8705462069827 -93.6493667,42.041514,1148.3454954573751 -93.6490032,42.0416059,1168.245401670202 -93.6487333,42.0417601,1191.0067766596403 -93.6483774,42.0418233,1213.329869306183 -93.6482249,42.0418765,1234.8206342446788 -93.6479071,42.0420182,1256.453690345624 -93.6477553,42.0421498,1277.1497838544587 -93.6477553,42.0421498,1298.6740574293149 -93.6473917,42.0422426,1320.2428364966408 -93.6470252,42.0422878,1340.572082623584 -93.6468935,42.0423117,1361.8318780350517 -93.6465819,42.0424473,1382.5400512959068 -93.6463952,42.0424307,1402.693239188926 -93.6462064,42.0425204,1423.2838015 -93.6459676,42.0425487,1443.0173338875977 -93.6458155,42.0424434,1463.6879687751884 -93.645728,42.0424788,1483.9991790148897 -93.64541,42.0424764,1504.1494843111373 -93.6452672,42.0424631,1523.9368070856137 -93.6450321,42.0423498,1543.9633927471932 -93.644741,42.0423669,1564.2305734799268 -93.6446017,42.0423893,1583.728451729764 -93.6443147,42.0423079,1604.07360031241 -93.6440826,42.0423547,1623.6466655049078 -93.6439598,42.0423696,1643.5619119993423 -93.643889,42.0423187,1663.821263747378 -93.6435744,42.0422629,1683.9161571615116 -93.6433297,42.0422896,1703.2317866930996 -93.6430821,42.0421628,1723.8134889925861 -93.643008,42.0421753,1744.4362747746222 -93.6426745,42.0421592,1764.4828910747738 -93.6425828,42.0420733,1785.1871562420351 -93.6423802,42.0421206,1805.003240605467 -93.642041,42.0420434,1825.1680025585808 -93.6419344,42.0419607,1845.5797188628576 -93.641658,42.0419153,1866.2397998980748 -93.6414832,42.0419604,1885.7960151802995 -93.6413944,42.0418647,1906.745701307439 -93.6410566,42.0417775,1926.6927198585938 -93.6409056,42.0418149,1947.3069595349232 -93.6406488,42.0417183,1967.3329038584336 -93.6403198,42.0417509,1987.5031136927867 -93.6400263,42.0417018,2011.4014058415041 -93.6396297,42.0416181,2034.1934123879569 -93.639454,42.0416367,2056.2950972817953 -93.639454,42.0416367,2078.1262534335897 -93.639454,42.0416367,2099.897698894819 -93.6386835,42.0414605,2121.1828222661875 -93.6383794,42.0414825,2142.4055319363483 -93.6382174,42.0414362,2163.7793276141438 -93.6378909,42.0413377,2184.661871014186 -93.6376624,42.0412648,2205.58715785331 -93.6375441,42.041165,2226.555384163763 -93.6372273,42.041016,2247.2431679235515 -93.6368931,42.0410003,2267.6487342364826 -93.6365492,42.0408874,2288.311773828936 -93.6363937,42.0407691,2308.6912277557285 -93.6362326,42.0407015,2329.220233006523 -93.636023,42.0405406,2350.00858221651 -93.6358587,42.0404541,2370.4027658606574 -93.635664,42.0404282,2390.728502354267 -93.6353899,42.0404334,2410.766109701876 -93.6351965,42.0402697,2430.8432742669274 -93.6347623,42.0401135,2451.180247944087 -93.6344649,42.0400786,2471.0067208541627 -93.6342345,42.0399487,2490.2091732882122 -93.6338307,42.0398048,2510.1120775527224 -93.63365,42.0397092,2530.1649970052013 -93.6333101,42.0395964,2550.924380962175 -93.6329575,42.0395407,2571.2809550758507 -93.6327679,42.0394462,2591.3437918588675 -93.6323993,42.0393299,2612.676243145739 -93.6321963,42.0391126,2633.381513509738 -93.6320045,42.0390598,2653.6801927523975 -93.6316735,42.038902,2674.5821433421893 -93.6315611,42.0386754,2695.1892341315424 -93.6314957,42.0385589,2714.9348616637913 -93.6312288,42.0384475,2734.7191732723345 -93.6310759,42.0381983,2755.109287515814 -93.6308379,42.0380593,2774.972595332528 -93.6305483,42.0378431,2795.330479161601 -93.6305483,42.0378431,2816.185880459733 -93.6297538,42.037414,2841.200865271019 -93.6296077,42.0372322,2864.6731666958235 -93.6294317,42.0371378,2887.6258552919417 -93.6290845,42.0369369,2910.7462008562675 -93.6289379,42.0367108,2932.6502520315116 -93.6287501,42.0365271,2954.139519741256 -93.628359,42.0363436,2975.7907765483146 -93.6282264,42.0361297,2997.024216854819 -93.6279771,42.0358814,3017.487931547839 -93.6277211,42.0357686,3037.993493274764 -93.6275922,42.0355376,3058.307361456561 -93.6273059,42.0353104,3078.545403139914 -93.6269993,42.0351695,3098.1204247536493 -93.6267244,42.0350976,3118.439195304599 -93.6264695,42.0349433,3137.9746943823716 -93.6262317,42.0346659,3158.492716522269 -93.6261237,42.034517,3179.052948083163 -93.6258696,42.0344327,3198.588887019287 -93.6256951,42.0341876,3217.688142599863 -93.6252761,42.0339899,3237.2999109684292 -93.6250146,42.0338839,3257.0695220991056 -93.6246957,42.0336472,3276.6395121222076 -93.6242371,42.0334924,3297.0858118157116 -93.6240293,42.0333586,3316.494777549276 -93.623715,42.0331243,3335.461022412402 -93.6232789,42.0329449,3355.6673880331828 -93.62309,42.0327658,3374.9497786615207 -93.6229276,42.032551,3394.2696343485077 -93.6227084,42.0323262,3413.5060167116776 -93.622345,42.0320635,3433.3864177691044 -93.6222047,42.0318706,3453.793061653919 -93.6219617,42.0318058,3473.998065179199 -93.6215921,42.0316433,3493.023481584556 -93.6212359,42.0313893,3512.6970403393198 -93.6208726,42.0312702,3532.2871686050275 -93.6205894,42.0311097,3551.424915059291 -93.6202659,42.0308703,3571.830142840817 -93.6200399,42.0305517,3592.770757109998 -93.6197369,42.0302545,3613.261516302246 -93.619312,42.0300705,3633.1757319000876 -93.6191047,42.029938,3652.38578981785 -93.6188181,42.0296678,3671.8818778399864 -93.6184664,42.0293844,3691.5410865220183 -93.6180853,42.029093,3709.991630763075 -93.6178981,42.0289588,3729.1018513376725 -93.6175313,42.0288393,3748.1239146673315 -93.6171996,42.0286025,3766.9317485027764 -93.6170913,42.0283953,3786.9073341314747 -93.6168089,42.0282914,3805.915448862315 -93.6165565,42.0280374,3825.212842511365 -93.6161264,42.0277988,3844.421665795315 -93.6158746,42.0276464,3864.175080421251 -93.6156595,42.0274589,3883.8412689911584 -93.6156595,42.0274589,3903.546905712515 -93.6148273,42.0269923,3923.8022491111356 -93.6145157,42.0266863,3942.4383829408466 -93.6142084,42.0264207,3962.1341164863848 -93.6134879,42.0261629,3986.2320118966513 -93.6131427,42.0259185,4007.302080869346 -93.612945,42.0257295,4028.6753592146993 -93.6126676,42.0255335,4049.837049854845 -93.6122033,42.0252486,4070.2679087856854 -93.6118897,42.0249396,4090.7415376266295 -93.6116133,42.0246634,4110.868179876417 -93.6111911,42.0243406,4131.166619774784 -93.610915,42.0240622,4152.029452952964 -93.6104996,42.0237135,4172.41373932911 -93.6099534,42.023457,4191.792127479704 -93.609498,42.0231157,4211.471757854226 -93.6089937,42.0228569,4230.27007397105 -93.6086528,42.0226775,4250.291349135532 -93.6083369,42.0225555,4270.3538736086475 -93.6078859,42.0222361,4289.39869821332 -93.6074625,42.0219355,4308.746172367697 -93.6070911,42.0217972,4329.195585097075 -93.6065398,42.0215929,4348.489309089528 -93.6060375,42.0213868,4367.15416146984 -93.6055863,42.0212676,4386.657228265191 -93.6050446,42.021092,4405.395678383429 -93.6046436,42.0208695,4423.901926166369 -93.6040737,42.0204843,4443.654029466191 -93.6036764,42.0200895,4462.368287461687 -93.603207,42.0198087,4481.118765792944 -93.6026991,42.0196268,4500.582087489787 -93.6021498,42.019296,4519.542358226532 -93.601841,42.0189429,4538.811523945903 -93.6014737,42.0187627,4558.799713304167 -93.6009747,42.0185006,4577.329072061042 -93.6005594,42.0180967,4597.123861522859 -93.6002127,42.017669,4616.274652393926 -93.5999306,42.0172972,4635.326318470318 -93.5995894,42.0170899,4654.003282630834 -93.5990798,42.0167622,4672.991957023552 -93.5986733,42.0163389,4691.880108764403 -93.59841,42.0160348,4710.80536470343 -93.5981995,42.0157402,4729.90643812904 -93.5978446,42.0154669,4748.351384044356 -93.5974108,42.0150592,4766.55359703279 -93.5969929,42.0145861,4784.790328742992 -93.5965419,42.0141128,4803.061725823012 -93.5962715,42.0137012,4821.64769059118 -93.5958194,42.0133198,4841.250801753265 -93.5953675,42.0130545,4860.894028652086 -93.5951527,42.0126796,4881.422038326709 -93.594753,42.0122537,4901.288833378631 -93.5942341,42.0119674,4922.044962203414 -93.5938221,42.0116696,4941.571317433848 -93.5934883,42.0112685,4961.563370601404 -93.592926,42.0108375,4981.88174313364 -93.5925087,42.0103676,5001.958287574178 -93.5921596,42.0100249,5021.934241774415 -93.5917484,42.009679,5041.665775212789 -93.5911524,42.0092659,5062.011876470385 -93.5907475,42.0088892,5082.688918803557 -93.5902538,42.008379,5104.41932860302 -93.5898947,42.0078884,5124.611057997383 -93.5894898,42.0073766,5144.122244633547 -93.5889946,42.0069527,5164.1083965230355 -93.5887682,42.006523,5184.5724453622115 -93.5883397,42.0060068,5204.35259076878 -93.5880678,42.005622,5225.341197234118 -93.5876152,42.005063,5246.083762241834 -93.5872919,42.004555,5266.285499339372 -93.5870604,42.0041161,5286.6771502248175 -93.5867048,42.0037481,5305.935351881546 -93.5862746,42.0033826,5325.085258123358 -93.585848,42.0030298,5343.830651701059 -93.5853044,42.0025671,5362.613181843495 -93.5848623,42.0020435,5381.433013384168 -93.5846351,42.0014979,5401.479431895496 -93.5843399,42.0010785,5420.8235912400705 -93.5839224,42.0006469,5438.714904456941 -93.5834548,42.0002443,5457.38774621044 -93.582937,41.999623,5476.996543985976 -93.5824808,41.9991459,5496.946427133972 -93.5819371,41.998707,5517.089015637044 -93.5813835,41.9981271,5536.068348029439 -93.5810161,41.9975796,5555.388109024158 -93.5804988,41.997158,5575.504562609443 -93.5799998,41.9965435,5595.057108146554 -93.5796658,41.9959025,5615.410562071733 -93.5792712,41.9954322,5634.1320110994975 -93.5786581,41.9949522,5654.722897476995 -93.5780829,41.9943615,5674.134809964882 -93.5776006,41.993766,5693.433555836755 -93.5772245,41.9931851,5712.618373596573 -93.5769117,41.9926585,5732.61223301271 -93.5764698,41.9922412,5751.87733098645 -93.5761428,41.9917726,5771.800464587788 -93.5756691,41.9911714,5791.1462782171775 -93.5752859,41.9905875,5811.4636207263175 -93.5748022,41.9899475,5831.513913999989 -93.5741603,41.9894427,5851.76315156129 -93.5736207,41.9889011,5871.11870852846 -93.5730991,41.9883014,5891.14072408888 -93.5724994,41.9878204,5911.833421144879 -93.5719012,41.9871802,5933.830394002259 -93.571458,41.986535,5954.617942907438 -93.5709047,41.9858609,5974.977858878806 -93.5702021,41.9852681,5994.748922858368 -93.5695599,41.9846247,6013.927311545911 -93.5691155,41.9840539,6033.145231871105 -93.5686743,41.9835827,6053.199493574067 -93.568046,41.9831365,6074.0954439065345 -93.56738,41.982561,6094.078153589225 -93.5668178,41.9819377,6113.943494105182 -93.5661745,41.9814735,6133.8513595042505 -93.5656981,41.9810678,6153.963019908977 -93.565182,41.9805584,6173.956895657579 -93.5646388,41.9800216,6195.611689374051 -93.5641277,41.9795596,6217.1549596358245 -93.5634807,41.978959,6239.073479265552 -93.5629372,41.9784736,6260.881008601423 -93.5624501,41.9780408,6283.06663106737 -93.5617357,41.9774952,6305.469253282223 -93.5610018,41.9770165,6326.941575770313 -93.5604013,41.9764167,6346.983625665897 -93.5599173,41.9758781,6366.739593927663 -93.5593553,41.9755015,6387.363741151455 -93.5586177,41.9750297,6407.868501118284 -93.5579731,41.9744623,6427.257587037665 -93.5574006,41.9738537,6446.521263899323 -93.5569857,41.9733164,6465.492095392671 -93.5564848,41.9728378,6484.335128184974 -93.5560717,41.9724099,6504.555002111583 -93.5556002,41.9718862,6524.316411999577 -93.5548964,41.9713427,6544.792411664696 -93.5542441,41.970962,6564.9773016717645 -93.5537074,41.9705945,6585.037842764402 -93.5532565,41.9701139,6605.4805388415625 -93.552909,41.9696527,6625.968837974553 -93.5525275,41.9691617,6645.823419036762 -93.5519688,41.9686022,6665.040084441417 -93.5513182,41.9680737,6684.638299925077 -93.5507617,41.967612,6703.594665066767 -93.5503828,41.9671739,6723.789582379551 -93.5497647,41.966805,6744.029138177143 -93.5492458,41.9662402,6765.174056742706 -93.5488437,41.9656553,6785.850459940569 -93.5483951,41.9652482,6805.882199419177 -93.5477638,41.9647279,6826.997553153956 -93.5471588,41.9642062,6847.293488147378 -93.5466704,41.9637339,6868.1568185737715 -93.546125,41.9632535,6890.638243597187 -93.545484,41.9626905,6913.874953024329 -93.5450154,41.9620981,6935.592760939933 -93.5445998,41.9615844,6956.307911821682 -93.5439411,41.9610843,6977.598791709231 -93.5435483,41.9605267,6999.469366755978 -93.5431508,41.9599607,7020.507650396487 -93.5428342,41.959435,7041.949579520931 -93.5424642,41.9590442,7063.264418146854 -93.541893,41.9586843,7084.272931583883 -93.5412906,41.9581643,7104.07968342448 -93.5407901,41.957646,7124.108824078429 -93.5404676,41.9571898,7145.258951917548 -93.5394329,41.9564081,7172.576174205859 -93.5388353,41.9558608,7197.448943091699 -93.5382896,41.9554824,7222.028335166715 -93.5378838,41.9550197,7245.041652295427 -93.5374641,41.9545143,7267.386163069472 -93.5367825,41.9540237,7289.968450392868 -93.5362576,41.9535618,7311.876217745425 -93.5358152,41.9531588,7334.2038059326915 -93.5351788,41.9526331,7356.58684188404 -93.5346542,41.9521455,7378.841482293478 -93.5342179,41.9517361,7401.520494545606 -93.5337365,41.9513373,7422.961336167495 -93.5333042,41.9509414,7445.009934637704 -93.5327681,41.950382,7467.484700304049 -93.5320689,41.9499108,7490.015844443106 -93.5314475,41.949443,7511.29539888543 -93.5309915,41.948851,7533.374894466996 -93.5304025,41.9484092,7555.508894653381 -93.5297573,41.9479939,7576.944637458113 -93.5291834,41.9474136,7598.620520384239 -93.5286239,41.9469877,7620.1598501692415 -93.5280003,41.9466057,7641.561541374804 -93.5273146,41.9460846,7662.444368486947 -93.5268077,41.9455062,7683.757143038447 -93.5264272,41.9449824,7705.311877841903 -93.5258275,41.9445644,7726.535911429937 -93.5250609,41.9440201,7748.194352793742 -93.5244744,41.9433805,7769.3284479248205 -93.5240282,41.9428748,7789.934362700236 -93.5234552,41.9424872,7810.781315222038 -93.5227304,41.9419443,7831.677206884121 -93.5222439,41.9413311,7853.593171031968 -93.5217182,41.9409017,7875.563289982165 -93.5209662,41.9403607,7897.39271630017 -93.5203497,41.9397097,7919.080307764892 -93.5198659,41.9391549,7941.017126707832 -93.5192248,41.9387578,7963.008329656912 -93.5184344,41.9382467,7984.857137721898 -93.5176696,41.9377487,8005.3770964376645 -93.5169596,41.937334,8024.954792643222 -93.5163763,41.9369473,8044.972724427693 -93.515773,41.9365607,8063.842903740852 -93.5150219,41.9360693,8083.74985551188 -93.5144153,41.9354221,8104.500766350497 -93.5138794,41.9349027,8124.499647453588 -93.5131654,41.9345125,8145.748046166457 -93.5124131,41.9339519,8166.444214464868 -93.5118956,41.9333794,8187.7940254705845 -93.5112587,41.9329715,8209.397835452875 -93.5106851,41.9323342,8230.852119380857 -93.5099731,41.9317141,8252.968267518947 -93.5091976,41.9312713,8275.343826144177 -93.5084539,41.9308366,8296.143078073621 -93.5079011,41.9303038,8316.787040524565 -93.507374,41.9297207,8338.09502211806 -93.5068805,41.9291896,8359.043600727797 -93.5062714,41.9285348,8379.217897454626 -93.5055189,41.9279062,8400.058463769665 -93.5046871,41.9273485,8419.913370129592 -93.5040005,41.9269257,8440.43599589299 -93.5034364,41.9264328,8460.174767808378 -93.5028942,41.9258687,8479.541221264617 -93.5022203,41.9252027,8499.786445349084 -93.5015773,41.9245588,8519.240952480915 -93.5010013,41.9241021,8539.788397099539 -93.5001815,41.9236353,8560.80514966752 -93.499393,41.9230968,8581.872649944095 -93.4988394,41.9224997,8603.836978698344 -93.4982069,41.9220179,8625.856804933992 -93.4976418,41.9214785,8647.932443033875 -93.4971252,41.9209297,8671.12965703505 -93.4965361,41.9203012,8692.252426259443 -93.4958217,41.9196066,8713.854933615352 -93.4950756,41.9189072,8733.79395808627 -93.4942377,41.9183139,8753.563731304876 -93.4933991,41.9177673,8773.809899070913 -93.4927585,41.9170636,8796.69751477838 -93.4921525,41.9163761,8818.995400428152 -93.491523,41.9156848,8840.264270666436 -93.4907392,41.9149917,8860.06082151705 -93.4898705,41.9143266,8880.121055012412 -93.4889774,41.9137339,8899.35273450384 -93.4882176,41.9133085,8920.600976894439 -93.4874282,41.9128403,8941.242031249343 -93.4866396,41.9122159,8962.373303842096 -93.4857147,41.9115801,8984.882116346484 -93.4848265,41.9110309,9007.892917294756 -93.4840949,41.9103463,9030.298894182082 -93.4833777,41.9098684,9053.876922484504 -93.482455,41.9092702,9077.743056927528 -93.4816758,41.9085835,9100.555753649682 -93.4810676,41.9080127,9124.551949648927 -93.480246,41.9074944,9147.939753395669 -93.479315,41.9068244,9171.165628763565 -93.4785501,41.9061048,9193.548930964356 -93.4778191,41.9055227,9216.444781707822 -93.4769415,41.9050299,9240.54005282377 -93.4760201,41.904322,9263.333745648999 -93.4750372,41.9036683,9286.64601120125 -93.4740844,41.9030611,9308.415703488583 -93.4731824,41.9025229,9330.240971240675 -93.4724777,41.9019887,9351.891512353814 -93.4717372,41.9013892,9374.059508358889 -93.4709799,41.9006135,9397.908132908933 -93.4700051,41.8999966,9421.591123342478 -93.4691716,41.8994189,9444.873804706793 -93.4684687,41.89863,9470.32463514096 -93.4677382,41.8979454,9493.741147658964 -93.466831,41.8973972,9518.633238384251 -93.4658819,41.8967718,9542.41918650279 -93.4650028,41.8960788,9565.562464073968 -93.4643532,41.8953033,9590.19188300788 -93.4636577,41.8947041,9613.94164298175 -93.462962,41.8941394,9636.804179556362 -93.4621769,41.8935435,9658.772155860683 -93.4611861,41.8927982,9682.954990214505 -93.4603017,41.8920086,9706.00489985154 -93.4596669,41.891327,9728.876727786583 -93.4590861,41.8906252,9752.53587168872 -93.4584511,41.8898521,9776.988832250318 -93.4575622,41.8891712,9800.540247130402 -93.4567604,41.8886158,9823.669990247023 -93.4561195,41.8880385,9846.863383696304 -93.4554752,41.8873593,9869.140263086107 -93.4547729,41.886541,9892.459418106311 -93.453903,41.8858213,9915.8433963296 -93.4530169,41.8852125,9938.798259479256 -93.4522452,41.8846508,9961.32034532026 -93.4514749,41.8840863,9984.151508769874 -93.4505955,41.8833862,10006.29745480948 -93.4499278,41.8825621,10029.251539385094 -93.4492107,41.8819229,10051.767626641014 -93.4483382,41.8812876,10075.3492416733 -93.4475861,41.8804392,10099.501372027047 -93.4469746,41.8797043,10122.460151311469 -93.4461992,41.8790846,10145.735512382404 -93.4452841,41.8783451,10169.838114236938 -93.4446617,41.8775692,10194.01051700498 -93.4439692,41.8769718,10217.9976207835 -93.4430364,41.8763157,10241.797667000788 -93.4421831,41.8755046,10265.151892727628 -93.4414177,41.8746661,10288.05639014544 -93.4406753,41.8739245,10311.282548655881 -93.4398663,41.8733715,10336.128849165578 -93.4388906,41.8726457,10359.230007101583 -93.4381025,41.871789,10383.69898262023 -93.4374088,41.8711027,10407.97887660249 -93.4364424,41.8704664,10432.067861268202 -93.4354266,41.869672,10454.91227382128 -93.4346075,41.8688499,10478.347247326092 -93.4338941,41.8682014,10503.171077168867 -93.4329538,41.8675442,10525.947706908175 -93.4319941,41.8668464,10549.053240093954 -93.4310858,41.8659723,10574.090717499721 -93.4302326,41.8650618,10599.471972117417 -93.4294744,41.8643628,10623.58965012839 -93.4285111,41.8637132,10648.047283708374 -93.4274667,41.8630236,10672.847748867338 -93.4264768,41.8623971,10696.369325491507 -93.425665,41.8617254,10718.60084895021 -93.4249429,41.8609975,10741.981632727258 -93.424216,41.8602244,10763.791121854043 -93.4234173,41.8594106,10785.111319491916 -93.4225251,41.8585925,10805.938286040528 -93.4214548,41.857977,10828.193854531182 -93.4205649,41.8573718,10849.682438095839 -93.4197377,41.856745,10871.780756703067 -93.4186622,41.8559876,10894.216279040747 -93.417563,41.8552411,10916.991661770604 -93.4167877,41.8545242,10941.225394906234 -93.4159086,41.8538642,10964.971693438323 -93.4147738,41.8531659,10990.190383134017 -93.4136719,41.8524143,11014.361333588247 -93.4126507,41.8517139,11038.886515213544 -93.4118037,41.8511261,11064.901801636983 -93.4109186,41.8504865,11089.579970955405 -93.4100354,41.8496255,11114.04832133662 -93.4090376,41.8488625,11138.590580604417 -93.408116,41.8481649,11163.78061965799 -93.407297,41.8473252,11189.336706806644 -93.4064759,41.8465057,11213.819644805553 -93.4055457,41.8458831,11239.534262138413 -93.404508,41.845123,11264.750217758705 -93.4036512,41.8442539,11290.045019639612 -93.4029211,41.8434181,11315.4192209277 -93.4021174,41.8425296,11339.701312946316 -93.4012368,41.8416563,11362.58739765025 -93.4002839,41.8408108,11385.24393830979 -93.3991808,41.8400837,11409.146368352276 -93.3982728,41.8394013,11432.230748132364 -93.3974903,41.8387303,11454.78707163029 -93.3967737,41.8379373,11477.704869026717 -93.3959907,41.8371084,11499.791497983168 -93.3951636,41.8361876,11522.838172733756 -93.3943771,41.8354376,11545.350011366168 -93.3933515,41.8347123,11569.432462565135 -93.3923012,41.8339364,11592.680336979702 -93.3913446,41.8332283,11615.99586006934 -93.3904991,41.8324588,11637.858981048686 -93.389848,41.8315982,11661.611634576591 -93.3891637,41.8307586,11684.211611564007 -93.388324,41.8298253,11708.102605590095 -93.3873931,41.8289749,11731.757622401456 -93.3866765,41.8282422,11755.791555455779 -93.3859712,41.8275426,11779.279115591158 -93.3852475,41.8266497,11804.698843093558 -93.3843665,41.8257808,11828.954123789035 -93.3833629,41.8250583,11853.908379387016 -93.3823829,41.8242146,11879.568031164175 -93.3816926,41.8233857,11906.254215975756 -93.3809408,41.8226392,11931.137357271937 -93.3798936,41.8219058,11958.947494902297 -93.3788381,41.8211718,11984.949600503163 -93.3779908,41.820387,12010.081404394903 -93.3773799,41.8195656,12036.891661531039 -93.3766413,41.8186802,12060.906437868598 -93.3758447,41.8177244,12085.316084578126 -93.3747999,41.8169075,12110.124100070087 -93.373833,41.8161143,12135.0103545531 -93.3728623,41.8152919,12158.027229835388 -93.3718917,41.8144695,12183.716830314761 -93.3709211,41.8136471,12208.836982452713 -93.3705976,41.813373,12233.054239779132 -93.3705976,41.813373,12256.688792259896 -93.3705976,41.813373,12280.72441121068 -93.3705976,41.813373,12306.818737345528 -93.3705976,41.813373,12331.672407686694 -93.3705976,41.813373,12356.938101739788 -93.3705976,41.813373,12382.95370357032 -93.3705976,41.813373,12407.380223597347 -93.3705976,41.813373,12433.900639690148 -93.3705976,41.813373,12460.173949959559 -93.3705976,41.813373,12487.551662473823 -93.3705976,41.813373,12514.006492445433 -93.3705976,41.813373,12538.506269665866 -93.3705976,41.813373,12561.71590996671 -93.3705976,41.813373,12583.96646785768 -93.3705976,41.813373,12606.624646299006 -93.3705976,41.813373,12627.969925011374 -93.3705976,41.813373,12651.794310070423 -93.3705976,41.813373,12678.120553687038 -93.3705976,41.813373,12704.884622094281 -93.3705976,41.813373,12729.645338587381 -93.3705976,41.813373,12756.237777660102 -93.3705976,41.813373,12782.57020106801 -93.3705976,41.813373,12808.286828141352 -93.3705976,41.813373,12834.443389362888 -93.3705976,41.813373,12861.044146491693 -93.3705976,41.813373,12887.023936082556 -93.3705976,41.813373,12913.449286409163 -93.3705976,41.813373,12939.24775185529 -93.3705976,41.813373,12965.493119553288 -93.3705976,41.813373,12991.82836808125 -93.3705976,41.813373,13017.166402148334 -93.3705976,41.813373,13043.31591269288 -93.3705976,41.813373,13070.650101550435 -93.3705976,41.813373,13096.250253050574 -93.3705976,41.813373,13122.303825447638 -93.3705976,41.813373,13148.815239526315 -93.3705976,41.813373,13175.789035442385 -93.3705976,41.813373,13203.229876111025 -93.3705976,41.813373,13229.651294118017 -93.3705976,41.813373,13256.53863413045 -93.3705976,41.813373,13282.39498086174 -93.3705976,41.813373,13308.339415080967 -93.3705976,41.813373,13335.506512370184 -93.3705976,41.813373,13362.391686928155 -93.3705976,41.813373,13389.372347915665 -93.3705976,41.813373,13416.06721993033 -93.3705976,41.813373,13443.239775273581 -93.3705976,41.813373,13471.664551488402 -93.3705976,41.813373,13498.651430289347 -93.3705976,41.813373,13526.122540186896 -93.3257104,41.7741735,13552.52683714116 -93.3253422,41.7736168,13577.85283012945 -93.3249741,41.7730602,13602.480944736848 -93.324606,41.7725035,13629.940195377345 -93.3244833,41.772318,13655.133679098943 -93.3244833,41.772318,13680.411760574336 -93.3244833,41.772318,13706.966084929714 -93.3244833,41.772318,13733.216128733915 -93.3244833,41.772318,13758.758646891214 -93.3244833,41.772318,13785.190753499306 -93.3244833,41.772318,13813.327012611633 -93.3244833,41.772318,13838.74032079942 -93.3244833,41.772318,13863.429352279725 -93.3244833,41.772318,13886.979998216759 -93.3244833,41.772318,13910.60509285391 -93.3244833,41.772318,13937.170613672519 -93.3244833,41.772318,13963.009309329704 -93.3244833,41.772318,13988.113348666366 -93.3244833,41.772318,14014.129581097559 -93.3244833,41.772318,14039.4068443261 -93.3244833,41.772318,14064.77030726428 -93.3244833,41.772318,14089.384808714392 -93.3244833,41.772318,14115.33911665777 -93.3244833,41.772318,14142.22623106899 -93.3244833,41.772318,14170.056081266717 -93.3244833,41.772318,14197.566848441304 -93.3244833,41.772318,14224.329084506295 -93.3244833,41.772318,14252.897197601753 -93.3244833,41.772318,14280.718510864312 -93.3244833,41.772318,14306.06281796951 -93.3244833,41.772318,14332.790006990253 -93.3244833,41.772318,14359.614492268283 -93.3244833,41.772318,14385.66705947191 -93.3244833,41.772318,14411.375705935734 -93.3244833,41.772318,14438.926949402157 -93.3244833,41.772318,14464.383293593326 -93.3244833,41.772318,14489.928259262977 -93.3244833,41.772318,14516.448081049393 -93.3244833,41.772318,14541.286833518361 -93.3244833,41.772318,14567.547738929763 -93.3244833,41.772318,14592.560872453127 -93.3244833,41.772318,14615.864264988331 -93.3244833,41.772318,14638.34172405575 -93.3244833,41.772318,14663.147166995044 -93.3244833,41.772318,14688.037290692457 -93.3244833,41.772318,14714.377508432439 -93.3244833,41.772318,14741.270023154182 -93.3244833,41.772318,14767.34571129437 -93.3244833,41.772318,14794.89527070862 -93.3244833,41.772318,14822.08799660183 -93.3244833,41.772318,14848.919561398263 -93.3244833,41.772318,14875.850832272665 -93.3244833,41.772318,14904.283588366068 -93.3244833,41.772318,14932.828532695628 -93.3244833,41.772318,14959.133350106258 -93.3244833,41.772318,14984.589777990135 -93.3244833,41.772318,15010.610273457913 -93.3244833,41.772318,15035.298139535498 -93.3244833,41.772318,15061.025408935193 -93.3244833,41.772318,15085.88703464322 -93.3244833,41.772318,15111.796169702086 -93.3244833,41.772318,15136.351985443202 -93.3244833,41.772318,15160.992072828656 -93.3244833,41.772318,15186.20273835085 -93.3244833,41.772318,15211.01500880096 -93.3244833,41.772318,15235.424495179977 -93.3244833,41.772318,15259.426838555048 -93.3244833,41.772318,15283.017712483863 -93.3244833,41.772318,15306.686730959344 -93.3244833,41.772318,15329.443406147233 -93.3244833,41.772318,15353.764321935894 -93.3244833,41.772318,15379.166362993199 -93.3244833,41.772318,15406.161752244598 -93.3244833,41.772318,15430.746502501446 -93.3244833,41.772318,15457.434215275154 -93.3244833,41.772318,15485.23542113738 -93.3244833,41.772318,15511.112384560283 -93.3244833,41.772318,15538.104556361575 -93.3244833,41.772318,15563.66347604016 -93.3244833,41.772318,15587.773288469703 -93.3244833,41.772318,15612.996853085251 -93.3244833,41.772318,15638.828313389275 -93.3244833,41.772318,15664.235149822376 -93.3244833,41.772318,15691.297944248403 -93.3244833,41.772318,15717.418205604103 -93.3244833,41.772318,15743.110387217775 -93.3244833,41.772318,15769.951225287983 -93.3244833,41.772318,15796.365619424136 -93.3244833,41.772318,15823.942360783907 -93.3244833,41.772318,15852.16137259977 -93.3244833,41.772318,15879.958765924544 -93.3244833,41.772318,15906.791453517415 -93.3244833,41.772318,15935.346871514348 -93.3244833,41.772318,15964.019386789581 -93.3244833,41.772318,15992.810078000859 -93.3244833,41.772318,16020.080422783014 -93.3244833,41.772318,16045.81216654628 -93.3244833,41.772318,16073.291110058233 -93.3244833,41.772318,16099.773360576764 -93.2858954,41.6790353,16125.247176051127 -93.2854233,41.6781802,16153.599502515779 -93.2849096,41.6773145,16179.271907134933 -93.284396,41.6764487,16205.039703502127 -93.2838824,41.6755829,16230.903687457741 -93.28354,41.6750058,16256.86466519834 -93.28354,41.6750058,16281.788417615933 -93.2835273,41.6744595,16305.663418144884 -93.2824831,41.6744649,16331.335716009882 -93.2814389,41.6744702,16356.530226915216 -93.2803947,41.6744756,16380.665740018574 -93.2800467,41.6744773,16405.463843684476 -93.2540888,41.7058622,16432.671359058197 -93.2540683,41.7075065,16459.40465566519 -93.2540477,41.7091509,16486.242402062817 -93.2540272,41.7107953,16513.77241171496 -93.2540203,41.7113434,16542.592099528872 -93.2540203,41.7113434,16571.533561897188 -93.2540203,41.7113434,16600.00356747214 -93.2540203,41.7113434,16626.205642248166 -93.2540203,41.7113434,16650.712018485123 -93.2540203,41.7113434,16676.508732463597 -93.2540203,41.7113434,16705.420830158502 -93.2540203,41.7113434,16730.81997880819 -93.2540203,41.7113434,16757.53068179158 -93.2540203,41.7113434,16784.346736350806 -93.2540203,41.7113434,16811.882189690325 -93.2540203,41.7113434,16837.683139781424 -93.2540203,41.7113434,16862.347090828778 -93.2540203,41.7113434,16886.481210839363 -93.2540203,41.7113434,16909.45750359943 -93.2540203,41.7113434,16931.263910835354 -93.2540203,41.7113434,16953.140908829628 -93.2540203,41.7113434,16973.832908662276 -93.2540203,41.7113434,16996.478600318896 -93.2540203,41.7113434,17020.465186867794 -93.2540203,41.7113434,17043.2683688233 -93.2540203,41.7113434,17068.05929776488 -93.2540203,41.7113434,17095.499222527436 -93.2540203,41.7113434,17119.200342010852 -93.2540203,41.7113434,17142.98542621754 -93.2540203,41.7113434,17168.147821986753 -93.2540203,41.7113434,17194.053913846314 -93.2540203,41.7113434,17221.363609686014 -93.2540203,41.7113434,17248.785246589392 -93.2540203,41.7113434,17275.00610634221 -93.2540203,41.7113434,17300.670964643476 -93.2540203,41.7113434,17323.787893262663 -93.2540203,41.7113434,17346.985269478475 -93.2540203,41.7113434,17370.263721696196 -93.2540203,41.7113434,17392.95531289374 -93.2540203,41.7113434,17415.724603673592 -93.2540203,41.7113434,17439.918618111195 -93.2540203,41.7113434,17464.20112927176 -93.2540203,41.7113434,17491.28637392652 -93.2540203,41.7113434,17517.801508464974 -93.2540203,41.7113434,17542.37163218852 -93.2540203,41.7113434,17566.34707222909 -93.2540203,41.7113434,17590.409806395986 -93.2540203,41.7113434,17614.56054825504 -93.2540203,41.7113434,17640.881841802093 -93.2540203,41.7113434,17665.218478844003 -93.2540203,41.7113434,17687.548093050664 -93.2540203,41.7113434,17709.252404701583 -93.2540203,41.7113434,17734.54765415478 -93.2540203,41.7113434,17759.23398994141 -93.2540203,41.7113434,17782.595027045496 -93.2540203,41.7113434,17803.9047867968 -93.2540203,41.7113434,17826.711839461826 -93.2540203,41.7113434,17851.031696377984 -93.2540203,41.7113434,17877.60055900248 -93.2540203,41.7113434,17905.722995213622 -93.2540203,41.7113434,17935.418801369447 -93.2540203,41.7113434,17964.521205759145 -93.2540203,41.7113434,17994.486696474898 -93.2540203,41.7113434,18023.854886816556 -93.2540203,41.7113434,18054.095598014414 -93.2540203,41.7113434,18082.992422545503 -93.2540203,41.7113434,18112.764507901848 -93.2540203,41.7113434,18143.423511602763 -93.2540203,41.7113434,18172.722328681826 -93.2540203,41.7113434,18204.424077426145 -93.2540203,41.7113434,18236.282192608825 -93.2540203,41.7113434,18268.298408559087 -93.2540203,41.7113434,18298.170858405854 -93.2540203,41.7113434,18325.869014825472 -93.2540203,41.7113434,18351.364224208806 -93.2540203,41.7113434,18377.73827000585 -93.2540203,41.7113434,18405.001706461062 -93.2540203,41.7113434,18430.81384521611 -93.2540203,41.7113434,18459.878960136786 -93.2540203,41.7113434,18489.07669724389 -93.2540203,41.7113434,18516.819470116247 -93.2540203,41.7113434,18543.087800569865 -93.2540203,41.7113434,18570.26575117973 -93.2540203,41.7113434,18595.951308460797 -93.2540203,41.7113434,18619.31868657094 -93.2540203,41.7113434,18642.772216180114 -93.2540203,41.7113434,18665.499418815194 -93.2540203,41.7113434,18688.3082486753 -93.2540203,41.7113434,18712.837609807142 -93.2540203,41.7113434,18737.462251364075 -93.2540203,41.7113434,18760.531947325733 -93.2540203,41.7113434,18785.343164471356 -93.2540203,41.7113434,18810.252132360893 -93.2540203,41.7113434,18835.25971593006 -93.2540203,41.7113434,18861.205418418573 -93.2540203,41.7113434,18884.73237444163 -93.2540203,41.7113434,18907.502607127713 -93.2540203,41.7113434,18933.748209423244 -93.2540203,41.7113434,18959.251916835732 -93.2540203,41.7113434,18982.294120397997 -93.2540203,41.7113434,19006.279432118332 -93.2540203,41.7113434,19031.21846303567 -93.2540203,41.7113434,19054.52714492036 -93.2540203,41.7113434,19077.92295095701 -93.2540203,41.7113434,19102.278074430862 -92.9871132,41.8753723,19127.603511030793 -92.9863911,41.8762018,19155.668589811517 -93.2098523,41.68892,19182.977626015792 -93.2095984,41.6888513,19213.95500147705 -93.2093445,41.6887826,19244.195719072013 -93.2090906,41.6887139,19271.89697395816 -93.2072439,41.6823597,19298.822844381193 -93.2072439,41.6823597,19323.156482634007 -93.2072439,41.6823597,19346.679542654125 -93.2072439,41.6823597,19371.202313935886 -93.2072439,41.6823597,19393.082258897728 -93.2072439,41.6823597,19415.956548576563 -93.2072439,41.6823597,19439.836051009603 -93.2072439,41.6823597,19466.580396016954 -93.2072439,41.6823597,19493.441316317236 -93.2072439,41.6823597,19522.284917940233 -93.2072439,41.6823597,19549.390673310532 -93.2072439,41.6823597,19576.616564028936 -93.2072439,41.6823597,19605.854305199082 -93.2072439,41.6823597,19634.28230028742 -93.2072439,41.6823597,19662.842898393847 -93.2072439,41.6823597,19691.53748993048 -93.2072439,41.6823597,19720.367488076634 -93.2072439,41.6823597,19747.398920051808 -93.2072439,41.6823597,19772.60730973913 -93.2072439,41.6823597,19798.896159463806 -93.2072439,41.6823597,19825.299090800007 -93.2072439,41.6823597,19852.801595858797 -93.2072439,41.6823597,19877.463116158593 -93.2072439,41.6823597,19902.225311199363 -93.2072439,41.6823597,19928.085782323127 -93.2072439,41.6823597,19953.05623065794 -93.2072439,41.6823597,19979.135327152413 -93.2072439,41.6823597,20008.3569746005 -93.2072439,41.6823597,20037.72080156477 -93.2072439,41.6823597,20064.16914546711 -93.2072439,41.6823597,20089.710260213473 -93.2072439,41.6823597,20114.33216967449 -93.2072439,41.6823597,20138.023195836202 -93.2072439,41.6823597,20161.808065001504 -93.2072439,41.6823597,20185.687612048747 -93.2072439,41.6823597,20212.79695390723 -93.2072439,41.6823597,20238.979900984596 -93.2072439,41.6823597,20267.38682900666 -93.2072439,41.6823597,20293.8105195593 -93.2072439,41.6823597,20320.351723494216 -93.2072439,41.6823597,20344.874428262105 -93.2072439,41.6823597,20372.717880026183 -93.2072439,41.6823597,20400.692252444067 -93.2072439,41.6823597,20428.798929389526 -93.2072439,41.6823597,20457.039317580766 -93.2072439,41.6823597,20482.133804131216 -93.2072439,41.6823597,20510.63009295599 -93.2072439,41.6823597,20538.16040056908 -93.2072439,41.6823597,20566.928603862194 -93.2072439,41.6823597,20598.06733019353 -93.2072439,41.6823597,20628.250500089125 -93.2072439,41.6823597,20656.336476568995 -93.2072439,41.6823597,20685.688837509646 -93.2072439,41.6823597,20712.914082154617 -93.2169439,41.7040303,20740.26619775259 -93.216804,41.7040462,20770.042368614566 -93.2166641,41.7040621,20799.970715322757 -93.2165241,41.704078,20826.57404329857 -93.2144536,41.7065458,20852.134551164243 -93.2144536,41.7065458,20880.147002654976 -93.2144536,41.7065458,20907.119156168286 -93.1940113,41.6992183,20935.39783336414 -93.1936883,41.6991929,20963.814650609915 -93.1933654,41.6991676,20992.371125242986 -93.1930424,41.6991423,21021.06880063473 -93.1930424,41.6991423,21051.11405387329 -93.1708704,41.7262207,21081.316029564092 -93.1703234,41.7263823,21112.894312578333 -93.1698458,41.7265049,21140.973594793675 -93.1698458,41.7265049,21170.42016551671 -93.1698458,41.7265049,21201.254546805438 -93.1698458,41.7265049,21232.255031338467 -93.1689344,41.7264627,21264.673902096492 -93.1641729,41.7242594,21294.762401214768 -93.1639321,41.7244397,21325.009653390232 -93.1636913,41.7246201,21356.688052626883 -93.1634506,41.7248004,21384.71094975035 -93.1633703,41.7248605,21410.30616691056 -93.1633703,41.7248605,21437.305296793045 -93.1633703,41.7248605,21464.432938154627 -93.1633703,41.7248605,21492.991707243364 -93.1633703,41.7248605,21520.38680710676 -93.1633703,41.7248605,21549.228869402803 -93.1633703,41.7248605,21578.21831737213 -93.1633703,41.7248605,21607.356844993326 -93.1633703,41.7248605,21637.981121396675 -93.1633703,41.7248605,21668.772229992373 -93.1633703,41.7248605,21697.033286634392 -93.1633703,41.7248605,21724.080916053972 -93.1633703,41.7248605,21749.89704130938 -93.1633703,41.7248605,21775.83217920633 -93.1633703,41.7248605,21800.51320898489 -93.1633703,41.7248605,21826.683665588906 -93.1633703,41.7248605,21852.97682732154 -93.1633703,41.7248605,21880.787824047264 -93.1633703,41.7248605,21907.33692957458 -93.1633703,41.7248605,21932.60558353543 -93.1633703,41.7248605,21960.816661713074 -93.1633703,41.7248605,21986.329234778485 -93.1633703,41.7248605,22011.9591963769 -93.1633703,41.7248605,22036.27415241848 -93.1633703,41.7248605,22060.695937713186 -93.1633703,41.7248605,22086.671911234323 -93.1633703,41.7248605,22115.677506324693 -93.1633703,41.7248605,22140.4522254142 -93.1633703,41.7248605,22168.27351041366 -93.1633703,41.7248605,22197.711149103303 -93.1633703,41.7248605,22228.79054957229 -93.1633703,41.7248605,22258.553753393036 -93.1633703,41.7248605,22288.478710547235 -93.1633703,41.7248605,22314.04357907516 -93.1633703,41.7248605,22341.242575269396 -93.1633703,41.7248605,22365.533166768608 -93.1633703,41.7248605,22389.93188464685 -93.1633703,41.7248605,22415.97520697386 -93.1633703,41.7248605,22443.68633221261 -93.1633703,41.7248605,22471.53874419824 -93.1633703,41.7248605,22501.09358178335 -93.1633703,41.7248605,22522.973849521477 -93.1633703,41.7248605,22529.241536713136 -93.1633703,41.7248605,22524.540094897104 -93.1633703,41.7248605,22501.09358178335 -93.1633703,41.7248605,22468.43700450397 -93.1633703,41.7248605,22425.196649030728 -93.1633703,41.7248605,22373.146100463233 -93.1633703,41.7248605,22315.551105125007 -93.1633703,41.7248605,22252.588235003586 -93.1633703,41.7248605,22187.39012074574 -93.1633703,41.7248605,22122.95268917416 -93.1633703,41.7248605,22056.378401840335 -93.1633703,41.7248605,21986.329234778485 -93.1633703,41.7248605,21915.747120608758 -93.1633703,41.7248605,21841.890984145353 -93.1633703,41.7248605,21773.096523700886 -93.1633703,41.7248605,21701.082165072996 -93.1633703,41.7248605,21631.30954808642 -93.1633703,41.7248605,21562.38751913672 -93.1633703,41.7248605,21491.690466203723 -93.1633703,41.7248605,21424.432624303663 -93.1633703,41.7248605,21356.688052626883 -93.1633703,41.7248605,21292.248988545678 -93.1633703,41.7248605,21226.041550080143 -93.1633703,41.7248605,21159.360068660848 -93.1633703,41.7248605,21093.44111292562 -93.1633703,41.7248605,21027.065400643438 -93.1633703,41.7248605,20961.44126946796 -93.1633703,41.7248605,20895.376788936534 -93.1633703,41.7248605,20831.213095565272 -93.1633703,41.7248605,20766.59892310179 -93.1633703,41.7248605,20703.82496884745 -93.1633703,41.7248605,20640.59182272337 -93.1633703,41.7248605,20575.808627761253 -93.1633703,41.7248605,20512.827808114762 -93.1633703,41.7248605,20450.51036258398 -93.1633703,41.7248605,20388.84087503429 -93.1633703,41.7248605,20324.609299584805 -93.1633703,41.7248605,20264.223827932936 -93.1633703,41.7248605,20203.39905989418 -93.1633703,41.7248605,20142.152930415843 -93.1633703,41.7248605,20078.458814484093 -93.1633703,41.7248605,20017.4545988231 -93.1633703,41.7248605,19955.058326010443 -93.1633703,41.7248605,19892.308293423335 -93.1633703,41.7248605,19828.239840071645 -93.1633703,41.7248605,19759.02060428766 -93.1633703,41.7248605,19687.703751979807 -93.1633703,41.7248605,19616.26259367828 -93.1633703,41.7248605,19550.32749043659 -93.1633703,41.7248605,19484.165690773207 -93.1633703,41.7248605,19420.54159106237 -93.1633703,41.7248605,19357.56655557149 -93.1633703,41.7248605,19295.225969411844 -93.1633703,41.7248605,19236.176498528323 -93.1633703,41.7248605,19176.80060022382 -93.1633703,41.7248605,19118.858995051083 -93.1633703,41.7248605,19060.5843291269 -93.1633703,41.7248605,19001.989608789056 -93.1633703,41.7248605,18945.637061139274 -93.1633703,41.7248605,18890.62786621992 -93.1633703,41.7248605,18834.424531774526 -93.1633703,41.7248605,18777.88957454555 -93.1633703,41.7248605,18721.035196131248 -93.1633703,41.7248605,18665.499418815194 -93.1633703,41.7248605,18608.02717087066 -93.1633703,41.7248605,18543.087800569865 -93.1633703,41.7248605,18480.382355534104 -93.1633703,41.7248605,18419.850541155098 -93.1633703,41.7248605,18359.110058760787 -93.1633703,41.7248605,18296.63556212678 -93.1633703,41.7248605,18236.282192608825 -93.1633703,41.7248605,18171.96941689037 -93.1633703,41.7248605,18108.289969863574 -93.1633703,41.7248605,18043.01558947251 -93.1633703,41.7248605,17976.198655913628 -93.1633703,41.7248605,17907.168440723242 -93.1633703,41.7248605,17837.430050050192 -93.1633703,41.7248605,17767.011764003197 -93.1633703,41.7248605,17700.842237802477 -93.1633703,41.7248605,17637.41250475811 -93.1633703,41.7248605,17576.64894210885 -93.1633703,41.7248605,17516.43917237872 -93.1633703,41.7248605,17460.14786774484 -93.1633703,41.7248605,17402.99097501994 -93.1633703,41.7248605,17346.985269478475 -93.1633703,41.7248605,17292.10504114483 -93.1633703,41.7248605,17237.672461946662 -93.1633703,41.7248605,17184.32738568332 -93.1633703,41.7248605,17130.118157205376 -93.1633703,41.7248605,17075.068160376366 -93.1633703,41.7248605,17021.097567221695 -93.1633703,41.7248605,16967.55590479662 -93.1633703,41.7248605,16915.058151556077 -93.1633703,41.7248605,16862.964841274294 -93.1633703,41.7248605,16813.108583836514 -93.1633703,41.7248605,16761.1811922678 -93.1633703,41.7248605,16709.64744741246 -93.1633703,41.7248605,16658.500741635988 -93.1633703,41.7248605,16605.949768420716 -93.1633703,41.7248605,16554.390167857324 -93.1633703,41.7248605,16504.9742275524 -93.1633703,41.7248605,16454.747909253074 -93.1633703,41.7248605,16406.61942092968 -93.1633703,41.7248605,16354.236009016395 -93.1633703,41.7248605,16301.678516163964 -93.1633703,41.7248605,16249.51798763375 -93.1633703,41.7248605,16197.747784278572 -93.1633703,41.7248605,16144.135858323092 -93.1633703,41.7248605,16091.486822095387 -93.1633703,41.7248605,16037.589580571599 -93.1633703,41.7248605,15984.649715840864 -93.1633703,41.7248605,15931.568712845357 -93.1633703,41.7248605,15881.565831095326 -93.1633703,41.7248605,15832.449353034099 -93.1633703,41.7248605,15783.146012495894 -93.1633703,41.7248605,15733.136980144367 -93.1633703,41.7248605,15684.522503039303 -93.1633703,41.7248605,15634.688926900293 -93.1633703,41.7248605,15585.204506494125 -93.1633703,41.7248605,15535.553729210713 -93.1633703,41.7248605,15487.261579880636 -93.1633703,41.7248605,15435.271321336724 -93.1633703,41.7248605,15385.156499574094 -93.1633703,41.7248605,15333.904300115722 -93.1633703,41.7248605,15279.572523360788 -93.1633703,41.7248605,15227.115928519828 -93.1633703,41.7248605,15175.525868808254 -93.1633703,41.7248605,15123.82284489095 -93.1633703,41.7248605,15072.489331115385 -93.1633703,41.7248605,15021.519476937243 -93.1633703,41.7248605,14970.43623655156 -93.1633703,41.7248605,14918.775953582886 -93.1633703,41.7248605,14866.552872647784 -93.1633703,41.7248605,14813.31988824536 -93.1633703,41.7248605,14757.727993185687 -93.1633703,41.7248605,14703.012281266881 -93.1633703,41.7248605,14646.90134338614 -93.1633703,41.7248605,14593.455783652844 -93.1633703,41.7248605,14540.398282697957 -93.1633703,41.7248605,14489.045915580182 -93.1633703,41.7248605,14439.365104924818 -93.1633703,41.7248605,14390.453385720757 -93.1633703,41.7248605,14341.000037539912 -93.1633703,41.7248605,14291.446996669472 -93.1633703,41.7248605,14243.077780575959 -93.1633703,41.7248605,14192.48023675506 -93.1633703,41.7248605,14142.64711671363 -93.1633703,41.7248605,14093.14674414341 -93.1633703,41.7248605,14043.558864360337 -93.1633703,41.7248605,13992.23684606737 -93.1633703,41.7248605,13943.314570505047 -93.1633703,41.7248605,13894.711028200309 -93.1633703,41.7248605,13846.82611220129 -93.1633703,41.7248605,13798.441829474521 -93.1633703,41.7248605,13752.364864061865 -93.1633703,41.7248605,13701.806414517872 -93.1633703,41.7248605,13652.374032806414 -93.1633703,41.7248605,13603.26410821293 -93.1633703,41.7248605,13554.471977119085 -93.1633703,41.7248605,13504.83339811031 -93.1633703,41.7248605,13455.90251289516 -93.1633703,41.7248605,13407.28568273584 -93.1633703,41.7248605,13359.357612134008 -93.1633703,41.7248605,13311.35319465889 -93.1633703,41.7248605,13264.398672078029 -93.1633703,41.7248605,13218.103928801193 -93.1633703,41.7248605,13170.238698576975 -93.1633703,41.7248605,13124.141930547816 -93.1633703,41.7248605,13075.03262938836 -93.1633703,41.7248605,13026.235999905626 -93.1633703,41.7248605,12978.469089625638 -93.1633703,41.7248605,12930.638654271579 -93.1633703,41.7248605,12883.103567631912 -93.1633703,41.7248605,12834.089331177483 -93.1633703,41.7248605,12783.273627629622 -93.1633703,41.7248605,12732.440245829339 -93.1633703,41.7248605,12682.632686715931 -93.1633703,41.7248605,12632.797952291114 -93.1633703,41.7248605,12583.280885738379 -93.1633703,41.7248605,12535.780265213394 -93.1633703,41.7248605,12489.583466934779 -93.1633703,41.7248605,12442.311954556018 -93.1108431,41.6209267,12394.320951918759 -93.1100596,41.6200665,12342.633032726164 -93.1093043,41.6192435,12291.283812676578 -93.1084949,41.618468,12241.908870289084 -93.1076956,41.6177402,12194.146639983086 -93.1068492,41.6169433,12146.672483141874 -93.1060142,41.6161296,12101.093980011152 -93.1051779,41.6152831,12056.097642480372 -93.1044026,41.6144537,12009.444170849292 -93.1037063,41.6137073,11963.697605624504 -93.1029777,41.6129025,11918.21358376155 -93.1021767,41.6120509,11873.928323603102 -93.101325,41.6111495,11828.019860253406 -93.100503,41.6103131,11781.136347856445 -93.0996464,41.6094926,11734.527076145445 -93.0987579,41.6086861,11689.412537457536 -93.0978351,41.6078905,11645.159980815411 -93.0969506,41.6070974,11600.545524392664 -93.0960045,41.606288,11555.877187819262 -93.0951349,41.6054797,11510.558335625597 -93.0943071,41.604705,11465.791368917431 -93.0933587,41.6039313,11420.680286603214 -93.0924414,41.603112,11377.880937394486 -93.0915524,41.6022438,11335.60041505981 -93.0905762,41.6014524,11290.918667155096 -93.0896002,41.6006148,11247.930853881513 -93.0886752,41.5998594,11202.865188745793 -93.0877233,41.5991047,11158.048741386685 -93.086739,41.5983238,11113.763381893577 -93.0858545,41.5976001,11070.568320140705 -93.0849709,41.5968519,11025.628109474215 -93.0840518,41.5960995,10981.21480241636 -93.083145,41.5953155,10936.763217389687 -93.0822338,41.5945206,10893.106906213834 -93.0813613,41.5937713,10850.234169578669 -93.0805455,41.5928925,10807.310337770745 -93.0797511,41.5920138,10765.975261083928 -93.0789191,41.5911972,10722.674104959358 -93.0781124,41.5904119,10677.978907940911 -93.0772547,41.5896457,10633.525204113294 -93.0763116,41.5888764,10590.111894837299 -93.0754938,41.588092,10546.128278909511 -93.0747479,41.5873586,10502.113224777486 -93.0740302,41.5866015,10458.331224870199 -93.0733062,41.5858268,10416.349715428245 -93.072646,41.5850996,10375.100590200533 -93.0719475,41.5844132,10334.314626627287 -93.071208,41.5836754,10294.24369297338 -93.0705281,41.5829656,10254.36487979509 -93.0698232,41.5822239,10213.143595868502 -93.0690939,41.5814103,10171.3627225517 -93.0683703,41.5807361,10130.548577317419 -93.0676607,41.5801124,10091.191210218887 -93.0670542,41.5794343,10049.262848298193 -93.0663802,41.5786931,10007.792546067087 -93.0657609,41.5779937,9965.286524127587 -93.0650917,41.577304,9923.734770642952 -93.0644874,41.5765731,9883.615079461639 -93.0637937,41.5758847,9843.685777467821 -93.0631546,41.5751664,9803.944857126417 -93.0624539,41.5745574,9765.116668571402 -93.0616743,41.5738968,9725.020293917612 -93.0609292,41.5732107,9684.633591594262 -93.0601679,41.5725093,9645.393559752027 -93.0594816,41.5718482,9606.096866536815 -93.0587291,41.5711697,9568.164121106116 -93.0578764,41.5704995,9530.635642372543 -93.0571302,41.5698217,9493.037713697237 -93.0563944,41.5691675,9455.605245323244 -93.0556878,41.5685193,9418.801471802217 -93.0549619,41.5678648,9381.461653739283 -93.0542146,41.5672187,9344.975800856177 -93.0534327,41.5665725,9308.874609009936 -93.0527309,41.5659139,9271.097446573956 -93.0520511,41.5652278,9233.941213847738 -93.051352,41.5645781,9197.398411204735 -93.050748,41.5639192,9160.559617980098 -93.0500917,41.5632536,9124.102807613166 -93.0494252,41.5625884,9087.129193574121 -93.0487645,41.5619215,9051.649820203676 -93.0480427,41.5612778,9014.542078077611 -93.0473044,41.56063,8978.034989001077 -93.0466065,41.5600158,8939.70323042509 -93.045884,41.5593893,8900.446728836596 -93.0452003,41.5588883,8862.02118471238 -93.0444698,41.5583057,8823.982386158896 -93.0437751,41.5576776,8786.325827343888 -93.0430972,41.5570402,8749.477152969912 -93.0424099,41.5563932,8712.141884396498 -93.0416856,41.5558378,8676.88532632287 -93.0409725,41.5552534,8641.558724254572 -93.0402268,41.5547038,8606.586415538462 -93.0395026,41.5540887,8571.332539228288 -93.0388033,41.5534609,8536.850085873408 -93.0381393,41.5528997,8502.503289689499 -93.0374758,41.5523546,8468.290963662279 -93.0367947,41.5518432,8434.004544382069 -93.0362582,41.5513028,8400.471649038722 -93.0356801,41.5507922,8366.037590464093 -93.0350135,41.5503077,8332.558170092205 -93.0343755,41.5498065,8299.205947539638 -93.0337539,41.5492733,8265.166059826799 -93.0331032,41.5487465,8231.054767425452 -93.0325081,41.5481603,8198.286456642993 -93.0319351,41.5476114,8165.639572683771 -93.0313651,41.5470415,8132.912705788569 -93.0307905,41.5464763,8100.706093699252 -93.0301663,41.5459309,8068.019646609747 -93.0296752,41.5453792,8035.453604724065 -93.0290356,41.5448481,8003.006981251681 -93.0284272,41.5442973,7970.6788019016185 -93.0278461,41.543772,7939.840563981658 -93.0273107,41.5432541,7908.327582147272 -93.0267513,41.5427163,7876.926058838958 -93.0262543,41.5422116,7845.0530996945845 -93.0256714,41.5417575,7811.747635235249 -93.0250898,41.5412074,7778.373774848379 -93.0245318,41.5406587,7745.3163088552665 -93.0240424,41.5401527,7711.4253413684755 -93.0235063,41.5395914,7677.8529804326145 -93.0229496,41.5390654,7642.888996093093 -93.02239,41.53855,7609.005829749416 -93.0218717,41.5380888,7573.556634530554 -93.0213346,41.5375236,7538.434634087922 -93.0207565,41.5370087,7504.5700865915305 -93.0202326,41.5365511,7469.902692942255 -93.0197014,41.536045,7434.997985789585 -93.0191439,41.5355142,7400.7820658767605 -93.0186307,41.5350484,7366.511870207796 -93.0181269,41.5345748,7332.188393003959 -93.0176416,41.5341025,7298.725174038255 -93.0171413,41.5336421,7266.476770771129 -93.0166671,41.533131,7234.524362047136 -93.0161912,41.5326306,7202.684535805764 -93.0156869,41.5321532,7170.59650092964 -93.0151742,41.5316697,7138.621816854708 -93.0146773,41.5311356,7107.295669451488 -93.0141727,41.5306575,7076.789748738066 -93.013668,41.5301599,7045.4985797067475 -93.0131603,41.5296496,7013.784249210134 -93.0126636,41.5291528,6982.532713612679 -93.0121594,41.5286891,6950.685584192076 -93.0116311,41.5282309,6918.074360988312 -93.0110933,41.5277279,6884.358780506604 -93.0105485,41.5272268,6850.593672229118 -93.009989,41.5266995,6818.164705034791 -93.0094153,41.5262596,6786.195463092147 -93.0088917,41.5257708,6754.5095344959545 -93.0083287,41.5252608,6722.93296143969 -93.0078644,41.5247015,6691.464903996815 -93.0073192,41.5241721,6660.444829865995 -93.0068487,41.5236315,6629.359741318581 -93.0063501,41.5230956,6598.71758802631 -93.0057749,41.5225139,6566.829802128158 -93.0052585,41.5219381,6535.22008436756 -93.0047839,41.5214503,6503.885866538768 -93.0043091,41.5209192,6472.657912507665 -93.0037155,41.5204217,6441.369271831086 -93.0031972,41.5198727,6410.352006171419 -93.0027048,41.5193312,6378.613479522747 -93.0022295,41.5187923,6346.8191698665205 -93.001688,41.5182474,6315.461616476464 -93.0011507,41.517672,6283.883292630779 -93.0006471,41.5170868,6253.551860326755 -93.0001538,41.516546,6222.9948345873045 -92.9997621,41.5159751,6192.376421621558 -92.9992267,41.5154804,6161.858683126621 -92.9987461,41.5149044,6131.440882269092 -92.9983006,41.5143633,6100.161412309241 -92.9978931,41.5137974,6067.550447039874 -92.9974456,41.5132628,6035.21232648648 -92.9970482,41.5126954,6001.084523145625 -92.9966292,41.5121105,5968.028400102614 -92.9961985,41.511515,5935.560923826479 -92.9957941,41.5109343,5903.049107353062 -92.9954113,41.5103656,5869.712521608749 -92.9950258,41.5097601,5835.871589928007 -92.9946325,41.5092011,5803.238321970721 -92.9942741,41.5086284,5770.718278025384 -92.9938785,41.5080771,5737.386291974306 -92.9935445,41.5075622,5704.172227619546 -92.9932142,41.5070027,5670.769246034413 -92.9928682,41.5065003,5637.636905559657 -92.9925719,41.5060013,5604.4689113619825 -92.9922593,41.5054774,5570.963266420875 -92.9919159,41.5049773,5538.179520876069 -92.991558,41.5044826,5504.908136224895 -92.9911846,41.5039739,5471.154556270967 -92.9908102,41.5034958,5438.565670279843 -92.9903797,41.5029721,5406.08868162442 -92.9899819,41.5025491,5373.574522130635 -92.9896175,41.5021346,5340.876161775169 -92.989193,41.5016737,5307.99579340607 -92.9887873,41.5012499,5274.935600624959 -92.9883035,41.5008254,5242.1362669062455 -92.9878558,41.5004287,5209.012724723144 -92.9874662,41.4999407,5176.149283501613 -92.9870532,41.4995228,5144.55628062611 -92.9867285,41.4991173,5112.635087093941 -92.9863857,41.4987196,5081.395290414077 -92.9860878,41.4983249,5049.970918341681 -92.9857707,41.4979167,5017.792935950118 -92.9854585,41.4975042,4985.722926818567 -92.9851215,41.4971209,4951.207662835002 -92.9848063,41.4967493,4917.240226401344 -92.9844856,41.4963925,4883.81514438408 -92.9841586,41.4960532,4850.786775955019 -92.9838212,41.4957294,4818.011514956457 -92.9834831,41.4954017,4785.48707307354 -92.9831431,41.4950654,4753.350087674776 -92.9827804,41.4947261,4721.596966573905 -92.9824107,41.4943875,4689.672282729618 -92.9820524,41.4940384,4658.40312401922 -92.9816887,41.4936853,4626.960883442665 -92.9813586,41.4933487,4596.030677110024 -92.9810483,41.4930139,4564.518224275872 -92.9807349,41.4926873,4533.379704936036 -92.9804111,41.4923742,4502.07047908196 -92.9800868,41.4920602,4471.401756463919 -92.9797671,41.4917476,4439.888619964776 -92.9794343,41.4914405,4409.415773220842 -92.9791109,41.4911358,4378.503920810996 -92.9787748,41.4908461,4347.423828616185 -92.9784384,41.4905554,4316.177346560083 -92.9780976,41.4902715,4285.030965749682 -92.9777966,41.4899508,4254.1158775879985 -92.9774901,41.4896785,4223.693112217663 -92.9771702,41.4893987,4192.840705605434 -92.9768631,41.4891397,4162.346942935885 -92.9765635,41.488884,4132.338971669177 -92.976261,41.4886299,4102.033323349028 -92.9759652,41.4883682,4072.598185055343 -92.975689,41.4881158,4042.8641222620063 -92.9754317,41.4878706,4013.220125778112 -92.9751729,41.4876251,3983.40898272207 -92.9749253,41.4873789,3953.560332330491 -92.9746784,41.4871405,3924.0572996708647 -92.9744253,41.4868983,3894.515545148718 -92.9741548,41.4866495,3864.9356204249834 -92.9738785,41.4864102,3835.1916934278306 -92.9735985,41.4861616,3805.663445746759 -92.9733286,41.485921,3776.0978992371965 -92.9730626,41.4856846,3746.620837522016 -92.9727851,41.4854475,3717.356545806303 -92.9725066,41.4851973,3688.676866858006 -92.9722362,41.4849599,3659.3353937650827 -92.971966,41.4847193,3629.957053993958 -92.971704,41.4844954,3600.912602073166 -92.971444,41.4842701,3572.0762455837194 -92.9711631,41.484052,3543.446359479697 -92.970901,41.483826,3514.5319705596544 -92.9706302,41.4835933,3486.067654992331 -92.9703614,41.483363,3457.198251397875 -92.9700911,41.4831441,3428.533868841974 -92.9698265,41.4829187,3400.0729210931 -92.9695809,41.4826946,3371.572660386663 -92.9693508,41.4824734,3343.033601841566 -92.9691102,41.4822425,3315.5354217188424 -92.9688827,41.482006,3287.3954923815427 -92.9686776,41.4817694,3258.500170709248 -92.9684688,41.4815362,3230.282789760119 -92.9682654,41.4812958,3201.5522145827954 -92.9680766,41.4810584,3173.0222891081207 -92.9678939,41.4808258,3144.337851036027 -92.9677014,41.4806135,3115.8530142741797 -92.9674926,41.4804109,3087.8006728030778 -92.9672769,41.4802026,3059.2423234602184 -92.9670447,41.4799921,3031.5809983893146 -92.9668566,41.4797841,3003.647099834837 -92.9666141,41.4796078,2975.7907765483146 -92.9663921,41.4794456,2947.6647941835295 -92.9661628,41.4792699,2920.1936730901043 -92.9659541,41.4790944,2892.452580881927 -92.9657562,41.4789123,2865.131707711186 -92.9655574,41.4787316,2838.113466033321 -92.9653547,41.4785456,2810.483396544395 -92.9651646,41.4783583,2783.497432034907 -92.9649502,41.478169,2755.789668092051 -92.964727,41.4779821,2728.044700926489 -92.9645223,41.4777995,2700.7141202530574 -92.9643283,41.477621,2673.2323255329247 -92.9641165,41.4774491,2645.9372170097026 -92.9638873,41.4772674,2619.0511908577664 -92.9636441,41.4770923,2592.0132379541446 -92.9633792,41.4769149,2564.71343919347 -92.9630938,41.47674,2537.376007625812 -92.962811,41.4765647,2510.1120775527224 -92.9625318,41.476406,2482.1485495911033 -92.9622562,41.4762447,2454.37189930222 -92.9619835,41.4760842,2427.439434128205 -92.9617079,41.4759301,2400.0306791241355 -92.9614553,41.4757838,2373.3507586526994 -92.9612156,41.4756466,2346.1960226456326 -92.9609593,41.4755183,2319.439358802727 -92.9606973,41.4754018,2292.969440600447 -92.9604353,41.475298,2266.56805175659 -92.9601807,41.4751955,2239.803669739447 -92.9599469,41.4750923,2214.291811480844 -92.9597194,41.4749904,2188.0928274178746 -92.9594962,41.4748803,2161.9608173678344 -92.959295,41.4747823,2135.255282669925 -92.959103,41.4746871,2109.257703162899 -92.9589503,41.4745996,2083.1136698661953 -92.9588043,41.4745196,2057.036170144987 -92.9586713,41.4744421,2031.1304305134104 -92.9585522,41.4743768,2005.184602874053 -92.9584274,41.4743193,1979.0940456646022 -92.9583026,41.4742588,1952.650383603543 -92.9581689,41.4741871,1926.901793955683 -92.9580477,41.4741225,1900.5918675706343 -92.9579151,41.4740449,1874.7650712926907 -92.9577757,41.4739748,1849.002897758286 -92.9576177,41.4739144,1822.9945167823475 -92.9574528,41.4738648,1797.3612818954086 -92.957303,41.473834,1771.6886185341466 -92.9571487,41.4737993,1745.7715056348304 -92.9569801,41.4737706,1720.3291250660604 -92.956807,41.4737297,1694.6426068588546 -92.9566315,41.4737024,1669.1217083679703 -92.9564354,41.4736844,1643.2567978910945 -92.9562281,41.4736739,1617.3549114234477 -92.9560328,41.473661,1592.226043748523 -92.955849,41.4736645,1566.7541389753949 -92.9556738,41.4736684,1540.7404279701896 -92.9554857,41.4736764,1515.1935923872413 -92.9553101,41.4736958,1489.50906005304 -92.9551519,41.4737229,1464.0878064580722 -92.9550049,41.4737562,1438.529150908873 -92.95487,41.4737873,1412.6352830856629 -92.9547183,41.4738291,1386.6072564993588 -92.9545871,41.4738577,1360.8420877589654 -92.9544555,41.4738836,1335.33795321913 -92.954328,41.4739072,1309.8960742551953 -92.9542024,41.4739344,1284.1231101033457 -92.9540648,41.473981,1258.6096619110183 -92.9539275,41.4740357,1233.353949769628 -92.9537833,41.474124,1207.5739445372437 -92.9536569,41.4742437,1182.4411309480595 -92.9535603,41.4743694,1157.0773799776707 -92.9534794,41.4745067,1131.2908318196685 -92.9534123,41.4746562,1106.1471598966602 -92.9533296,41.474795,1080.8709706912234 -92.9532424,41.4749389,1055.078840502334 -92.9531754,41.4750797,1030.1170921824432 -92.9531224,41.4752213,1004.5449396937016 -92.9530815,41.4753718,979.321198370541 -92.9530205,41.4755244,954.1578691931103 -92.9529753,41.4756857,929.0546297360272 -92.9529457,41.4758289,904.2006595987185 -92.9529118,41.475984,879.4997753008239 -92.9528813,41.4761461,854.9510066730099 -92.9528371,41.4763221,830.1770408863206 -92.9528012,41.4765027,805.7427649877528 -92.9527455,41.4766906,781.3649643096714 -92.9526871,41.4768868,756.9499113580969 -92.9526465,41.477098,733.0572987283781 -92.9526222,41.4773084,708.7535362300862 -92.9526084,41.4775275,684.4127303479581 -92.9526082,41.4777433,660.5907493306003 -92.952636,41.4779454,636.1756348610793 -92.9526594,41.4781509,612.0931871060653 -92.9526894,41.4783812,588.15732331741 -92.9527204,41.4786306,564.0001489671107 -92.9527371,41.4788925,540.1725048177979 -92.9527452,41.4791415,515.0282864556318 -92.9527468,41.4793825,490.58127268422174 -92.9527636,41.4796136,467.3722478025109 -92.9528047,41.4797817,443.3066546012933 -92.9528606,41.4799336,418.84288752571297 -92.9529103,41.4800559,394.52554469434756 -92.9529465,41.4801803,369.9933643326437 -92.9529902,41.4803142,345.96698186526623 -92.9530172,41.4804551,321.18753705652966 -92.9530448,41.4806047,296.19715095750763 -92.9530967,41.4807546,270.6403904638262 -92.9531639,41.4809117,244.78852859721243 -92.9532857,41.4810857,219.26556699887453 -92.9534063,41.4812463,193.53759150004623 -92.9534713,41.4813592,167.78298410190362 -92.953455,41.4813519,147.559122609874 -92.9534459,41.4813473,132.12992907680052 -92.9534394,41.4813409,120.06657450056728 -92.9534294,41.4813331,111.97325642669335 -92.9534253,41.481326,105.73150470579549 -92.953423,41.4813189,100.19609280084136 -92.9534227,41.4813122,96.77084203262164 -92.9534195,41.4813072,94.22457039698601 -92.9534138,41.4813039,91.94222052063247 -92.953411,41.4812998,90.53793912298765 -92.9534013,41.481294,89.57260240755872 -92.9533979,41.4812893,88.51960698309536 -92.9533947,41.481287,87.81766751486998 -92.9533922,41.4812843,87.46671502265505 -92.9533923,41.481283,87.11577402391413 -92.9533917,41.4812822,86.76484451781529 -92.9533909,41.4812812,86.58938407423841 -92.9533911,41.4812793,86.41392650350626 -92.9533922,41.4812782,86.41392650350626 -92.9533908,41.4812762,86.06301998015513 -92.9533871,41.4812755,86.23847180551232 -92.9533844,41.4812748,86.23847180551232 -92.9533816,41.481273,86.23847180551232 -92.95338,41.4812722,86.23847180551232 -92.9533789,41.4812691,85.97529514467917 -92.9533724,41.4812648,86.06301998015513 -92.9533647,41.4812603,86.06301998015513 -92.9533597,41.4812573,86.23847180551232 -92.9533606,41.481256,85.79984762807163 -92.9533606,41.4812555,85.97529514467917 -92.9533628,41.4812555,86.06301998015513 -92.9533638,41.481255,86.06301998015513 -92.9533631,41.4812539,85.79984762807163 -92.9533662,41.4812541,85.97529514467917 -92.9533697,41.4812533,85.79984762807163 -92.9533688,41.4812523,85.97529514467917 -92.9533691,41.4812528,85.79984762807163 -92.9533709,41.4812531,85.97529514467917 -92.9533723,41.4812536,85.79984762807163 -92.9533723,41.4812538,85.97529514467917 -92.953357,41.4812639,85.62440298383704 -92.9533486,41.4812685,85.79984762807163 -92.9533444,41.4812669,85.97529514467917 -92.9533468,41.4812652,85.97529514467917 -92.9533465,41.481263,85.97529514467917 -92.9533474,41.4812617,85.79984762807163 -92.9533486,41.4812616,85.97529514467917 -92.9533483,41.4812614,85.97529514467917 -92.9533521,41.4812606,85.97529514467917 -92.953353,41.4812591,85.97529514467917 -92.9533581,41.4812587,85.79984762807163 -92.9533589,41.4812588,85.97529514467917 -92.953362,41.4812593,85.97529514467917 -92.953366,41.4812592,85.62440298383704 -92.9533703,41.481259,85.79984762807163 -92.9533745,41.4812588,85.79984762807163 -92.953378,41.4812589,85.97529514467917 -92.953381,41.481259,85.79984762807163 -92.9533815,41.481259,85.97529514467917 -92.9533806,41.4812584,85.97529514467917 -92.9533824,41.4812596,86.06301998015513 -92.95338,41.4812595,85.79984762807163 -92.9533824,41.4812587,85.97529514467917 -92.9533807,41.4812586,85.79984762807163 -92.9533825,41.4812579,85.97529514467917 -92.9533836,41.481256,85.79984762807163 -92.9533867,41.4812554,85.79984762807163 -92.95339,41.4812558,85.97529514467917 -92.9533919,41.4812552,85.79984762807163 -92.953389,41.4812545,85.79984762807163 -92.9533891,41.4812547,85.79984762807163 -92.9533894,41.4812544,85.62440298383704 -92.9533891,41.4812554,85.79984762807163 -92.9533859,41.4812542,85.62440298383704 -92.953381,41.4812529,85.79984762807163 -92.95338,41.4812521,85.62440298383704 -92.9533795,41.4812517,85.62440298383704 -92.9533779,41.4812519,85.62440298383704 -92.9533803,41.4812524,85.62440298383704 -92.9533817,41.4812528,85.79984762807163 -92.9533839,41.4812525,85.62440298383704 -92.9533844,41.4812522,85.44896121186889 -92.9533833,41.4812512,85.62440298383704 -92.9533805,41.4812514,85.62440298383704 -92.9533785,41.4812508,85.79984762807163 -92.9533774,41.4812511,85.62440298383704 -92.9533742,41.4812504,85.79984762807163 -92.9533719,41.4812511,85.79984762807163 -92.9533716,41.4812505,85.97529514467917 -92.9533705,41.4812512,85.79984762807163 -92.9533699,41.4812518,85.79984762807163 -92.9533842,41.4812335,85.97529514467917 -92.9533823,41.4812379,85.62440298383704 -92.953381,41.4812392,85.79984762807163 -92.9533759,41.4812402,85.62440298383704 -92.9533686,41.4812422,85.79984762807163 -92.9533633,41.4812425,85.44896121186889 -92.9533637,41.4812435,85.62440298383704 -92.9533617,41.4812449,85.79984762807163 -92.9533601,41.4812475,85.79984762807163 -92.953358,41.4812488,85.97529514467917 -92.953361,41.4812503,85.62440298383704 -92.9533584,41.4812517,85.79984762807163 -92.9533609,41.4812523,85.79984762807163 -92.9533648,41.4812516,85.97529514467917 -92.9533676,41.4812505,85.62440298383704 -92.9533665,41.4812509,85.79984762807163 -92.9533683,41.4812506,85.62440298383704 -92.9533735,41.4812508,85.97529514467917 -92.9533768,41.4812508,85.62440298383704 -92.9533765,41.4812506,85.79984762807163 -92.9533765,41.4812515,85.79984762807163 -92.9533784,41.4812508,85.97529514467917 -92.953378,41.4812503,85.62440298383704 -92.9533765,41.4812492,85.79984762807163 -92.9533764,41.4812501,85.62440298383704 -92.9533737,41.4812499,85.79984762807163 -92.9533762,41.4812501,85.44896121186889 -92.9533743,41.4812516,85.62440298383704 -92.9533737,41.4812515,85.44896121186889 -92.9533787,41.4812513,85.62440298383704 -92.9533803,41.4812509,85.27352231205556 -92.9533827,41.4812516,85.44896121186889 -92.9533818,41.4812527,85.44896121186889 -92.9533833,41.4812537,85.44896121186889 -92.9533859,41.4812538,85.27352231205556 -92.9533827,41.4812549,85.44896121186889 -92.953385,41.481256,85.27352231205556 -92.9533847,41.4812572,85.44896121186889 -92.9533873,41.4812576,85.09808628430066 -92.9533879,41.4812583,85.09808628430066 -92.953387,41.4812572,85.27352231205556 -92.9533887,41.4812565,85.27352231205556 -92.9533919,41.4812562,85.09808628430066 -92.9533917,41.481255,85.09808628430066 -92.953395,41.4812532,85.27352231205556 -92.9533955,41.4812528,85.27352231205556 -92.953397,41.4812522,85.09808628430066 -92.9533927,41.4812509,85.09808628430066 -92.9533933,41.4812504,85.09808628430066 -92.9534155,41.4812311,85.09808628430066 -92.9534149,41.4812319,84.92265312849767 -92.9534085,41.4812333,84.92265312849767 -92.9534054,41.481234,84.92265312849767 -92.9534047,41.4812353,85.09808628430066 -92.9533989,41.4812356,84.92265312849767 -92.953397,41.4812367,85.09808628430066 -92.9533934,41.4812372,85.27352231205556 -92.9533911,41.4812381,85.09808628430066 -92.9533901,41.4812389,85.09808628430066 -92.9533925,41.4812408,84.92265312849767 -92.9533949,41.4812409,85.09808628430066 -92.9533959,41.4812428,84.92265312849767 -92.9533948,41.4812438,84.92265312849767 -92.9533933,41.481246,84.74722284454006 -92.9533898,41.481248,84.92265312849767 -92.9533919,41.481248,85.09808628430066 -92.9533918,41.4812491,84.74722284454006 -92.9533915,41.4812499,84.92265312849767 -92.9533916,41.4812495,84.92265312849767 -92.9533941,41.4812502,84.92265312849767 -92.9533955,41.481249,84.74722284454006 -92.9533935,41.48125,84.92265312849767 -92.953393,41.4812504,84.74722284454006 -92.9533921,41.4812504,84.74722284454006 -92.9533943,41.4812499,84.39637089173992 -92.9533918,41.4812489,84.5717954323213 -92.9533907,41.4812477,84.39637089173992 -92.9533864,41.4812473,84.5717954323213 -92.9533857,41.4812472,84.74722284454006 -92.9533884,41.4812487,84.39637089173992 -92.9533891,41.4812472,84.39637089173992 -92.953389,41.4812478,84.5717954323213 -92.9533878,41.4812491,84.39637089173992 -92.9533901,41.4812496,84.39637089173992 -92.9533913,41.4812504,84.5717954323213 -92.9533954,41.4812512,84.39637089173992 -92.9534001,41.4812522,84.5717954323213 -92.9533992,41.4812509,84.22094922268434 -92.9534055,41.4812505,84.39637089173992 -92.9534039,41.4812494,84.5717954323213 -92.9533992,41.4812495,84.39637089173992 -92.9533926,41.4812483,84.22094922268434 -92.9533932,41.4812481,84.39637089173992 -92.9533973,41.4812484,84.5717954323213 -92.9533988,41.4812516,84.39637089173992 -92.9533999,41.4812518,84.5717954323213 -92.9533988,41.481251,84.39637089173992 -92.9533958,41.4812484,84.39637089173992 -92.953395,41.4812468,84.39637089173992 -92.9534003,41.4812603,84.39637089173992 -92.9533963,41.4812588,84.39637089173992 -92.9533972,41.4812593,84.5717954323213 -92.9533957,41.4812584,84.39637089173992 -92.9533994,41.4812584,84.5717954323213 -92.9533934,41.4812567,84.74722284454006 -92.9533856,41.4812529,84.39637089173992 -92.9533806,41.4812513,84.5717954323213 -92.9533803,41.4812496,84.5717954323213 -92.9533796,41.4812499,84.74722284454006 -92.9533748,41.4812489,84.39637089173992 -92.9533736,41.4812495,84.39637089173992 -92.9533743,41.4812494,84.5717954323213 -92.9533731,41.4812492,84.5717954323213 -92.9533699,41.4812488,84.74722284454006 -92.9533747,41.4812482,84.5717954323213 -92.9533759,41.4812481,84.39637089173992 -92.9533735,41.481247,84.5717954323213 -92.9533725,41.4812466,84.74722284454006 -92.9533765,41.481248,84.5717954323213 -92.9533753,41.4812483,84.39637089173992 -92.9533767,41.481248,84.5717954323213 -92.9533652,41.4812445,84.5717954323213 -92.9533654,41.4812444,84.5717954323213 -92.9533627,41.4812438,84.39637089173992 -92.9533625,41.4812446,84.39637089173992 -92.9533694,41.4812469,84.39637089173992 -92.953375,41.4812492,84.5717954323213 -92.9533711,41.4812492,84.39637089173992 -92.9533687,41.4812492,84.39637089173992 -92.9533744,41.4812515,84.5717954323213 -92.9533743,41.4812523,84.39637089173992 -92.953385,41.4812545,84.5717954323213 -92.9533846,41.4812551,84.39637089173992 -92.953386,41.4812568,84.39637089173992 -92.9533893,41.4812572,84.39637089173992 -92.9533941,41.4812581,84.5717954323213 -92.9533908,41.4812578,84.5717954323213 -92.9533925,41.4812557,84.22094922268434 -92.9533994,41.4812561,84.22094922268434 -92.9534059,41.4812577,84.39637089173992 -92.9534058,41.4812585,84.5717954323213 -92.9534077,41.4812592,84.39637089173992 -92.953415,41.4812618,84.5717954323213 -92.9534188,41.4812633,84.5717954323213 -92.9534229,41.481266,84.5717954323213 -92.9534219,41.4812669,84.5717954323213 -92.9534183,41.4812649,84.39637089173992 -92.9534197,41.4812648,84.39637089173992 -92.9534208,41.4812664,84.39637089173992 -92.9534159,41.4812658,84.5717954323213 -92.9534181,41.4812654,84.5717954323213 -92.9534196,41.4812616,84.22094922268434 -92.9534236,41.4812618,84.39637089173992 -92.9534213,41.4812611,84.39637089173992 -92.9534217,41.4812619,84.5717954323213 -92.9534243,41.4812623,84.39637089173992 -92.9534224,41.4812618,84.39637089173992 -92.9534216,41.4812601,84.39637089173992 -92.9534193,41.4812586,84.5717954323213 -92.9534162,41.4812587,84.5717954323213 -92.9534131,41.4812564,84.39637089173992 -92.953406,41.4812516,84.39637089173992 -92.9534064,41.4812494,84.5717954323213 -92.9534101,41.4812493,84.5717954323213 -92.9534035,41.4812484,84.5717954323213 -92.953405,41.4812497,84.39637089173992 -92.9534091,41.4812497,84.5717954323213 -92.9534053,41.4812489,84.5717954323213 -92.9534032,41.481249,84.5717954323213 -92.953402,41.4812471,84.5717954323213 -92.9533984,41.4812453,84.5717954323213 -92.9533992,41.4812461,84.39637089173992 -92.9534025,41.4812465,84.39637089173992 -92.9533987,41.4812455,84.39637089173992 -92.9534033,41.481247,84.22094922268434 -92.9534064,41.4812461,84.22094922268434 -92.9534101,41.481247,84.22094922268434 -92.953411,41.4812476,84.22094922268434 -92.9534087,41.4812488,84.22094922268434 -92.9534079,41.4812489,84.04553042505815 -92.9534075,41.4812479,84.04553042505815 -92.9533982,41.4812466,84.04553042505815 -92.9533957,41.481247,84.22094922268434 -92.9533994,41.4812463,84.22094922268434 -92.9534028,41.4812463,84.04553042505815 -92.9534017,41.4812447,84.04553042505815 -92.9534027,41.4812455,84.22094922268434 -92.9534,41.4812447,84.22094922268434 -92.9533989,41.4812455,84.22094922268434 -92.9533998,41.4812478,84.04553042505815 -92.9534012,41.4812472,84.04553042505815 -92.9533966,41.4812464,84.22094922268434 -92.9533911,41.4812448,84.5717954323213 -92.9533898,41.4812454,84.5717954323213 -92.95339,41.4812456,84.39637089173992 -92.9533874,41.481245,84.5717954323213 -92.9533864,41.4812452,84.5717954323213 -92.953383,41.4812425,84.5717954323213 -92.9533806,41.4812413,84.5717954323213 -92.9533876,41.4812419,84.39637089173992 -92.9533901,41.4812429,84.39637089173992 -92.953393,41.481244,84.39637089173992 -92.9533943,41.4812453,84.5717954323213 -92.9534029,41.4812452,84.39637089173992 -92.9534064,41.4812466,84.39637089173992 -92.9534037,41.4812468,84.22094922268434 -92.9534023,41.4812473,84.22094922268434 -92.953397,41.4812469,84.39637089173992 -92.9533935,41.4812453,84.39637089173992 -92.9533912,41.4812452,84.39637089173992 -92.9533936,41.4812455,84.22094922268434 -92.953389,41.481245,84.22094922268434 -92.9533954,41.4812458,84.5717954323213 -92.9533915,41.4812466,84.5717954323213 -92.9533945,41.4812481,84.39637089173992 -92.9533985,41.4812488,84.22094922268434 -92.9534028,41.4812486,84.22094922268434 -92.95341,41.4812495,84.5717954323213 -92.9534076,41.4812489,84.39637089173992 -92.9534056,41.481249,84.5717954323213 -92.9534027,41.4812479,84.5717954323213 -92.9534069,41.481251,84.22094922268434 -92.9534047,41.4812494,84.22094922268434 -92.9533987,41.4812497,84.39637089173992 -92.9534046,41.481251,84.39637089173992 -92.9533984,41.4812517,84.39637089173992 -92.9533947,41.4812502,84.22094922268434 -92.9533897,41.4812489,84.22094922268434 -92.9533918,41.4812511,84.39637089173992 -92.9533883,41.4812509,84.39637089173992 -92.9533908,41.4812522,84.39637089173992 -92.9533851,41.4812526,84.5717954323213 -92.9533808,41.4812523,84.22094922268434 -92.953382,41.4812524,84.22094922268434 -92.9533838,41.4812529,84.22094922268434 -92.9533843,41.4812535,84.04553042505815 -92.953381,41.481252,84.22094922268434 -92.953377,41.4812523,84.22094922268434 -92.9533719,41.4812527,84.04553042505815 -92.9533703,41.4812504,84.22094922268434 -92.9533671,41.4812475,84.22094922268434 -92.9533694,41.4812465,84.22094922268434 -92.9533675,41.4812457,84.39637089173992 -92.9533647,41.4812458,84.39637089173992 -92.9533624,41.4812469,84.04553042505815 -92.9533569,41.4812453,84.22094922268434 -92.9533588,41.4812444,84.39637089173992 -92.9533616,41.4812446,84.39637089173992 -92.9533631,41.4812459,84.39637089173992 -92.9533583,41.4812454,84.04553042505815 -92.9533546,41.4812469,84.22094922268434 -92.9533506,41.4812474,84.22094922268434 -92.9533442,41.4812474,84.22094922268434 -92.9533374,41.4812455,84.5717954323213 -92.9533406,41.4812446,84.5717954323213 -92.9533392,41.4812435,84.39637089173992 -92.9533392,41.4812421,84.39637089173992 -92.9533433,41.4812405,84.5717954323213 -92.9533422,41.4812399,84.5717954323213 -92.9533399,41.4812384,84.5717954323213 -92.9533448,41.4812404,84.5717954323213 -92.953353,41.4812419,84.5717954323213 -92.9533581,41.4812432,84.39637089173992 -92.953356,41.4812434,84.39637089173992 -92.9533598,41.4812419,84.39637089173992 -92.9533609,41.481242,84.22094922268434 -92.9533574,41.4812428,84.04553042505815 -92.9533578,41.4812433,84.22094922268434 -92.9533581,41.4812428,84.22094922268434 -92.9533648,41.481244,84.04553042505815 -92.9533654,41.4812409,84.39637089173992 -92.9533678,41.4812425,84.39637089173992 -92.9533743,41.4812435,84.22094922268434 -92.9533728,41.4812419,84.22094922268434 -92.9533763,41.481241,84.39637089173992 -92.9533827,41.4812445,84.39637089173992 -92.9533834,41.4812445,84.39637089173992 -92.953387,41.4812443,84.74722284454006 -92.9533822,41.4812431,84.39637089173992 -92.953385,41.4812443,84.39637089173992 -92.9533955,41.4812485,84.5717954323213 -92.9533971,41.4812493,84.39637089173992 -92.9533992,41.4812501,84.39637089173992 -92.9534,41.4812503,84.5717954323213 -92.9533999,41.4812519,84.22094922268434 -92.9533994,41.4812542,84.22094922268434 -92.9533971,41.4812567,84.39637089173992 -92.953383,41.4812542,84.39637089173992 -92.9533831,41.481251,84.39637089173992 -92.95338,41.4812499,84.5717954323213 -92.9533821,41.4812491,84.39637089173992 -92.9533794,41.4812467,84.5717954323213 -92.9533797,41.4812465,84.5717954323213 -92.9533775,41.4812447,84.5717954323213 -92.9533825,41.4812464,84.5717954323213</coordinates>
            </LineString>
        </Placemark>
    </Document>
</kml>
