$$HAR,13:30:02,420271747,-936539652,263042,19086508,4,188,98601,2112,27237
$$HAR,13:30:05,420271780,-936539646,262699,19086508,35,188,98601,2111,27229
$$HAR,13:30:08,420271850,-936539640,262152,19086508,23,188,98601,2111,27229
$$HAR,13:30:11,420271914,-936539628,261201,19086508,111,188,98601,2111,27229
$$HAR,13:30:14,420271927,-936539613,260951,19086508,122,188,98603,2111,27234
$$HAR,13:30:17,420271904,-936539612,261497,19086508,52,204,98603,2110,27234
$$HAR,13:30:20,420271863,-936539602,262156,19086508,126,189,98601,2110,27229
$$HAR,13:30:23,420271820,-936539592,262228,19086508,38,205,98601,2110,27229
$$HAR,13:30:26,420271779,-936539585,262164,19086508,53,189,98601,2109,27228
$$HAR,13:30:29,420271741,-936539592,261816,19086508,22,189,98601,2109,27233
$$HAR,13:30:32,420271706,-936539590,261385,19086508,39,189,98601,2109,27233
$$HAR,13:30:35,420271655,-936539572,261203,19086508,94,189,98603,2108,27225
$$HAR,13:30:38,420271620,-936539574,260735,19086508,111,205,98601,2108,27225
$$HAR,13:30:41,420271566,-936539584,260512,19086508,76,189,98601,2108,27225
$$HAR,13:30:44,420271509,-936539570,259975,19086508,98,189,98601,2107,27225
$$HAR,13:30:47,420271458,-936539556,259496,19086508,115,189,98603,2107,27231
$$HAR,13:30:50,420271412,-936539528,259948,19086508,235,190,98603,2107,27225
$$HAR,13:30:53,420271380,-936539504,259886,19086508,50,190,98603,2107,27231
$$HAR,13:30:56,420271368,-936539487,259509,19086508,63,190,98601,2106,27224
$$HAR,13:30:59,420271350,-936539476,258471,19086508,134,190,98601,2106,27224
$$HAR,13:31:02,420271317,-936539458,258150,19086508,203,190,98601,2106,27234
$$HAR,13:31:05,420271309,-936539455,258893,19086508,126,190,98601,2105,27234
$$HAR,13:31:08,420271295,-936539457,259657,19086508,67,190,98603,2105,27229
$$HAR,13:31:11,420271328,-936539431,261065,19086508,312,227,98603,2105,27229
$$HAR,13:31:14,420271292,-936539446,261310,19086508,142,190,98603,2105,27234
$$HAR,13:31:17,420271381,-936539456,262998,19086508,170,190,98597,2104,27228
$$HAR,13:31:20,420271411,-936539447,264362,19086508,98,195,98597,2104,27228
$$HAR,13:31:23,420271451,-936539448,265230,19086508,20,191,98597,2104,27233
$$HAR,13:31:26,420271432,-936539464,264832,19086508,33,191,98599,2104,27228
$$HAR,13:31:29,420271438,-936539454,265408,19086508,93,207,98599,2103,27233
$$HAR,13:31:32,420271444,-936539452,266805,19086508,108,191,98599,2103,27228
$$HAR,13:31:35,420271417,-936539441,267191,19086508,187,191,98599,2103,27228
$$HAR,13:31:38,420271434,-936539427,267938,19086508,234,191,98597,2102,27229
$$HAR,13:31:41,420271431,-936539460,267864,19086508,74,191,98597,2102,27229
$$HAR,13:31:44,420271507,-936539440,269347,19086508,47,191,98597,2102,27224
$$HAR,13:31:47,420271537,-936539428,267519,19086508,85,191,98597,2102,27224
$$HAR,13:31:50,420271579,-936539427,266051,19086508,62,191,98599,2101,27229
$$HAR,13:31:53,420271574,-936539449,264913,19086508,112,191,98599,2101,27229
$$HAR,13:31:56,420271585,-936539469,264056,19086508,104,208,98599,2101,27224
$$HAR,13:31:59,420271619,-936539464,264760,19086508,75,192,98597,2100,27229
$$HAR,13:32:02,420271638,-936539477,265220,19086508,73,208,98597,2100,27229
$$HAR,13:32:05,420271638,-936539516,264958,19086508,150,192,98597,2099,27233
$$HAR,13:32:08,420271646,-936539527,265317,19086508,48,208,98599,2099,27228
$$HAR,13:32:11,420271669,-936539547,265592,19086508,29,192,98597,2098,27233
$$HAR,13:32:14,420271651,-936539557,265475,19086508,28,208,98597,2098,27238
$$HAR,13:32:17,420271623,-936539569,265837,19086508,24,229,98597,2097,27237
$$HAR,13:32:20,420271623,-936539580,265709,19086508,12,192,98599,2097,27237
$$HAR,13:32:23,420271645,-936539579,266069,19086508,37,192,98597,2096,27246
$$HAR,13:32:26,420271660,-936539573,266199,19086508,58,193,98597,2096,27252
$$HAR,13:32:29,420271670,-936539573,266346,19086508,23,193,98599,2095,27249
$$HAR,13:32:32,420271670,-936539596,266254,19086508,25,193,98597,2095,27249
$$HAR,13:32:35,420271650,-936539614,265741,19086508,22,193,98597,2094,27248
$$HAR,13:32:38,420271647,-936539632,265249,19086508,100,193,98597,2094,27253
$$HAR,13:32:41,420271653,-936539645,264298,19086508,22,193,98597,2093,27252
$$HAR,13:32:44,420271661,-936539645,264040,19086508,28,193,98599,2093,27252
$$HAR,13:32:47,420271650,-936539647,263779,19086508,11,193,98595,2093,27257
$$HAR,13:32:50,420271646,-936539646,263430,19086508,57,193,98597,2092,27262
$$HAR,13:32:53,420271644,-936539635,263765,19086508,86,193,98597,2092,27262
$$HAR,13:32:56,420271654,-936539629,264082,19086508,68,193,98599,2091,27266
$$HAR,13:32:59,420271640,-936539637,264186,19086508,53,194,98599,2091,27266
$$HAR,13:33:02,420271611,-936539643,263465,19086508,32,194,98597,2091,27260
$$HAR,13:33:05,420271595,-936539633,262876,19086508,189,194,98597,2090,27266
$$HAR,13:33:08,420271567,-936539621,263046,19086508,111,194,98597,2090,27260
$$HAR,13:33:11,420271560,-936539612,264024,19086508,92,194,98599,2090,27260
$$HAR,13:33:14,420271554,-936539599,264175,19086508,32,194,98599,2089,27266
$$HAR,13:33:17,420271574,-936539586,265185,19086508,67,194,98599,2089,27266
$$HAR,13:33:20,420271571,-936539571,265674,19086508,60,194,98597,2089,27260
$$HAR,13:33:23,420271542,-936539555,265698,19086508,94,194,98599,2088,27269
$$HAR,13:33:26,420271571,-936539551,266799,19086508,38,194,98599,2088,27264
$$HAR,13:33:29,420271558,-936539550,266456,19086508,92,194,98599,2087,27262
$$HAR,13:33:32,420271554,-936539559,266315,19086508,129,195,98601,2087,27268
$$HAR,13:33:35,420271566,-936539555,266627,19086508,68,195,98599,2087,27268
$$HAR,13:33:38,420271560,-936539557,266072,19086508,9,195,98599,2086,27260
$$HAR,13:33:41,420271585,-936539559,266302,19086508,16,195,98599,2086,27266
$$HAR,13:33:44,420271606,-936539558,266424,19086508,19,211,98601,2085,27266
$$HAR,13:33:47,420271579,-936539554,266212,19086508,20,195,98601,2085,27260
$$HAR,13:33:50,420271559,-936539562,265422,19086508,71,195,98597,2084,27264
$$HAR,13:33:53,420271530,-936539569,264574,19086508,11,195,98597,2084,27258
$$HAR,13:33:56,420271516,-936539619,263863,19086508,72,195,98597,2084,27264
$$HAR,13:33:59,420271546,-936539617,263815,19086508,41,195,98599,2083,27264
$$HAR,13:34:02,420271585,-936539617,264140,19086508,94,195,98599,2083,27269
$$HAR,13:34:05,420271543,-936539603,263020,19086508,221,196,98601,2083,27274
$$HAR,13:34:08,420271539,-936539590,262195,19086508,106,196,98599,2082,27262
$$HAR,13:34:11,420271513,-936539588,260940,19086508,152,270,98599,2082,27268
$$HAR,13:34:14,420271493,-936539598,261250,19086508,172,196,98599,2082,27268
$$HAR,13:34:17,420271517,-936539599,261304,19086508,130,196,98599,2081,27268
$$HAR,13:34:20,420271514,-936539612,259851,19086508,357,196,98601,2081,27273
$$HAR,13:34:23,420271590,-936539654,259973,19086508,182,235,98603,2081,27268
$$HAR,13:34:26,420271540,-936539709,260047,19086508,171,196,98603,2081,27273
$$HAR,13:34:29,420271547,-936539650,259949,19086508,48,196,98603,2081,27268
$$HAR,13:34:32,420271581,-936539604,260295,19086508,435,196,98603,2081,27262
$$HAR,13:34:35,420271574,-936539582,260366,19086508,159,196,98603,2081,27268
$$HAR,13:34:38,420271607,-936539532,260966,19086508,212,235,98603,2081,27257
$$HAR,13:34:41,420271566,-936539580,259557,19086508,198,197,98604,2081,27257
$$HAR,13:34:44,420271567,-936539596,259217,19086508,67,214,98604,2081,27252
$$HAR,13:34:47,420271653,-936539649,258718,19086508,273,197,98606,2081,27262
$$HAR,13:34:50,420271682,-936539658,258758,19086508,33,197,98606,2081,27252
$$HAR,13:34:53,420271687,-936539634,259235,19086508,36,197,98604,2081,27252
$$HAR,13:34:56,420271660,-936539624,259116,19086508,79,197,98604,2080,27256
$$HAR,13:34:59,420271639,-936539695,259101,19086508,370,197,98604,2080,27251
$$HAR,13:35:02,420271576,-936539673,259541,19086508,158,197,98606,2080,27251
$$HAR,13:35:05,420271581,-936539691,259230,19086508,239,197,98603,2079,27247
$$HAR,13:35:08,420271576,-936539684,259329,19086508,99,197,98601,2079,27247
$$HAR,13:35:11,420271602,-936539692,259398,19086508,136,198,98599,2079,27241
$$HAR,13:35:14,420271645,-936539665,259643,19086508,49,198,98597,2078,27247
$$HAR,13:35:17,420271674,-936539683,260363,19086508,170,198,98597,2078,27241
$$HAR,13:35:20,420271666,-936539683,260892,19086508,23,198,98597,2078,27236
$$HAR,13:35:23,420271693,-936539639,261776,19086508,112,215,98597,2077,27234
$$HAR,13:35:26,420271693,-936539635,262253,19086508,132,198,98599,2077,27234
$$HAR,13:35:29,420271749,-936539623,262977,19086508,61,198,98597,2077,27234
$$HAR,13:35:32,420271752,-936539634,263839,19086508,307,198,98597,2077,27234
$$HAR,13:35:35,420271771,-936539599,264369,19086508,132,198,98597,2076,27234
$$HAR,13:35:38,420271752,-936539607,264066,19086508,72,198,98597,2076,27234
$$HAR,13:35:41,420271767,-936539582,264295,19086508,178,199,98599,2075,27232
$$HAR,13:35:44,420271768,-936539558,264720,19086508,102,199,98599,2075,27227
$$HAR,13:35:47,420271820,-936539511,264404,5377332,710,199,98597,2075,27227
$$HAR,13:35:50,420271782,-936539474,264398,5377332,397,199,98599,2074,27232
$$HAR,13:35:53,420271741,-936539445,263194,5377332,193,199,98601,2074,27227
$$HAR,13:35:56,420271713,-936539447,262304,5377332,274,216,98601,2074,27232
$$HAR,13:35:59,420271683,-936539480,261512,5377332,16,223,98603,2073,27231
$$HAR,13:36:02,420271661,-936539584,262370,5377332,439,201,98601,2073,27231
$$HAR,13:36:05,420271512,-936539555,262446,15988018,618,216,98601,2072,27236
$$HAR,13:36:08,420271506,-936539417,262270,15988018,176,199,98603,2072,27231
$$HAR,13:36:11,420271539,-936539350,263798,15988018,577,199,98604,2072,27226
$$HAR,13:36:14,420271465,-936539285,262999,15988018,212,200,98603,2071,27227
$$HAR,13:36:17,420271537,-936539213,265327,15988018,408,200,98601,2071,27222
$$HAR,13:36:20,420271521,-936539202,264890,15988018,295,200,98601,2070,27227
$$HAR,13:36:23,420271491,-936539195,263643,15988018,186,200,98601,2070,27222
$$HAR,13:36:26,420271483,-936539112,265307,15988018,491,202,98603,2069,27211
$$HAR,13:36:29,420271523,-936539190,266518,15988018,572,200,98601,2069,27217
$$HAR,13:36:32,420271476,-936539169,266530,15988018,377,200,98601,2068,27215
$$HAR,13:36:35,420271499,-936539211,267025,15988018,227,200,98601,2068,27210
$$HAR,13:36:38,420271515,-936539290,265763,15988018,601,200,98603,2067,27210
$$HAR,13:36:41,420271500,-936539247,265244,15988018,155,202,98601,2067,27210
$$HAR,13:36:44,420271516,-936539244,265406,15988018,382,200,98601,2066,27207
$$HAR,13:36:47,420271506,-936539278,264800,15988018,165,201,98601,2066,27207
$$HAR,13:36:50,420271565,-936539325,265044,15988018,76,201,98601,2066,27207
$$HAR,13:36:53,420271616,-936539308,266753,15988018,42,201,98597,2065,27207
$$HAR,13:36:56,420271609,-936539341,266286,15988018,241,201,98597,2065,27207
$$HAR,13:36:59,420271666,-936539399,267869,15988018,128,201,98597,2064,27209
$$HAR,13:37:02,420271773,-936539384,268922,15988018,196,201,98599,2064,27209
$$HAR,13:37:05,420271780,-936539346,269529,15988018,210,201,98599,2063,27209
$$HAR,13:37:08,420271752,-936539340,269272,15988018,100,241,98599,2063,27209
$$HAR,13:37:11,420271803,-936539369,270253,15988018,173,241,98599,2062,27206
$$HAR,13:37:14,420271830,-936539361,271177,15988018,130,255,98601,2062,27201
$$HAR,13:37:17,420271788,-936539372,271334,15988018,268,201,98601,2061,27206
$$HAR,13:37:20,420271787,-936539360,271219,15988018,118,241,98599,2061,27206
$$HAR,13:37:23,420271804,-936539375,270876,15988018,217,255,98599,2060,27201
$$HAR,13:37:26,420271746,-936539378,269768,15988018,108,241,98599,2060,27201
$$HAR,13:37:29,420271773,-936539325,271884,15988018,26,242,98601,2059,27205
$$HAR,13:37:32,420271806,-936539339,272673,15988018,255,242,98599,2059,27199
$$HAR,13:37:35,420271809,-936539277,273770,15988018,208,242,98599,2058,27205
$$HAR,13:37:38,420271852,-936539279,275057,15988018,574,242,98599,2058,27205
$$HAR,13:37:41,420271852,-936539270,275294,15988018,284,256,98601,2058,27205
$$HAR,13:37:44,420271819,-936539257,274580,15988018,66,256,98597,2057,27202
$$HAR,13:37:47,420271800,-936539216,273521,15988018,54,242,98599,2057,27209
$$HAR,13:37:50,420271769,-936539209,271462,15988018,107,250,98599,2056,27209
$$HAR,13:37:53,420271739,-936539226,269724,15988018,88,242,98599,2056,27209
$$HAR,13:37:56,420271683,-936539218,268005,15988018,216,242,98595,2055,27205
$$HAR,13:37:59,420271626,-936539204,266438,15988018,44,257,98597,2055,27205
$$HAR,13:38:02,420271610,-936539233,265709,15988018,120,243,98597,2054,27210
$$HAR,13:38:05,420271596,-936539248,264995,15988018,45,243,98597,2054,27216
$$HAR,13:38:08,420271575,-936539263,264373,15988018,322,243,98599,2053,27219
$$HAR,13:38:11,420271553,-936539279,263921,15988018,168,243,98595,2053,27214
$$HAR,13:38:14,420271553,-936539293,264312,15988018,14,258,98597,2052,27219
$$HAR,13:38:17,420271592,-936539291,264065,15988018,180,257,98597,2052,27219
$$HAR,13:38:20,420271580,-936539299,264084,15988018,53,257,98595,2051,27212
$$HAR,13:38:23,420271552,-936539319,263456,15988018,49,258,98595,2051,27212
$$HAR,13:38:26,420271525,-936539335,262797,15988018,212,257,98595,2050,27217
$$HAR,13:38:29,420271525,-936539347,262419,15988018,129,244,98597,2050,27217
$$HAR,13:38:32,420271511,-936539358,262555,15988018,75,244,98597,2049,27221
$$HAR,13:38:35,420271497,-936539380,262872,15988018,157,244,98595,2049,27221
$$HAR,13:38:38,420271481,-936539419,263630,15988018,242,258,98595,2049,27226
$$HAR,13:38:41,420271432,-936539378,264097,15988018,276,244,98595,2049,27221
$$HAR,13:38:44,420271536,-936539382,264813,15988018,449,244,98595,2048,27229
$$HAR,13:38:47,420271566,-936539313,264902,15988018,39,244,98593,2048,27229
$$HAR,13:38:50,420271616,-936539283,265798,15988018,106,244,98593,2048,27234
$$HAR,13:38:53,420271610,-936539236,266133,15988018,221,244,98593,2048,27234
$$HAR,13:38:56,420271593,-936539248,266319,15988018,132,244,98593,2048,27234
$$HAR,13:38:59,420271491,-936539343,266569,15988018,264,252,98591,2048,27229
$$HAR,13:39:02,420271378,-936539536,266809,15988018,282,245,98591,2048,27239
$$HAR,13:39:05,420271334,-936539535,266892,15988018,156,245,98591,2048,27234
$$HAR,13:39:08,420271268,-936539487,266684,15988018,289,245,98591,2048,27245
$$HAR,13:39:11,420271210,-936539465,266299,15988018,106,245,98591,2048,27239
$$HAR,13:39:14,420271142,-936539366,266298,15988018,149,245,98589,2047,27245
$$HAR,13:39:17,420271147,-936539442,265352,15988018,111,245,98589,2047,27245
$$HAR,13:39:20,420271184,-936539466,264310,15988018,73,245,98589,2047,27250
$$HAR,13:39:23,420271236,-936539567,264019,15988018,318,245,98589,2047,27250
$$HAR,13:39:26,420271263,-936539538,263904,15988018,140,245,98589,2047,27256
$$HAR,13:39:29,420271291,-936539662,263690,15988018,195,245,98589,2046,27254
$$HAR,13:39:32,420271357,-936539714,263366,15988018,198,260,98589,2046,27249
$$HAR,13:39:35,420271414,-936539687,263767,15988018,22,246,98589,2046,27259
$$HAR,13:39:38,420271420,-936539634,264103,15988018,137,246,98585,2045,27259
$$HAR,13:39:41,420271521,-936539739,264315,15988018,423,246,98583,2045,27259
$$HAR,13:39:44,420271570,-936539838,263936,15988018,362,254,98585,2045,27259
$$HAR,13:39:47,420271439,-936539866,263489,15988018,360,246,98585,2044,27252
$$HAR,13:39:50,420271370,-936539842,262935,15988018,332,246,98585,2044,27252
$$HAR,13:39:53,420271403,-936539768,262016,15988018,208,246,98585,2044,27252
$$HAR,13:39:56,420271435,-936539608,261099,15988018,326,286,98583,2043,27257
$$HAR,13:39:59,420271375,-936539479,260396,15988018,405,246,98585,2043,27257
$$HAR,13:40:02,420271444,-936539321,259660,15988018,509,246,98585,2043,27252
$$HAR,13:40:05,420271340,-936539397,259503,15988018,111,254,98585,2043,27257
$$HAR,13:40:08,420271443,-936539319,258930,15988018,262,287,98587,2042,27256
$$HAR,13:40:11,420271564,-936539432,258037,15988018,355,247,98587,2042,27261
$$HAR,13:40:14,420271596,-936539533,258429,15988018,76,247,98587,2042,27256
$$HAR,13:40:17,420271652,-936539557,259535,15988018,173,247,98587,2042,27256
$$HAR,13:40:20,420271645,-936539621,260411,15988018,101,247,98587,2042,27256
$$HAR,13:40:23,420271606,-936539661,260784,15988018,275,247,98587,2042,27256
$$HAR,13:40:26,420271537,-936539570,261571,15988018,614,247,98585,2041,27256
$$HAR,13:40:29,420271390,-936539621,262086,15988018,396,247,98583,2041,27256
$$HAR,13:40:32,420271540,-936539719,262130,15988018,127,255,98583,2041,27250
$$HAR,13:40:35,420271436,-936539728,261800,15988018,313,247,98583,2040,27245
$$HAR,13:40:38,420271357,-936539740,261861,15988018,366,247,98583,2040,27256
$$HAR,13:40:41,420271397,-936539646,262434,15988018,302,247,98579,2040,27250
$$HAR,13:40:44,420271329,-936539691,263372,15988018,172,247,98579,2039,27241
$$HAR,13:40:47,420271373,-936539674,263927,15988018,96,248,98579,2039,27246
$$HAR,13:40:50,420271456,-936539632,264482,15988018,113,248,98577,2038,27246
$$HAR,13:40:53,420271563,-936539591,264987,15988018,9,248,98577,2038,27252
$$HAR,13:40:56,420271647,-936539672,265523,15988018,605,248,98577,2037,27245
$$HAR,13:40:59,420271813,-936539646,265380,15988018,565,248,98577,2037,27250
$$HAR,13:41:02,420271910,-936539590,265291,15988018,442,248,98579,2036,27256
$$HAR,13:41:05,420272029,-936539590,265245,15988018,542,248,98579,2036,27256
$$HAR,13:41:08,420271909,-936539486,265489,15988018,306,248,98579,2035,27249
$$HAR,13:41:11,420271950,-936539369,265871,15988018,232,263,98579,2035,27249
$$HAR,13:41:14,420271923,-936539341,265876,15988018,174,248,98581,2034,27260
$$HAR,13:41:17,420271893,-936539359,266475,15988018,55,248,98579,2033,27256
$$HAR,13:41:20,420271951,-936539426,267632,15988018,241,248,98579,2033,27250
$$HAR,13:41:23,420272095,-936539447,267919,15988018,286,265,98579,2032,27260
$$HAR,13:41:26,420272041,-936539472,268180,15988018,40,267,98577,2031,27264
$$HAR,13:41:29,420272174,-936539260,268363,15988018,596,253,98579,2031,27259
$$HAR,13:41:32,420272194,-936539197,268624,15988018,108,249,98579,2030,27264
$$HAR,13:41:35,420272310,-936539311,268340,15988018,80,249,98577,2029,27259
$$HAR,13:41:38,420272175,-936539456,269196,15988018,261,249,98577,2029,27269
$$HAR,13:41:41,420272120,-936539540,268910,15988018,15,191,98579,2028,27266
$$HAR,13:41:44,420272125,-936539654,268801,15988018,86,198,98577,2028,27266
$$HAR,13:41:47,420272144,-936539607,268923,15988018,152,191,98577,2027,27278
$$HAR,13:41:50,420272156,-936539605,269075,15988018,49,191,98577,2027,27266
$$HAR,13:41:53,420272189,-936539551,268967,15988018,122,213,98579,2026,27270
$$HAR,13:41:56,420272146,-936539600,269093,15988018,364,191,98579,2026,27270
$$HAR,13:41:59,420272220,-936539613,269682,15988018,230,201,98579,2026,27276
$$HAR,13:42:02,420272282,-936539975,270651,15988018,639,258,98573,2026,27281
$$HAR,13:42:05,420272312,-936540209,270932,15988018,700,304,98573,2026,27281
$$HAR,13:42:08,420272437,-936540066,270679,15988018,439,210,98573,2025,27270
$$HAR,13:42:11,420272283,-936540150,269792,15988018,76,210,98573,2025,27281
$$HAR,13:42:14,420272174,-936540165,268018,15988018,148,210,98573,2025,27276
$$HAR,13:42:17,420272048,-936540229,266663,15988018,249,210,98575,2025,27281
$$HAR,13:42:20,420271927,-936540279,265027,15988018,320,247,98575,2025,27276
$$HAR,13:42:26,420271877,-936540232,263041,15988018,32,206,98575,2024,27315
$$HAR,13:42:29,420271827,-936540181,262815,15988018,146,206,98573,2024,27326
$$HAR,13:42:32,420271791,-936540174,262382,15988018,211,219,98573,2023,27326
$$HAR,13:42:35,420271815,-936540106,262494,15988018,183,219,98573,2023,27321
$$HAR,13:42:38,420271792,-936540100,262704,15988018,41,219,98575,2023,27315
$$HAR,13:42:41,420271813,-936540077,262412,15988018,105,219,98575,2023,27310
$$HAR,13:42:44,420271782,-936540101,263342,15988018,52,197,98575,2022,27302
$$HAR,13:42:47,420271777,-936540071,263887,15988018,59,219,98575,2022,27302
$$HAR,13:42:50,420271774,-936540058,264442,15988018,110,220,98575,2022,27297
$$HAR,13:42:53,420271647,-936540052,264732,15988018,783,198,98573,2022,27297
$$HAR,13:42:56,420271525,-936539810,265573,14883582,338,220,98573,2021,27292
$$HAR,13:42:59,420271529,-936539746,265516,14883582,64,275,98575,2021,27292
$$HAR,13:43:02,420271545,-936539699,265548,14883582,165,275,98575,2021,27292
$$HAR,13:43:05,420271560,-936539685,265123,14883582,320,266,98575,2020,27292
$$HAR,13:43:08,420271565,-936539689,264938,14883582,81,266,98575,2020,27286
$$HAR,13:43:11,420271583,-936539664,264989,14883582,29,266,98577,2019,27296
$$HAR,13:43:14,420271561,-936539628,264861,14883582,112,266,98579,2019,27290
$$HAR,13:43:17,420271542,-936539589,264470,14883582,79,267,98579,2018,27290
$$HAR,13:43:20,420271526,-936539580,264056,14883582,21,194,98577,2018,27290
$$HAR,13:43:23,420271528,-936539574,263747,14883582,104,267,98579,2017,27289
$$HAR,13:43:26,420271505,-936539570,263719,14883582,74,251,98579,2017,27284
$$HAR,13:43:29,420271502,-936539557,263836,14883582,27,267,98581,2016,27291
$$HAR,13:43:32,420271514,-936539538,264220,14883582,59,267,98581,2016,27296
$$HAR,13:43:35,420271519,-936539525,264735,14883582,23,251,98579,2016,27296
$$HAR,13:43:38,420271516,-936539521,264671,14883582,54,267,98579,2015,27295
$$HAR,13:43:41,420271523,-936539505,264645,14883582,35,267,98581,2015,27289
$$HAR,13:43:44,420271512,-936539510,264419,14883582,87,251,98581,2015,27295
$$HAR,13:43:47,420271523,-936539518,264656,14883582,22,267,98581,2014,27295
$$HAR,13:43:50,420271525,-936539527,265159,14883582,103,267,98581,2014,27300
$$HAR,13:43:53,420271501,-936539523,265517,14883582,39,267,98581,2013,27293
$$HAR,13:43:56,420271483,-936539516,266009,14883582,82,267,98581,2013,27299
$$HAR,13:43:59,420271450,-936539515,266094,14883582,77,252,98581,2013,27304
$$HAR,13:44:02,420271437,-936539501,266261,14883582,47,268,98581,2012,27304
$$HAR,13:44:05,420271438,-936539476,267184,14883582,171,268,98579,2012,27299
$$HAR,13:44:08,420271445,-936539454,267690,14883582,22,268,98581,2012,27304
$$HAR,13:44:11,420271430,-936539437,268069,14883582,30,268,98581,2011,27306
$$HAR,13:44:14,420271431,-936539428,268433,14883582,207,268,98581,2011,27306
$$HAR,13:44:17,420271435,-936539416,268863,14883582,26,268,98583,2011,27312
$$HAR,13:44:20,420271436,-936539420,268988,14883582,79,268,98583,2010,27312
$$HAR,13:44:23,420271437,-936539417,268830,14883582,18,268,98581,2010,27312
$$HAR,13:44:26,420271420,-936539433,268153,14883582,97,268,98581,2010,27318
$$HAR,13:44:29,420271411,-936539449,267939,14883582,126,195,98581,2010,27318
$$HAR,13:44:32,420271403,-936539456,268001,14883582,14,268,98583,2009,27321
$$HAR,13:44:35,420271387,-936539457,268112,14883582,18,219,98583,2009,27321
$$HAR,13:44:38,420271366,-936539463,268175,14883582,29,219,98583,2009,27321
$$HAR,13:44:41,420271359,-936539465,268336,14883582,90,252,98583,2008,27320
$$HAR,13:44:44,420271353,-936539464,268282,14883582,57,196,98581,2008,27320
$$HAR,13:44:47,420271349,-936539468,268120,14883582,145,196,98581,2008,27330
$$HAR,13:44:50,420271338,-936539483,267671,14883582,46,219,98583,2007,27330
$$HAR,13:44:53,420271335,-936539499,267362,14883582,79,269,98583,2007,27330
$$HAR,13:44:56,420271349,-936539498,267141,14883582,97,219,98583,2007,27330
$$HAR,13:44:59,420271362,-936539490,267047,14883582,117,269,98583,2006,27334
$$HAR,13:45:02,420271374,-936539505,266461,14883582,122,269,98577,2006,27340
$$HAR,13:45:05,420271364,-936539531,265831,14883582,80,220,98577,2006,27340
$$HAR,13:45:08,420271357,-936539543,265801,14883582,33,253,98577,2006,27340
$$HAR,13:45:11,420271371,-936539536,266080,14883582,37,269,98577,2005,27345
$$HAR,13:45:14,420271368,-936539527,266196,14883582,103,220,98577,2005,27345
$$HAR,13:45:17,420271366,-936539504,266795,14883582,184,269,98579,2005,27340
$$HAR,13:45:20,420271377,-936539523,266894,14883582,101,220,98579,2004,27342
$$HAR,13:45:23,420271386,-936539544,266496,14883582,117,269,98577,2004,27342
$$HAR,13:45:26,420271390,-936539547,266345,14883582,103,197,98577,2004,27349
$$HAR,13:45:29,420271399,-936539541,266720,14883582,101,220,98577,2004,27349
$$HAR,13:45:32,420271426,-936539545,267284,14883582,23,269,98579,2003,27354
$$HAR,13:45:35,420271441,-936539550,267206,14883582,94,220,98579,2003,27354
$$HAR,13:45:38,420271444,-936539544,267030,14883582,68,269,98579,2003,27354
$$HAR,13:45:41,420271439,-936539534,267060,14883582,57,221,98577,2002,27357
$$HAR,13:45:44,420271453,-936539550,266617,14883582,89,270,98577,2002,27357
$$HAR,13:45:47,420271464,-936539570,266349,14883582,23,270,98577,2002,27357
$$HAR,13:45:50,420271479,-936539593,266125,14883582,11,261,98577,2001,27351
$$HAR,13:45:53,420271488,-936539605,265621,14883582,34,221,98577,2001,27362
$$HAR,13:45:56,420271492,-936539607,265403,14883582,55,270,98577,2001,27367
$$HAR,13:45:59,420271482,-936539613,264707,14883582,25,198,98577,2000,27366
$$HAR,13:46:02,420271488,-936539601,264285,14883582,73,270,98573,2000,27366
$$HAR,13:46:05,420271486,-936539592,264011,14883582,44,221,98573,2000,27372
$$HAR,13:46:08,420271479,-936539581,263577,14883582,25,270,98573,1999,27370
$$HAR,13:46:11,420271464,-936539572,263176,14883582,94,222,98573,1999,27370
$$HAR,13:46:14,420271449,-936539570,262685,14883582,33,222,98573,1999,27375
$$HAR,13:46:17,420271445,-936539552,262820,14883582,103,222,98573,1999,27375
$$HAR,13:46:20,420271434,-936539549,262713,14883582,119,270,98575,1999,27370
$$HAR,13:46:23,420271439,-936539540,262549,14883582,36,222,98575,1998,27375
$$HAR,13:46:26,420271430,-936539531,262486,14883582,10,236,98573,1998,27370
$$HAR,13:46:29,420271404,-936539532,262166,14883582,79,236,98573,1998,27375
$$HAR,13:46:32,420271401,-936539514,262391,14883582,13,222,98573,1998,27381
$$HAR,13:46:35,420271386,-936539511,261851,14883582,34,222,98573,1997,27374
$$HAR,13:46:38,420271394,-936539480,262490,14883582,22,223,98573,1997,27380
$$HAR,13:46:41,420271396,-936539461,262933,14883582,150,223,98573,1997,27385
$$HAR,13:46:44,420271399,-936539446,263457,14883582,83,223,98575,1997,27380
$$HAR,13:46:47,420271409,-936539441,263833,14883582,29,223,98575,1996,27380
$$HAR,13:46:50,420271427,-936539440,264127,14883582,93,223,98573,1996,27380
$$HAR,13:46:53,420271418,-936539455,263797,14883582,48,223,98573,1996,27385
$$HAR,13:46:56,420271417,-936539456,263648,14883582,84,223,98573,1995,27389
$$HAR,13:46:59,420271411,-936539458,263691,14883582,31,223,98573,1995,27389
$$HAR,13:47:02,420271398,-936539478,263229,14883582,25,223,98575,1995,27389
$$HAR,13:47:05,420271397,-936539485,263445,14883582,33,223,98575,1995,27394
$$HAR,13:47:08,420271382,-936539480,263719,14883582,61,223,98575,1994,27394
$$HAR,13:47:11,420271370,-936539475,263973,14883582,78,224,98573,1994,27394
$$HAR,13:47:14,420271368,-936539473,264331,14883582,38,224,98571,1994,27394
$$HAR,13:47:17,420271350,-936539475,264228,14883582,71,224,98573,1994,27394
$$HAR,13:47:20,420271340,-936539464,264993,14883582,12,224,98573,1993,27395
$$HAR,13:47:23,420271350,-936539454,265469,14883582,48,224,98573,1993,27390
$$HAR,13:47:26,420271343,-936539454,265493,14883582,71,224,98573,1993,27385
$$HAR,13:47:29,420271352,-936539425,266974,14883582,80,224,98573,1993,27390
$$HAR,13:47:32,420271346,-936539444,266502,14883582,24,224,98573,1993,27390
$$HAR,13:47:35,420271353,-936539463,266231,14883582,30,224,98573,1993,27395
$$HAR,13:47:38,420271355,-936539474,266153,14883582,70,224,98571,1992,27395
$$HAR,13:47:41,420271353,-936539475,266181,14883582,14,224,98571,1992,27390
$$HAR,13:47:44,420271367,-936539475,266558,14883582,144,225,98571,1992,27395
$$HAR,13:47:47,420271387,-936539475,266556,14883582,86,225,98571,1992,27395
$$HAR,13:47:50,420271382,-936539458,266972,14883582,48,225,98571,1992,27390
$$HAR,13:47:53,420271386,-936539461,266811,14883582,2,225,98571,1991,27394
$$HAR,13:47:56,420271367,-936539461,266332,14883582,109,225,98571,1991,27394
$$HAR,13:47:59,420271361,-936539463,266053,14883582,52,271,98571,1991,27394
$$HAR,13:48:02,420271324,-936539461,265775,14883582,23,225,98571,1991,27394
$$HAR,13:48:05,420271300,-936539459,265150,14883582,39,225,98571,1991,27394
$$HAR,13:48:08,420271323,-936539434,265118,14883582,56,225,98569,1990,27399
$$HAR,13:48:11,420271337,-936539424,265040,14883582,126,225,98569,1990,27399
$$HAR,13:48:14,420271364,-936539419,265341,14883582,63,225,98571,1990,27399
$$HAR,13:48:17,420271327,-936539399,265316,14883582,488,226,98571,1990,27399
$$HAR,13:48:20,420271329,-936539186,266290,14883582,466,226,98571,1989,27399
$$HAR,13:48:23,420271359,-936539164,267149,14883582,252,271,98571,1989,27399
$$HAR,13:48:26,420271556,-936539278,269432,3560995,1426,226,98571,1989,27399
$$HAR,13:48:29,420271573,-936539327,268639,29570274,703,226,98571,1989,27405
$$HAR,13:48:32,420271382,-936539252,269043,19988184,221,226,98569,1988,27397
$$HAR,13:48:35,420271399,-936539341,268349,19988184,104,271,98569,1988,27402
$$HAR,13:48:38,420271438,-936539358,268868,19988184,104,226,98571,1988,27397
$$HAR,13:48:41,420271433,-936539357,268793,19988184,251,271,98571,1988,27402
$$HAR,13:48:44,420271419,-936539372,268394,19988184,170,226,98571,1987,27391
$$HAR,13:48:47,420271348,-936539402,268046,19988184,196,226,98571,1987,27397
$$HAR,13:48:50,420271392,-936539414,268648,19988184,400,272,98571,1987,27397
$$HAR,13:48:53,420271345,-936539397,268785,19988184,329,227,98567,1986,27385
$$HAR,13:48:56,420271349,-936539427,268180,19988184,274,227,98567,1986,27395
$$HAR,13:48:59,420271353,-936539484,267787,19988184,356,227,98567,1985,27395
$$HAR,13:49:02,420271322,-936539496,266520,19988184,195,272,98567,1985,27395
$$HAR,13:49:05,420271309,-936539493,265844,19988184,119,272,98565,1985,27390
$$HAR,13:49:08,420271279,-936539515,264999,19988184,240,227,98565,1984,27396
$$HAR,13:49:11,420271247,-936539553,264982,19988184,178,272,98565,1984,27396
$$HAR,13:49:14,420271241,-936539596,264165,19988184,149,227,98563,1984,27390
$$HAR,13:49:17,420271377,-936539650,263066,32569124,796,202,98563,1984,27401
$$HAR,13:49:20,420271351,-936539625,262075,32569124,120,227,98565,1984,27390
$$HAR,13:49:23,420271313,-936539643,261821,32569124,94,227,98565,1983,27396
$$HAR,13:49:26,420271285,-936539668,261284,32569124,126,228,98565,1983,27396
$$HAR,13:49:29,420271227,-936539707,260991,32569124,288,228,98565,1983,27401
$$HAR,13:49:32,420271213,-936539718,261088,32569124,25,272,98565,1983,27401
$$HAR,13:49:35,420271223,-936539719,261419,32569124,242,228,98563,1983,27390
$$HAR,13:49:38,420271229,-936539722,261164,32569124,213,272,98565,1983,27390
$$HAR,13:49:41,420271260,-936539720,261401,32569124,134,228,98565,1983,27401
$$HAR,13:49:44,420271246,-936539734,261382,32569124,107,228,98565,1983,27396
$$HAR,13:49:47,420271297,-936539732,261369,32569124,207,228,98563,1983,27396
$$HAR,13:49:50,420271334,-936539749,261776,32569124,164,228,98563,1983,27396
$$HAR,13:49:53,420271356,-936539752,261602,32569124,21,272,98563,1983,27401
$$HAR,13:49:56,420271374,-936539753,261753,32569124,95,228,98563,1983,27401
$$HAR,13:49:59,420271396,-936539735,261808,32569124,81,228,98563,1983,27401
$$HAR,13:50:02,420271436,-936539737,261698,32569124,30,229,98565,1983,27401
$$HAR,13:50:05,420271445,-936539746,261674,32569124,61,229,98565,1983,27401
$$HAR,13:50:08,420271416,-936539740,261533,32569124,162,229,98565,1983,27401
$$HAR,13:50:11,420271433,-936539771,260978,32569124,123,229,98565,1984,27401
$$HAR,13:50:14,420271452,-936539781,260773,32569124,110,229,98565,1984,27396
$$HAR,13:50:17,420271520,-936539794,260126,32569124,377,272,98563,1984,27401
$$HAR,13:50:20,420271524,-936539803,259739,32569124,231,262,98563,1984,27401
$$HAR,13:50:23,420271519,-936539802,259846,32569124,105,229,98563,1985,27401
$$HAR,13:50:26,420271551,-936539806,259421,32569124,48,229,98565,1985,27395
$$HAR,13:50:29,420271529,-936539801,259974,32569124,330,272,98563,1986,27390
$$HAR,13:50:32,420271467,-936539778,260487,32569124,131,229,98563,1986,27401
$$HAR,13:50:35,420271431,-936539755,261126,32569124,58,272,98561,1986,27390
$$HAR,13:50:38,420271397,-936539749,261159,32569124,22,230,98567,1987,27397
$$HAR,13:50:41,420271376,-936539757,261014,32569124,105,230,98567,1987,27397
$$HAR,13:50:44,420271384,-936539713,260501,32569124,534,230,98567,1987,27391
$$HAR,13:50:47,420271520,-936539494,260451,683973,887,230,98567,1988,27386
$$HAR,13:50:50,420271556,-936539391,259885,683973,201,230,98567,1988,27391
$$HAR,13:50:53,420271591,-936539399,259936,683973,90,230,98567,1988,27386
$$HAR,13:50:56,420271668,-936539423,260549,683973,200,190,98569,1989,27389
$$HAR,13:50:59,420271722,-936539436,260616,683973,153,216,98569,1989,27389
$$HAR,13:51:02,420271852,-936539439,261718,683973,167,216,98569,1989,27389
$$HAR,13:51:05,420271969,-936539429,262297,683973,275,217,98569,1989,27394
$$HAR,13:51:08,420272041,-936539452,262619,683973,67,230,98569,1989,27389
$$HAR,13:51:11,420272022,-936539478,262348,683973,265,217,98569,1989,27389
$$HAR,13:51:14,420272043,-936539494,261780,683973,165,217,98569,1989,27394
$$HAR,13:51:17,420272030,-936539523,261110,683973,219,217,98571,1990,27394
$$HAR,13:51:20,420271942,-936539524,259928,683973,142,217,98571,1990,27394
$$HAR,13:51:23,420271868,-936539524,259431,683973,78,190,98573,1989,27394
$$HAR,13:51:26,420271814,-936539535,258576,683973,403,197,98573,1989,27399
$$HAR,13:51:29,420271732,-936539530,258183,683973,176,217,98573,1989,27389
$$HAR,13:51:32,420271695,-936539521,257125,683973,264,217,98573,1989,27399
$$HAR,13:51:35,420271660,-936539499,256508,683973,398,190,98573,1989,27399
$$HAR,13:51:38,420271647,-936539537,256646,683973,107,191,98575,1989,27399
$$HAR,13:51:41,420271668,-936539552,256572,683973,160,218,98575,1989,27405
$$HAR,13:51:44,420271673,-936539556,256028,683973,227,218,98573,1988,27397
$$HAR,13:51:47,420271696,-936539577,256576,683973,132,220,98573,1988,27402
$$HAR,13:51:50,420271724,-936539613,257775,683973,459,218,98571,1988,27402
$$HAR,13:51:53,420271720,-936539614,257985,683973,31,191,98571,1988,27407
$$HAR,13:51:56,420271684,-936539644,258038,683973,356,218,98571,1988,27413
$$HAR,13:51:59,420271663,-936539628,259318,683973,88,218,98571,1988,27402
$$HAR,13:52:02,420271702,-936539654,260142,683973,225,218,98573,1987,27402
$$HAR,13:52:05,420271742,-936539635,260629,683973,38,218,98573,1987,27407
$$HAR,13:52:08,420271733,-936539549,261800,683973,553,218,98571,1987,27407
$$HAR,13:52:13,420272456,-936538893,263932,941390,2363,191,98567,1985,27433
$$HAR,13:52:16,420272792,-936538998,263917,941390,1322,196,98567,1985,27448
$$HAR,13:52:19,420273149,-936539394,262880,941390,1716,219,98563,1985,27443
$$HAR,13:52:22,420273891,-936539907,261769,941390,1735,195,98563,1984,27434
$$HAR,13:52:25,420274248,-936539847,261137,941390,977,216,98563,1984,27429
$$HAR,13:52:28,420274261,-936539791,261455,941390,769,286,98563,1984,27423
$$HAR,13:52:31,420274152,-936539596,260829,941390,30,231,98563,1984,27423
$$HAR,13:52:34,420273668,-936539522,260269,941390,116,225,98565,1984,27423
$$HAR,13:52:37,420273361,-936539496,258488,941390,155,238,98565,1983,27417
$$HAR,13:52:40,420273190,-936539434,258885,941390,22,197,98565,1983,27406
$$HAR,13:52:43,420272954,-936539488,258268,941390,47,197,98565,1983,27406
$$HAR,13:52:46,420272778,-936539513,257846,941390,16,239,98565,1983,27406
$$HAR,13:52:49,420272647,-936539516,257644,941390,52,239,98563,1983,27406
$$HAR,13:52:52,420272583,-936539508,257753,941390,154,239,98563,1983,27406
$$HAR,13:52:55,420272522,-936539488,258645,941390,76,239,98563,1982,27400
$$HAR,13:52:58,420272463,-936539496,259363,941390,162,239,98565,1982,27394
$$HAR,13:53:01,420272432,-936539458,260452,941390,113,267,98565,1982,27405
$$HAR,13:53:04,420272397,-936539475,260252,941390,43,239,98565,1982,27400
$$HAR,13:53:07,420272395,-936539492,260076,941390,21,197,98565,1981,27400
$$HAR,13:53:10,420272395,-936539496,259849,941390,176,239,98565,1981,27400
$$HAR,13:53:13,420272380,-936539497,259752,941390,41,268,98565,1981,27405
$$HAR,13:53:16,420272381,-936539506,259961,941390,70,240,98563,1981,27405
$$HAR,13:53:19,420272376,-936539519,260445,941390,44,268,98563,1980,27405
$$HAR,13:53:22,420272376,-936539523,260925,941390,52,243,98563,1980,27410
$$HAR,13:53:25,420272366,-936539536,261435,941390,43,240,98565,1980,27416
$$HAR,13:53:28,420272363,-936539547,261546,941390,18,269,98565,1980,27410
$$HAR,13:53:31,420272378,-936539490,262695,941390,133,240,98565,1979,27414
$$HAR,13:53:34,420272376,-936539443,263283,941390,54,269,98565,1979,27414
$$HAR,13:53:37,420272368,-936539407,264121,941390,65,269,98565,1979,27419
$$HAR,13:53:40,420272359,-936539380,264580,941390,37,269,98563,1979,27419
$$HAR,13:53:43,420272353,-936539358,265078,941390,40,240,98563,1978,27419
$$HAR,13:53:46,420272327,-936539360,265203,941390,40,220,98565,1978,27425
$$HAR,13:53:49,420272311,-936539380,264829,941390,58,244,98565,1978,27419
$$HAR,13:53:52,420272300,-936539385,265349,941390,38,244,98565,1977,27423
$$HAR,13:53:55,420272285,-936539384,265678,941390,19,220,98563,1977,27423
$$HAR,13:53:58,420272252,-936539378,266282,941390,35,187,98563,1976,27431
$$HAR,13:54:01,420272226,-936539346,267074,941390,65,244,98565,1976,27426
$$HAR,13:54:04,420272175,-936539320,267847,941390,257,244,98565,1976,27431
$$HAR,13:54:07,420272153,-936539294,268671,941390,61,220,98565,1975,27430
$$HAR,13:54:10,420272161,-936539289,268874,941390,80,220,98565,1975,27435
$$HAR,13:54:13,420272139,-936539268,269441,941390,152,245,98563,1975,27435
$$HAR,13:54:16,420272130,-936539324,268528,941390,124,205,98563,1974,27435
$$HAR,13:54:19,420272134,-936539348,268179,941390,69,245,98563,1974,27441
$$HAR,13:54:22,420272124,-936539407,267162,941390,68,221,98565,1973,27434
$$HAR,13:54:25,420272105,-936539426,266430,941390,454,221,98565,1973,27445
$$HAR,13:54:28,420272069,-936539446,266352,941390,155,187,98565,1973,27445
$$HAR,13:54:31,420272072,-936539424,266984,941390,61,245,98561,1973,27439
$$HAR,13:54:34,420272071,-936539436,266910,941390,115,245,98563,1972,27439
$$HAR,13:54:37,420272071,-936539401,267456,941390,75,245,98563,1972,27445
$$HAR,13:54:40,420272069,-936539405,266718,941390,129,187,98563,1972,27445
$$HAR,13:54:43,420272034,-936539508,265432,941390,193,245,98565,1971,27442
$$HAR,13:54:46,420271989,-936539499,264973,941390,64,246,98565,1971,27442
$$HAR,13:54:49,420271966,-936539541,263222,941390,74,221,98563,1971,27442
$$HAR,13:54:52,420271945,-936539570,262320,941390,14,246,98565,1970,27442
$$HAR,13:54:55,420271928,-936539555,262386,941390,28,218,98567,1970,27442
$$HAR,13:54:58,420271915,-936539564,262514,941390,21,218,98567,1969,27446
$$HAR,13:55:01,420271905,-936539556,262331,941390,109,206,98563,1969,27446
$$HAR,13:55:04,420271901,-936539575,260894,941390,28,206,98563,1968,27454
$$HAR,13:55:07,420271942,-936539538,261510,941390,245,184,98563,1968,27449
$$HAR,13:55:10,420271950,-936539550,261782,941390,57,206,98565,1967,27449
$$HAR,13:55:13,420271958,-936539583,261806,941390,105,210,98565,1967,27449
$$HAR,13:55:16,420271969,-936539607,261630,941390,45,206,98565,1966,27457
$$HAR,13:55:19,420271970,-936539586,262387,941390,34,207,98567,1966,27457
$$HAR,13:55:22,420271974,-936539549,263549,941390,77,207,98567,1965,27457
$$HAR,13:55:25,420271991,-936539483,264960,941390,38,207,98565,1965,27457
$$HAR,13:55:28,420271984,-936539487,264965,941390,114,207,98567,1964,27456
$$HAR,13:55:31,420271992,-936539499,265078,941390,44,184,98567,1964,27456
$$HAR,13:55:34,420271985,-936539522,265044,941390,106,184,98567,1964,27456
$$HAR,13:55:37,420271991,-936539531,265425,941390,36,219,98569,1963,27461
$$HAR,13:55:40,420272005,-936539492,266257,941390,104,207,98569,1963,27461
$$HAR,13:55:43,420271998,-936539514,266411,941390,177,219,98567,1963,27461
$$HAR,13:55:46,420271995,-936539515,265965,941390,104,207,98567,1962,27465
$$HAR,13:55:49,420271989,-936539501,266357,941390,162,184,98569,1962,27459
$$HAR,13:55:52,420271991,-936539469,267420,941390,96,207,98569,1962,27459
$$HAR,13:55:55,420272000,-936539393,268515,941390,241,207,98571,1961,27465
$$HAR,13:55:58,420271989,-936539431,268063,941390,138,207,98569,1961,27459
$$HAR,13:56:01,420271981,-936539435,267438,941390,73,207,98569,1960,27459
$$HAR,13:56:04,420271984,-936539416,267489,941390,7,208,98569,1960,27459
$$HAR,13:56:07,420271990,-936539410,267624,941390,26,208,98569,1960,27465
$$HAR,13:56:10,420271992,-936539403,267736,941390,122,208,98567,1959,27456
$$HAR,13:56:13,420271993,-936539425,267333,941390,96,208,98569,1959,27456
$$HAR,13:56:16,420271996,-936539445,267224,941390,66,208,98569,1959,27461
$$HAR,13:56:19,420271992,-936539438,266966,941390,167,208,98569,1958,27461
$$HAR,13:56:22,420271983,-936539418,266459,941390,13,208,98571,1958,27461
$$HAR,13:56:25,420271957,-936539428,265811,941390,21,208,98573,1958,27461
$$HAR,13:56:28,420271950,-936539441,265307,941390,195,208,98573,1958,27461
$$HAR,13:56:31,420271931,-936539440,265378,941390,194,208,98573,1957,27454
$$HAR,13:56:34,420271914,-936539451,265615,941390,92,208,98571,1957,27459
$$HAR,13:56:37,420271924,-936539451,265587,941390,37,190,98569,1957,27459
$$HAR,13:56:40,420271911,-936539450,265825,941390,231,191,98571,1957,27459
$$HAR,13:56:43,420271906,-936539448,266123,941390,24,191,98569,1956,27459
$$HAR,13:56:46,420271937,-936539431,266569,941390,70,191,98571,1956,27459
$$HAR,13:56:49,420271913,-936539424,266327,941390,157,191,98573,1956,27459
$$HAR,13:56:52,420271898,-936539395,266122,941390,399,191,98573,1956,27459
$$HAR,13:56:55,420271877,-936539375,266165,941390,58,191,98573,1956,27465
$$HAR,13:56:58,420271863,-936539376,265984,941390,34,191,98575,1955,27457
$$HAR,13:57:01,420271845,-936539384,265600,941390,235,191,98575,1955,27457
$$HAR,13:57:04,420271916,-936539418,265670,34333368,242,175,98573,1955,27462
$$HAR,13:57:07,420271929,-936539404,265857,34333368,27,191,98573,1955,27462
$$HAR,13:57:10,420271965,-936539390,266063,34333368,71,180,98573,1955,27462
$$HAR,13:57:13,420271989,-936539373,266154,34333368,112,180,98575,1955,27462
$$HAR,13:57:16,420272013,-936539373,265757,34333368,120,180,98573,1954,27462
$$HAR,13:57:19,420272027,-936539364,266048,34333368,163,180,98573,1954,27462
$$HAR,13:57:22,420272045,-936539370,265832,34333368,20,180,98573,1954,27469
$$HAR,13:57:25,420272052,-936539358,266439,34333368,38,180,98573,1954,27469
$$HAR,13:57:28,420272071,-936539367,266165,34333368,44,180,98573,1954,27469
$$HAR,13:57:31,420272082,-936539365,266374,34333368,74,180,98573,1954,27474
$$HAR,13:57:34,420272105,-936539351,266950,34333368,51,180,98573,1954,27469
$$HAR,13:57:37,420272102,-936539346,266771,34333368,208,180,98573,1954,27469
$$HAR,13:57:40,420272086,-936539340,266244,34333368,153,180,98573,1954,27474
$$HAR,13:57:43,420272090,-936539335,266253,34333368,42,180,98573,1953,27471
$$HAR,13:57:46,420272075,-936539350,266046,34333368,215,181,98573,1953,27477
$$HAR,13:57:49,420272031,-936539375,265055,34333368,26,181,98571,1953,27477
$$HAR,13:57:52,420272026,-936539400,264533,34333368,58,181,98575,1953,27477
$$HAR,13:57:55,420272025,-936539414,264125,34333368,17,210,98573,1953,27477
$$HAR,13:57:58,420272037,-936539424,264070,34333368,151,186,98573,1953,27477
$$HAR,13:58:01,420272011,-936539435,263738,34333368,52,181,98571,1953,27482
$$HAR,13:58:04,420271979,-936539450,263586,34333368,71,186,98571,1953,27477
$$HAR,13:58:07,420271959,-936539452,263567,34333368,150,186,98571,1953,27482
$$HAR,13:58:10,420271962,-936539453,263771,34333368,44,186,98571,1953,27482
$$HAR,13:58:13,420271957,-936539458,263712,34333368,81,181,98571,1953,27482
$$HAR,13:58:16,420271981,-936539477,263718,34333368,221,181,98571,1953,27487
$$HAR,13:58:19,420271982,-936539473,264055,34333368,175,181,98571,1953,27487
$$HAR,13:58:22,420271946,-936539463,264167,34333368,148,181,98571,1952,27485
$$HAR,13:58:25,420271947,-936539458,264496,34333368,114,181,98571,1953,27493
$$HAR,13:58:28,420271995,-936539313,264556,4635876,349,181,98569,1952,27496
$$HAR,13:58:31,420271968,-936539334,264812,4635876,219,181,98569,1952,27496
$$HAR,13:58:34,420271955,-936539322,264897,4635876,70,181,98569,1952,27496
$$HAR,13:58:37,420271948,-936539354,264331,4635876,378,181,98569,1952,27496
$$HAR,13:58:40,420272000,-936539358,263856,4635876,234,182,98569,1952,27496
$$HAR,13:58:43,420271995,-936539324,264159,4635876,14,182,98569,1952,27496
$$HAR,13:58:46,420272015,-936539276,264994,4635876,269,182,98569,1952,27501
$$HAR,13:58:49,420271968,-936539265,265812,4635876,105,187,98567,1951,27500
$$HAR,13:58:52,420271932,-936539169,267127,4635876,707,182,98567,1951,27500
$$HAR,13:58:55,420271954,-936539086,267235,4635876,48,182,98567,1951,27500
$$HAR,13:58:58,420271944,-936539080,268266,4635876,161,182,98567,1951,27494
$$HAR,13:59:01,420271958,-936539105,268551,4635876,90,182,98569,1951,27500
$$HAR,13:59:04,420271966,-936539119,269402,4635876,34,182,98569,1951,27500
$$HAR,13:59:07,420271948,-936539060,270638,4635876,252,182,98569,1951,27505
$$HAR,13:59:10,420271977,-936539030,271776,4635876,394,189,98569,1951,27505
$$HAR,13:59:13,420271921,-936539025,272725,4635876,229,182,98569,1951,27505
$$HAR,13:59:16,420271991,-936539011,273694,4635876,220,182,98569,1951,27510
$$HAR,13:59:19,420272017,-936538999,274574,4635876,331,182,98569,1950,27510
$$HAR,13:59:22,420272099,-936538977,274434,4635876,575,182,98571,1950,27505
$$HAR,13:59:25,420271979,-936539047,275702,4635876,782,187,98571,1950,27510
$$HAR,13:59:28,420271878,-936539107,277263,4635876,427,182,98571,1950,27510
$$HAR,13:59:31,420271926,-936539090,274990,4635876,834,198,98571,1950,27510
$$HAR,13:59:34,420272052,-936539025,274518,4635876,552,198,98571,1950,27510
$$HAR,13:59:37,420272131,-936539005,271897,4635876,122,183,98571,1950,27510
$$HAR,13:59:40,420272253,-936539018,269693,4635876,192,183,98571,1950,27510
$$HAR,13:59:43,420272240,-936539035,267652,4635876,157,183,98571,1950,27510
$$HAR,13:59:46,420272219,-936539061,265955,4635876,62,202,98567,1949,27515
$$HAR,13:59:49,420272210,-936539067,264818,4635876,89,183,98567,1949,27510
$$HAR,13:59:52,420272197,-936539078,264044,4635876,253,183,98567,1949,27515
$$HAR,13:59:55,420272151,-936539105,263460,4635876,74,183,98567,1949,27510
$$HAR,13:59:58,420272144,-936539110,263646,4635876,21,183,98567,1949,27515
$$HAR,14:00:01,420272141,-936539096,264707,4635876,114,202,98567,1949,27515
$$HAR,14:00:04,420272109,-936539091,265593,4635876,227,183,98573,1950,27521
$$HAR,14:00:07,420272095,-936539073,266176,4635876,62,202,98571,1950,27515
$$HAR,14:00:10,420272102,-936539046,266683,4635876,66,183,98571,1950,27515
$$HAR,14:00:13,420272135,-936539023,267423,4635876,237,202,98571,1950,27510
$$HAR,14:00:16,420272176,-936539023,268532,4635876,60,183,98571,1951,27510
$$HAR,14:00:19,420272168,-936539034,267889,4635876,202,183,98569,1951,27521
$$HAR,14:00:22,420272151,-936539032,267721,4635876,30,183,98567,1951,27515
$$HAR,14:00:25,420272142,-936539015,267758,4635876,278,183,98569,1952,27517
$$HAR,14:00:28,420272165,-936539014,268387,4635876,372,199,98567,1952,27522
$$HAR,14:00:31,420272197,-936539134,267768,4635876,445,183,98567,1953,27510
$$HAR,14:00:34,420272060,-936539155,268048,4635876,243,199,98567,1953,27515
$$HAR,14:00:37,420272082,-936539236,267767,4635876,161,229,98569,1953,27515
$$HAR,14:00:40,420272097,-936539227,268121,4635876,252,205,98569,1953,27515
$$HAR,14:00:43,420272057,-936539267,266949,4635876,85,205,98567,1954,27516
$$HAR,14:00:46,420272067,-936539283,264999,4635876,136,185,98567,1954,27516
$$HAR,14:00:49,420272029,-936539257,263897,4635876,67,185,98569,1954,27527
$$HAR,14:00:52,420271989,-936539224,263359,4635876,235,185,98569,1953,27520
$$HAR,14:00:55,420272020,-936539193,263658,4635876,215,203,98569,1954,27527
$$HAR,14:00:55,420272020,-936539193,263658,4635876,215,203,98569,1954,27522
$$HAR,14:01:01,420272018,-936539170,263440,4635876,382,242,98569,1954,27527
$$HAR,14:01:04,420271977,-936539165,262472,4635876,98,366,98569,1954,27522
$$HAR,14:01:07,420271954,-936539173,260772,4635876,324,205,98569,1954,27527
$$HAR,14:01:10,420271993,-936539183,260779,4635876,13,222,98571,1954,27522
$$HAR,14:01:13,420271989,-936539182,260857,4635876,17,205,98571,1954,27532
$$HAR,14:01:16,420271960,-936539172,260813,4635876,430,205,98571,1954,27532
$$HAR,14:01:19,420271947,-936539164,260433,4635876,127,205,98569,1954,27532
$$HAR,14:01:22,420271932,-936539178,259745,4635876,158,205,98569,1954,27532
$$HAR,14:01:25,420271958,-936539185,259574,4635876,63,199,98571,1954,27538
$$HAR,14:01:28,420272006,-936539197,259894,4635876,186,199,98571,1954,27532
$$HAR,14:01:31,420272019,-936539194,260024,4635876,244,199,98571,1954,27532
$$HAR,14:01:34,420272003,-936539169,260379,4635876,129,199,98571,1955,27543
$$HAR,14:01:37,420271992,-936539150,260569,4635876,242,210,98569,1955,27538
$$HAR,14:01:40,420271928,-936539159,260426,4635876,119,210,98569,1955,27538
$$HAR,14:01:43,420271948,-936539211,260884,4635876,108,199,98569,1955,27543
$$HAR,14:01:46,420271966,-936539258,261023,4635876,31,199,98571,1955,27543
$$HAR,14:01:49,420271951,-936539267,260945,4635876,317,199,98571,1955,27538
$$HAR,14:01:52,420271948,-936539209,260747,4635876,222,199,98569,1955,27543
$$HAR,14:01:55,420271945,-936539193,260950,4635876,147,199,98571,1955,27553
$$HAR,14:01:58,420271879,-936539356,262272,4635876,1184,199,98571,1955,27548
$$HAR,14:02:01,420271718,-936539658,263295,4635876,745,215,98571,1955,27548
$$HAR,14:02:04,420271785,-936539689,264438,4635876,175,217,98573,1955,27548
$$HAR,14:02:07,420271862,-936539690,265019,4635876,148,217,98571,1955,27548
$$HAR,14:02:10,420271970,-936539664,264956,4635876,87,225,98571,1955,27553
$$HAR,14:02:13,420272068,-936539674,263123,4635876,116,206,98571,1955,27553
$$HAR,14:02:16,420272148,-936539650,262416,4635876,75,205,98571,1955,27559
$$HAR,14:02:19,420272246,-936539552,261918,4635876,146,200,98571,1954,27559
$$HAR,14:02:22,420272313,-936539505,262206,4635876,111,218,98573,1954,27553
$$HAR,14:02:25,420272374,-936539466,261157,4635876,371,218,98573,1954,27559
$$HAR,14:02:28,420272406,-936539448,260438,4635876,70,218,98575,1954,27559
$$HAR,14:02:31,420272414,-936539421,259962,4635876,142,200,98575,1954,27564
$$HAR,14:02:34,420272367,-936539395,259349,4635876,171,200,98577,1954,27571
$$HAR,14:02:37,420272361,-936539407,259353,4635876,165,200,98577,1953,27563
$$HAR,14:02:40,420272324,-936539330,259091,4635876,60,200,98573,1953,27563
$$HAR,14:02:43,420272291,-936539318,258442,4635876,33,200,98573,1953,27568
$$HAR,14:02:46,420272324,-936539262,258321,4635876,58,200,98573,1953,27563
$$HAR,14:02:49,420272326,-936539277,259168,4635876,307,200,98571,1953,27568
$$HAR,14:02:52,420272328,-936539345,259527,4635876,461,200,98571,1953,27568
$$HAR,14:02:55,420272423,-936539546,259981,35554508,760,200,98571,1953,27568
$$HAR,14:02:58,420272585,-936539760,260832,32009042,739,200,98571,1953,27573
$$HAR,14:03:01,420272729,-936539967,261476,32244716,909,200,98573,1953,27568
$$HAR,14:03:04,420272875,-936540243,261924,31278052,1022,200,98573,1953,27573
$$HAR,14:03:07,420273023,-936540444,262112,31281948,860,200,98573,1953,27568
$$HAR,14:03:10,420273295,-936540610,261900,33567628,956,206,98573,1953,27573
$$HAR,14:03:13,420273476,-936540629,262229,35324728,1113,191,98575,1953,27573
$$HAR,14:03:16,420273671,-936540584,261728,205139,971,186,98575,1953,27573
$$HAR,14:03:19,420273925,-936540538,262695,320733,737,186,98577,1953,27568
$$HAR,14:03:22,420274185,-936540505,263254,135219,962,186,98577,1953,27568
$$HAR,14:03:25,420274424,-936540495,263540,467011,607,186,98577,1953,27568
$$HAR,14:03:28,420274659,-936540450,263414,141055,956,220,98577,1952,27576
$$HAR,14:03:31,420274882,-936540436,263543,35652052,749,206,98577,1952,27571
$$HAR,14:03:34,420275128,-936540466,263592,35559704,502,186,98577,1952,27576
$$HAR,14:03:37,420275369,-936540511,263927,35407180,419,186,98577,1952,27576
$$HAR,14:03:40,420275451,-936540586,264099,35407180,184,186,98579,1952,27576
$$HAR,14:03:43,420275497,-936540593,264688,35407180,251,186,98579,1952,27576
$$HAR,14:03:46,420275479,-936540602,264742,35407180,26,186,98577,1951,27575
$$HAR,14:03:49,420275513,-936540620,264859,35407180,115,163,98577,1951,27575
$$HAR,14:03:52,420275505,-936540587,264423,35407180,53,163,98577,1951,27580
$$HAR,14:03:55,420275509,-936540593,264308,35407180,116,163,98579,1951,27580
$$HAR,14:03:58,420275508,-936540600,263890,35407180,60,163,98579,1950,27580
$$HAR,14:04:01,420275490,-936540629,263863,35407180,26,171,98579,1950,27585
$$HAR,14:04:04,420275469,-936540605,263775,35407180,118,192,98579,1950,27580
$$HAR,14:04:07,420275466,-936540624,263458,35407180,27,192,98581,1950,27580
$$HAR,14:04:10,420275453,-936540655,263555,35407180,41,174,98581,1950,27585
$$HAR,14:04:13,420275429,-936540680,263714,35407180,20,174,98577,1949,27585
$$HAR,14:04:16,420275418,-936540682,263770,35407180,44,174,98577,1949,27596
$$HAR,14:04:19,420275407,-936540678,263715,35407180,70,174,98577,1949,27602
$$HAR,14:04:22,420275389,-936540685,263751,35407180,59,174,98577,1948,27593
$$HAR,14:04:25,420275370,-936540690,263781,35407180,79,174,98577,1948,27599
$$HAR,14:04:28,420275381,-936540678,263863,35407180,112,174,98577,1948,27604
$$HAR,14:04:31,420275390,-936540672,263714,35407180,72,174,98575,1947,27599
$$HAR,14:04:34,420275384,-936540676,263728,35407180,59,174,98575,1947,27611
$$HAR,14:04:37,420275385,-936540674,263563,35407180,104,174,98575,1947,27611
$$HAR,14:04:40,420275372,-936540649,263445,35407180,32,174,98575,1946,27614
$$HAR,14:04:43,420275362,-936540628,263387,35407180,44,174,98575,1946,27614
$$HAR,14:04:46,420275346,-936540617,263289,35407180,63,174,98575,1946,27614
$$HAR,14:04:49,420275332,-936540629,263301,35407180,103,176,98573,1945,27624
$$HAR,14:04:52,420275331,-936540762,266236,30116600,1558,174,98573,1945,27624
$$HAR,14:04:55,420275476,-936541554,284342,27302616,4421,174,98561,1944,27626
$$HAR,14:04:58,420275096,-936542781,303407,28820068,1530,174,98501,1944,27632
$$HAR,14:05:01,420277109,-936543005,322624,34214820,8141,174,98391,1943,27626
$$HAR,14:05:04,420277972,-936542829,339678,4276956,2926,174,98261,1942,27635
$$HAR,14:05:09,420281354,-936541935,372372,130833,9167,195,98057,1940,27652
$$HAR,14:05:12,420283793,-936543226,390553,34669368,9335,191,97859,1940,27668
$$HAR,14:05:15,420284875,-936542974,410242,2951143,1919,191,97657,1939,27644
$$HAR,14:05:18,420287685,-936542924,428766,35631032,12387,174,97447,1938,27633
$$HAR,14:05:21,420289590,-936541435,445590,4485640,10793,175,97241,1937,27626
$$HAR,14:05:24,420292272,-936541067,463544,33247394,8257,175,97035,1936,27620
$$HAR,14:05:27,420294986,-936541393,485209,771724,11035,164,96821,1935,27607
$$HAR,14:05:30,420296901,-936541733,505005,33649384,9299,164,96606,1934,27590
$$HAR,14:05:33,420300669,-936543353,520737,34483664,13910,164,96388,1933,27577
$$HAR,14:05:36,420303941,-936543405,537598,63789,16041,164,96186,1932,27566
$$HAR,14:05:39,420307982,-936543165,553440,1899418,11213,164,95976,1931,27554
$$HAR,14:05:42,420311226,-936543470,572697,34491888,17927,164,95764,1929,27549
$$HAR,14:05:45,420315610,-936542660,590113,1225014,10994,164,95559,1928,27529
$$HAR,14:05:48,420319283,-936543604,606210,65417,17265,164,95349,1927,27523
$$HAR,14:05:51,420323060,-936542209,622343,1300485,12607,164,95137,1925,27510
$$HAR,14:05:54,420326071,-936541816,639310,34878004,11042,164,94941,1924,27504
$$HAR,14:05:57,420330183,-936541663,657423,1395071,18875,164,94737,1923,27498
$$HAR,14:06:00,420334337,-936542065,675063,33817848,12514,164,94533,1922,27485
$$HAR,14:06:03,420337492,-936541411,692276,1526624,15930,175,94331,1921,27480
$$HAR,14:06:06,420341545,-936541372,712406,531321,13225,175,94130,1920,27479
$$HAR,14:06:09,420344594,-936539876,727381,2899862,11369,165,93920,1919,27464
$$HAR,14:06:12,420346837,-936538646,742785,834417,8850,213,93714,1917,27458
$$HAR,14:06:15,420350280,-936537227,758140,2833455,14559,265,93510,1916,27452
$$HAR,14:06:18,420352876,-936535026,776346,2252966,11305,193,93309,1915,27439
$$HAR,14:06:21,420355433,-936534577,793239,35583832,11336,176,93118,1914,27434
$$HAR,14:06:24,420359374,-936532712,809711,3123867,14140,191,92926,1913,27422
$$HAR,14:06:27,420361480,-936530876,827593,1774529,7925,191,92731,1911,27414
$$HAR,14:06:30,420365011,-936530292,844844,387857,13799,165,92535,1910,27414
$$HAR,14:06:33,420367434,-936528513,863375,5403303,8050,175,92345,1909,27413
$$HAR,14:06:36,420369381,-936528109,879856,34793728,10544,191,92147,1908,27401
$$HAR,14:06:36,420369381,-936528109,879856,34793728,10544,191,91955,1906,27398
$$HAR,14:06:42,420376168,-936525574,913058,3079547,12433,175,91769,1905,27393
$$HAR,14:06:45,420378105,-936523447,929565,2056922,6280,192,91589,1904,27390
$$HAR,14:06:48,420379739,-936522922,943953,1458995,4384,192,91403,1903,27389
$$HAR,14:06:54,420384948,-936520381,979951,3214700,15278,175,91174,1900,27408
$$HAR,14:06:57,420387384,-936518243,998310,4849776,5889,175,90954,1898,27422
$$HAR,14:07:00,420388821,-936517058,1017249,932383,8251,175,90747,1897,27410
$$HAR,14:07:03,420391990,-936516780,1034748,2096841,12965,175,90541,1896,27400
$$HAR,14:07:06,420393919,-936514386,1051200,4150744,6668,175,90338,1895,27381
$$HAR,14:07:09,420394964,-936513961,1067833,35965164,4809,175,90140,1894,27359
$$HAR,14:07:12,420397241,-936513663,1085574,1263502,8019,175,89942,1892,27345
$$HAR,14:07:15,420399192,-936513887,1102581,34268408,6550,165,89751,1891,27323
$$HAR,14:07:18,420399650,-936512862,1119274,6813732,6045,165,89562,1889,27290
$$HAR,14:07:21,420401441,-936510864,1138651,4740728,10398,165,89373,1888,27272
$$HAR,14:07:24,420402804,-936507977,1155649,5090662,6902,172,89179,1886,27243
$$HAR,14:07:27,420403596,-936507753,1173016,1769187,3966,173,88989,1884,27228
$$HAR,14:07:30,420404813,-936506437,1193828,3841516,3637,172,88799,1883,27212
$$HAR,14:07:33,420406856,-936504977,1212486,2973875,12891,172,88598,1882,27206
$$HAR,14:07:36,420408670,-936502300,1229803,8366724,7305,192,88396,1881,27195
$$HAR,14:07:39,420409803,-936500218,1249143,2675321,10472,165,88197,1879,27171
$$HAR,14:07:42,420411963,-936499372,1269077,2222645,7163,165,87999,1878,27166
$$HAR,14:07:45,420412809,-936496656,1288657,8620894,7427,165,87794,1877,27152
$$HAR,14:07:48,420413465,-936495504,1305804,729748,5488,165,87592,1876,27141
$$HAR,14:07:51,420415140,-936493667,1326509,5408979,8475,165,87391,1875,27129
$$HAR,14:07:54,420416059,-936490032,1344478,8396256,12003,192,87186,1874,27124
$$HAR,14:07:59,420417601,-936487333,1375924,7671941,9323,175,86952,1871,27135
$$HAR,14:08:02,420418233,-936483774,1396038,8023117,7261,175,86723,1871,27140
$$HAR,14:08:05,420418765,-936482249,1414671,6355979,8774,175,86503,1869,27128
$$HAR,14:08:08,420420182,-936479071,1434998,3351200,8994,175,86282,1868,27115
$$HAR,14:08:11,420421498,-936477553,1456147,8312409,7206,175,86071,1867,27104
$$HAR,14:08:11,420421498,-936477553,1456147,8312409,7206,175,85852,1866,27093
$$HAR,14:08:17,420422426,-936473917,1496569,6847279,8069,175,85633,1865,27082
$$HAR,14:08:20,420422878,-936470252,1517208,9463790,8449,192,85427,1864,27074
$$HAR,14:08:23,420423117,-936468935,1535338,4894025,7051,172,85212,1862,27057
$$HAR,14:08:26,420424473,-936465819,1555545,6810221,10123,172,85003,1861,27057
$$HAR,14:08:29,420424307,-936463952,1575452,11311962,1595,166,84800,1860,27057
$$HAR,14:08:32,420425204,-936462064,1596172,5844861,10591,166,84593,1859,27042
$$HAR,14:08:35,420425487,-936459676,1617040,10499402,3713,172,84395,1858,27037
$$HAR,14:08:38,420424434,-936458155,1636672,14867058,4391,175,84188,1858,27032
$$HAR,14:08:41,420424788,-936457280,1655713,7291224,5889,167,83985,1857,27024
$$HAR,14:08:44,420424764,-936454100,1677214,8328041,8560,185,83784,1856,27018
$$HAR,14:08:47,420424631,-936452672,1699132,12920772,4107,179,83587,1855,27011
$$HAR,14:08:50,420423498,-936450321,1718741,11298354,10371,195,83388,1854,27006
$$HAR,14:08:53,420423669,-936447410,1737185,5312610,6158,192,83187,1853,26998
$$HAR,14:08:56,420423893,-936446017,1759107,10929060,4455,175,82994,1852,26987
$$HAR,14:08:59,420423079,-936443147,1779257,9734954,12266,175,82793,1851,26980
$$HAR,14:09:02,420423547,-936440826,1798586,5675940,1207,175,82600,1850,26968
$$HAR,14:09:05,420423696,-936439598,1819473,6296713,4084,175,82404,1848,26956
$$HAR,14:09:08,420423187,-936438890,1838862,13630726,8373,192,82205,1847,26950
$$HAR,14:09:11,420422629,-936435744,1857622,7064139,8249,192,82008,1845,26938
$$HAR,14:09:14,420422896,-936433297,1878547,11234520,7601,194,81819,1844,26925
$$HAR,14:09:17,420421628,-936430821,1899026,14460666,5351,218,81618,1843,26908
$$HAR,14:09:20,420421753,-936430080,1917442,7707613,5405,192,81417,1842,26895
$$HAR,14:09:23,420421592,-936426745,1937958,9822412,8028,192,81222,1840,26883
$$HAR,14:09:26,420420733,-936425828,1957008,14981824,3276,192,81021,1839,26872
$$HAR,14:09:29,420421206,-936423802,1977258,6418090,6617,192,80829,1837,26848
$$HAR,14:09:32,420420434,-936420410,1997428,11395606,10746,194,80634,1836,26843
$$HAR,14:09:35,420419607,-936419344,2016629,16672546,2713,194,80437,1835,26824
$$HAR,14:09:38,420419153,-936416580,2036582,9942910,9088,173,80238,1834,26818
$$HAR,14:09:41,420419604,-936414832,2056507,6635091,2858,192,80050,1832,26801
$$HAR,14:09:44,420418647,-936413944,2075862,13844732,6220,192,79849,1831,26793
$$HAR,14:09:47,420417775,-936410566,2096047,10227644,8653,192,79658,1830,26787
$$HAR,14:09:50,420418149,-936409056,2115850,4752377,4926,175,79461,1829,26777
$$HAR,14:09:53,420417183,-936406488,2136323,11957070,11260,175,79270,1828,26765
$$HAR,14:09:56,420417509,-936403198,2155313,6210385,8444,166,79078,1827,26753
$$HAR,14:10:01,420417018,-936400263,2191952,10597626,9817,173,78851,1824,26757
$$HAR,14:10:04,420416181,-936396297,2211167,9362442,7780,173,78635,1823,26764
$$HAR,14:10:07,420416367,-936394540,2232229,10804108,5835,192,78426,1821,26746
$$HAR,14:10:07,420416367,-936394540,2232229,10804108,5835,192,78220,1819,26728
$$HAR,14:10:07,420416367,-936394540,2232229,10804108,5835,192,78015,1817,26710
$$HAR,14:10:16,420414605,-936386835,2294049,12349938,8903,175,77815,1815,26685
$$HAR,14:10:19,420414825,-936383794,2314310,7392545,11624,175,77616,1813,26663
$$HAR,14:10:22,420414362,-936382174,2334881,16733980,5386,177,77416,1811,26650
$$HAR,14:10:25,420413377,-936378909,2353506,10989738,13180,192,77221,1810,26639
$$HAR,14:10:28,420412648,-936376624,2373356,10144210,3507,174,77026,1808,26629
$$HAR,14:10:31,420411650,-936375441,2393494,12716980,6563,174,76831,1806,26622
$$HAR,14:10:34,420410160,-936372273,2412396,12169728,13260,174,76639,1805,26606
$$HAR,14:10:37,420410003,-936368931,2433598,8634660,8457,167,76450,1804,26599
$$HAR,14:10:40,420408874,-936365492,2454104,12431372,9881,167,76259,1803,26588
$$HAR,14:10:43,420407691,-936363937,2473634,17086098,5900,174,76071,1801,26576
$$HAR,14:10:46,420407015,-936362326,2495762,8882812,7091,167,75882,1800,26566
$$HAR,14:10:49,420405406,-936360230,2515424,14930796,10608,167,75691,1799,26552
$$HAR,14:10:52,420404541,-936358587,2534440,9509788,3355,167,75504,1797,26528
$$HAR,14:10:55,420404282,-936356640,2552827,9585408,7808,167,75318,1795,26516
$$HAR,14:10:58,420404334,-936353899,2573271,9940658,6708,167,75135,1793,26499
$$HAR,14:11:01,420402697,-936351965,2593460,14253898,10819,167,74952,1791,26490
$$HAR,14:11:04,420401135,-936347623,2611846,10256358,12626,167,74767,1789,26473
$$HAR,14:11:07,420400786,-936344649,2629388,9503282,6584,196,74587,1788,26455
$$HAR,14:11:10,420399487,-936342345,2648480,13559716,11096,205,74413,1786,26448
$$HAR,14:11:13,420398048,-936338307,2669667,10092536,9823,196,74233,1784,26430
$$HAR,14:11:16,420397092,-936336500,2690857,15642056,6644,196,74052,1782,26413
$$HAR,14:11:19,420395964,-936333101,2713742,9820220,11621,177,73865,1780,26397
$$HAR,14:11:22,420395407,-936329575,2731194,10849310,6864,170,73682,1778,26377
$$HAR,14:11:25,420394462,-936327679,2753346,10614292,8563,170,73502,1776,26358
$$HAR,14:11:28,420393299,-936323993,2773904,12863108,14480,170,73311,1774,26342
$$HAR,14:11:31,420391126,-936321963,2794464,13772128,4600,170,73126,1772,26308
$$HAR,14:11:34,420390598,-936320045,2815353,10652302,8555,170,72945,1770,26290
$$HAR,14:11:37,420389020,-936316735,2836571,14155004,10869,170,72759,1767,26261
$$HAR,14:11:40,420386754,-936315611,2855134,16493228,8393,170,72576,1765,26233
$$HAR,14:11:43,420385589,-936314957,2874775,14530610,2638,170,72401,1763,26214
$$HAR,14:11:46,420384475,-936312288,2894352,12310294,12329,170,72226,1761,26185
$$HAR,14:11:49,420381983,-936310759,2915209,17276208,10261,170,72046,1759,26162
$$HAR,14:11:52,420380593,-936308379,2935757,10035562,10441,178,71871,1757,26133
$$HAR,14:11:55,420378431,-936305483,2956394,14967500,15120,178,71692,1754,26108
$$HAR,14:11:55,420378431,-936305483,2956394,14967500,15120,178,71509,1752,26091
$$HAR,14:12:04,420374140,-936297538,3017033,14975994,10508,198,71290,1749,26078
$$HAR,14:12:07,420372322,-936296077,3037764,16106156,3914,196,71085,1747,26087
$$HAR,14:12:10,420371378,-936294317,3059527,12945106,8856,178,70885,1745,26070
$$HAR,14:12:13,420369369,-936290845,3079382,12944758,16343,178,70684,1743,26055
$$HAR,14:12:16,420367108,-936289379,3097169,17649648,7038,178,70494,1742,26042
$$HAR,14:12:19,420365271,-936287501,3119185,12896436,8613,178,70308,1740,26021
$$HAR,14:12:22,420363436,-936283590,3136413,13134518,15406,178,70121,1738,26009
$$HAR,14:12:25,420361297,-936282264,3155168,16606620,6837,178,69938,1737,25996
$$HAR,14:12:28,420358814,-936279771,3173880,14008514,13950,178,69762,1735,25979
$$HAR,14:12:31,420357686,-936277211,3194691,11384538,3720,178,69586,1734,25966
$$HAR,14:12:34,420355376,-936275922,3213033,15754180,13139,178,69412,1732,25954
$$HAR,14:12:37,420353104,-936273059,3231430,12651844,13651,178,69239,1730,25953
$$HAR,14:12:40,420351695,-936269993,3253187,12058906,4732,178,69072,1728,25949
$$HAR,14:12:43,420350976,-936267244,3272567,11562674,11130,178,68899,1727,25939
$$HAR,14:12:46,420349433,-936264695,3296395,12830020,10725,170,68733,1725,25930
$$HAR,14:12:49,420346659,-936262317,3314495,17552814,8932,170,68559,1723,25923
$$HAR,14:12:52,420345170,-936261237,3331287,12400394,7917,170,68385,1721,25917
$$HAR,14:12:55,420344327,-936258696,3349915,12906262,6476,170,68220,1720,25905
$$HAR,14:12:58,420341876,-936256951,3370126,14349422,14444,170,68059,1717,25897
$$HAR,14:13:01,420339899,-936252761,3389327,11282686,11079,170,67894,1715,25883
$$HAR,14:13:04,420338839,-936250146,3410248,13272280,7752,170,67728,1713,25866
$$HAR,14:13:07,420336472,-936246957,3431766,12852640,15809,170,67564,1711,25857
$$HAR,14:13:10,420334924,-936242371,3448429,10247194,10783,170,67393,1709,25852
$$HAR,14:13:13,420333586,-936240293,3466989,14879616,8841,170,67231,1708,25845
$$HAR,14:13:16,420331243,-936237150,3488483,13650604,15319,170,67073,1706,25831
$$HAR,14:13:19,420329449,-936232789,3506873,10169376,10609,170,66905,1704,25808
$$HAR,14:13:22,420327658,-936230900,3525634,16385916,8891,170,66745,1702,25806
$$HAR,14:13:25,420325510,-936229276,3544320,15762328,9401,170,66585,1701,25791
$$HAR,14:13:28,420323262,-936227084,3565641,12348514,12559,196,66426,1699,25776
$$HAR,14:13:31,420320635,-936223450,3586294,14876570,13072,170,66262,1697,25760
$$HAR,14:13:34,420318706,-936222047,3605867,14417838,5874,170,66094,1695,25745
$$HAR,14:13:37,420318058,-936219617,3622500,10092686,9317,170,65928,1692,25733
$$HAR,14:13:40,420316433,-936215921,3642064,12702426,13442,170,65772,1690,25715
$$HAR,14:13:43,420313893,-936212359,3659528,13300244,12940,218,65611,1687,25702
$$HAR,14:13:46,420312702,-936208726,3678305,10512020,13062,232,65451,1685,25695
$$HAR,14:13:49,420311097,-936205894,3701449,14434262,11622,247,65295,1683,25683
$$HAR,14:13:52,420308703,-936202659,3725593,13338260,12490,201,65129,1680,25674
$$HAR,14:13:55,420305517,-936200399,3742688,15180138,12412,201,64959,1678,25661
$$HAR,14:13:58,420302545,-936197369,3760605,13761952,17030,201,64793,1676,25653
$$HAR,14:14:01,420300705,-936193120,3781127,10567472,12952,201,64632,1674,25641
$$HAR,14:14:04,420299380,-936191047,3800223,16078384,7455,201,64477,1671,25627
$$HAR,14:14:07,420296678,-936188181,3819704,13593750,16042,201,64320,1668,25623
$$HAR,14:14:10,420293844,-936184664,3837315,13898940,14716,201,64162,1666,25617
$$HAR,14:14:13,420290930,-936180853,3857351,13067556,13078,201,64014,1663,25609
$$HAR,14:14:16,420289588,-936178981,3875502,12485008,5558,201,63861,1661,25596
$$HAR,14:14:19,420288393,-936175313,3893052,12063548,14076,201,63709,1658,25587
$$HAR,14:14:22,420286025,-936171996,3915445,13314946,9803,226,63559,1656,25575
$$HAR,14:14:25,420283953,-936170913,3932879,15556764,10039,226,63400,1653,25561
$$HAR,14:14:28,420282914,-936168089,3951114,10776844,8220,226,63249,1650,25555
$$HAR,14:14:31,420280374,-936165565,3971922,15166480,12853,226,63096,1647,25550
$$HAR,14:14:34,420277988,-936161264,3990379,11148674,14744,226,62944,1644,25530
$$HAR,14:14:37,420276464,-936158746,4009432,13541948,6719,201,62788,1641,25513
$$HAR,14:14:40,420274589,-936156595,4030766,14908086,11240,226,62633,1638,25494
$$HAR,14:14:40,420274589,-936156595,4030766,14908086,11240,226,62478,1635,25485
$$HAR,14:14:46,420269923,-936148273,4066203,13639650,15802,226,62319,1632,25477
$$HAR,14:14:49,420266863,-936145157,4085093,13783434,11318,226,62173,1629,25468
$$HAR,14:14:52,420264207,-936142084,4109860,13334160,12767,226,62019,1627,25461
$$HAR,14:14:57,420261629,-936134879,4136738,12726720,16352,206,61831,1623,25463
$$HAR,14:15:00,420259185,-936131427,4159979,12565900,10761,206,61667,1621,25472
$$HAR,14:15:03,420257295,-936129450,4177894,17085948,10396,182,61501,1619,25463
$$HAR,14:15:06,420255335,-936126676,4198255,11469952,11598,182,61337,1616,25445
$$HAR,14:15:09,420252486,-936122033,4216448,13612940,19153,182,61179,1614,25427
$$HAR,14:15:12,420249396,-936118897,4235477,14702350,12695,173,61021,1611,25403
$$HAR,14:15:15,420246634,-936116133,4257360,13543580,14192,182,60866,1609,25390
$$HAR,14:15:18,420243406,-936111911,4279102,14059662,14906,173,60710,1606,25371
$$HAR,14:15:21,420240622,-936109150,4298917,14603988,15283,173,60550,1603,25354
$$HAR,14:15:24,420237135,-936104996,4317064,12889342,16108,182,60394,1601,25336
$$HAR,14:15:27,420234570,-936099534,4335218,12289470,18227,182,60246,1599,25332
$$HAR,14:15:30,420231157,-936094980,4354027,13633366,17820,173,60096,1596,25309
$$HAR,14:15:33,420228569,-936089937,4376202,11400900,14546,173,59953,1593,25290
$$HAR,14:15:36,420226775,-936086528,4396994,13740364,13055,173,59801,1590,25273
$$HAR,14:15:39,420225555,-936083369,4413312,12333244,9007,173,59649,1586,25257
$$HAR,14:15:42,420222361,-936078859,4431766,13388894,20300,173,59505,1583,25238
$$HAR,14:15:45,420219355,-936074625,4453919,12742614,13867,173,59359,1580,25226
$$HAR,14:15:48,420217972,-936070911,4469991,11852348,11765,174,59205,1578,25197
$$HAR,14:15:51,420215929,-936065398,4487310,11387872,19625,174,59060,1574,25182
$$HAR,14:15:54,420213868,-936060375,4506906,11381184,12417,174,58920,1571,25164
$$HAR,14:15:57,420212676,-936055863,4523349,11069490,14163,221,58774,1568,25144
$$HAR,14:16:00,420210920,-936050446,4540450,10944354,13935,173,58634,1565,25131
$$HAR,14:16:03,420208695,-936046436,4561722,13094250,16938,169,58496,1562,25107
$$HAR,14:16:06,420204843,-936040737,4579494,13461554,20204,165,58349,1559,25093
$$HAR,14:16:09,420200895,-936036764,4598554,14823072,14219,157,58210,1556,25081
$$HAR,14:16:12,420198087,-936032070,4620017,12682436,20749,157,58071,1553,25057
$$HAR,14:16:15,420196268,-936026991,4637048,11405350,15346,157,57927,1550,25053
$$HAR,14:16:18,420192960,-936021498,4655884,13282922,19339,157,57787,1546,25022
$$HAR,14:16:21,420189429,-936018410,4676006,14385086,12446,157,57645,1543,25007
$$HAR,14:16:24,420187627,-936014737,4694406,11938278,12734,157,57498,1540,24990
$$HAR,14:16:27,420185006,-936009747,4716750,13080720,18038,157,57362,1536,24972
$$HAR,14:16:30,420180967,-936005594,4735870,14570162,20609,157,57217,1533,24949
$$HAR,14:16:33,420176690,-936002127,4753081,15281670,16015,169,57077,1530,24931
$$HAR,14:16:36,420172972,-935999306,4773562,14525402,15116,167,56938,1526,24905
$$HAR,14:16:39,420170899,-935995894,4791838,12098068,14737,167,56802,1523,24883
$$HAR,14:16:42,420167622,-935990798,4808689,13036928,19692,157,56664,1519,24855
$$HAR,14:16:45,420163389,-935986733,4828884,14762088,16031,157,56527,1515,24826
$$HAR,14:16:48,420160348,-935984100,4847218,16333582,14079,167,56390,1511,24797
$$HAR,14:16:51,420157402,-935981995,4863187,13201642,9893,157,56252,1506,24771
$$HAR,14:16:54,420154669,-935978446,4880618,13418580,17482,157,56119,1501,24750
$$HAR,14:16:57,420150592,-935974108,4899932,15204768,21880,157,55988,1497,24730
$$HAR,14:17:00,420145861,-935969929,4918240,14341490,19055,157,55857,1493,24706
$$HAR,14:17:03,420141128,-935965419,4937825,14675294,21237,157,55726,1489,24694
$$HAR,14:17:06,420137012,-935962715,4958534,15339348,18523,157,55593,1485,24681
$$HAR,14:17:09,420133198,-935958194,4980227,12596022,16374,157,55453,1482,24668
$$HAR,14:17:12,420130545,-935953675,5001647,14039624,16340,157,55313,1479,24661
$$HAR,14:17:15,420126796,-935951527,5020545,16028760,16436,158,55167,1476,24649
$$HAR,14:17:18,420122537,-935947530,5042700,14062488,17984,167,55026,1473,24644
$$HAR,14:17:21,420119674,-935942341,5059350,12603806,17669,168,54879,1470,24646
$$HAR,14:17:24,420116696,-935938221,5080252,13716700,14162,157,54741,1467,24644
$$HAR,14:17:27,420112685,-935934883,5100492,14508200,22560,157,54600,1464,24629
$$HAR,14:17:30,420108375,-935929260,5119436,13842094,23633,158,54457,1461,24617
$$HAR,14:17:33,420103676,-935925087,5138480,14478242,17645,158,54316,1457,24608
$$HAR,14:17:36,420100249,-935921596,5157973,14093988,14577,158,54176,1453,24592
$$HAR,14:17:39,420096790,-935917484,5179399,13940190,22141,158,54038,1449,24580
$$HAR,14:17:42,420092659,-935911524,5201507,12807558,18748,158,53896,1445,24566
$$HAR,14:17:45,420088892,-935907475,5224738,14504400,21287,158,53752,1442,24546
$$HAR,14:17:48,420083790,-935902538,5242614,15305000,21148,165,53601,1437,24535
$$HAR,14:17:51,420078884,-935898947,5260727,15178530,22713,158,53461,1434,24519
$$HAR,14:17:54,420073766,-935894898,5280432,13638702,21408,158,53326,1430,24509
$$HAR,14:17:57,420069527,-935889946,5300352,15686460,18736,158,53188,1426,24494
$$HAR,14:18:00,420065230,-935887682,5319508,15249774,17466,158,53047,1423,24491
$$HAR,14:18:03,420060068,-935883397,5342992,14150242,20996,158,52911,1419,24476
$$HAR,14:18:06,420056220,-935880678,5361017,14984994,17503,158,52767,1415,24462
$$HAR,14:18:09,420050630,-935876152,5379338,15215880,25120,158,52625,1412,24461
$$HAR,14:18:12,420045550,-935872919,5399030,15866052,20278,158,52487,1408,24444
$$HAR,14:18:15,420041161,-935870604,5416201,14424688,17082,158,52348,1404,24436
$$HAR,14:18:18,420037481,-935867048,5433426,13996380,14826,158,52217,1401,24423
$$HAR,14:18:21,420033826,-935862746,5450257,14514774,19557,158,52087,1397,24419
$$HAR,14:18:24,420030298,-935858480,5469257,13484482,18307,158,51960,1394,24406
$$HAR,14:18:27,420025671,-935853044,5487812,14166542,22732,158,51833,1390,24391
$$HAR,14:18:30,420020435,-935848623,5511384,15668372,25116,158,51706,1386,24375
$$HAR,14:18:33,420014979,-935846351,5529653,15635978,18215,158,51571,1383,24359
$$HAR,14:18:36,420010785,-935843399,5545286,14844548,19077,158,51441,1379,24340
$$HAR,14:18:39,420006469,-935839224,5565669,13811374,19288,158,51321,1376,24332
$$HAR,14:18:42,420002443,-935834548,5584327,13984380,22388,166,51196,1372,24316
$$HAR,14:18:45,419996230,-935829370,5604070,15109906,25144,170,51065,1368,24303
$$HAR,14:18:48,419991459,-935824808,5625345,13873772,18415,160,50932,1364,24282
$$HAR,14:18:51,419987070,-935819371,5642615,14273120,25475,160,50798,1360,24274
$$HAR,14:18:54,419981271,-935813835,5662505,15082312,28530,160,50672,1356,24265
$$HAR,14:18:57,419975796,-935810161,5683298,14183494,20681,160,50544,1351,24249
$$HAR,14:19:00,419971580,-935804988,5703064,14082946,23503,160,50411,1347,24226
$$HAR,14:19:03,419965435,-935799998,5723474,15494646,25945,160,50282,1342,24214
$$HAR,14:19:06,419959025,-935796658,5740950,15636750,24433,170,50148,1337,24199
$$HAR,14:19:09,419954322,-935792712,5762140,13930004,21223,160,50025,1332,24180
$$HAR,14:19:12,419949522,-935786581,5780450,13698406,23963,160,49890,1327,24163
$$HAR,14:19:15,419943615,-935780829,5799226,14930712,27983,176,49763,1321,24143
$$HAR,14:19:18,419937660,-935776006,5817843,15447662,27058,160,49637,1316,24124
$$HAR,14:19:21,419931851,-935772245,5839499,14043542,22106,160,49512,1311,24111
$$HAR,14:19:24,419926585,-935769117,5858466,16319916,19037,161,49382,1306,24100
$$HAR,14:19:27,419922412,-935764698,5876671,14298758,19386,161,49257,1302,24084
$$HAR,14:19:30,419917726,-935761428,5894241,14991224,21183,161,49128,1298,24067
$$HAR,14:19:33,419911714,-935756691,5915242,14983074,26938,161,49003,1294,24062
$$HAR,14:19:36,419905875,-935752859,5935276,15758416,23703,161,48872,1290,24059
$$HAR,14:19:39,419899475,-935748022,5954988,14365288,28401,161,48743,1286,24049
$$HAR,14:19:42,419894427,-935741603,5974052,13096176,24672,161,48613,1282,24040
$$HAR,14:19:45,419889011,-935736207,5995079,15206532,26813,161,48489,1279,24036
$$HAR,14:19:48,419883014,-935730991,6017626,13906232,25856,161,48361,1276,24044
$$HAR,14:19:51,419878204,-935724994,6040135,14367758,25810,161,48229,1273,24046
$$HAR,14:19:54,419871802,-935719012,6061648,14697074,29163,161,48089,1269,24044
$$HAR,14:19:57,419865350,-935714580,6079454,14998892,27096,161,47957,1266,24042
$$HAR,14:20:00,419858609,-935709047,6098452,14560280,28824,161,47828,1263,24052
$$HAR,14:20:03,419852681,-935702021,6115985,13910570,30563,217,47703,1261,24050
$$HAR,14:20:06,419846247,-935695599,6134463,15037076,28457,161,47582,1258,24049
$$HAR,14:20:09,419840539,-935691155,6157116,14326796,23311,161,47461,1255,24046
$$HAR,14:20:12,419835827,-935686743,6180304,13381048,20533,161,47335,1253,24042
$$HAR,14:20:15,419831365,-935680460,6200419,14191042,24731,161,47204,1250,24046
$$HAR,14:20:18,419825610,-935673800,6219325,14135616,31171,161,47079,1247,24048
$$HAR,14:20:21,419819377,-935668178,6239367,14448024,27690,161,46955,1244,24044
$$HAR,14:20:24,419814735,-935661745,6261069,12949380,20290,161,46831,1242,24048
$$HAR,14:20:27,419810678,-935656981,6279843,14300392,18673,161,46706,1239,24045
$$HAR,14:20:30,419805584,-935651820,6301525,13624178,29159,161,46582,1236,24043
$$HAR,14:20:33,419800216,-935646388,6324030,15309480,19902,161,46448,1233,24040
$$HAR,14:20:36,419795596,-935641277,6347621,13796200,27191,161,46315,1230,24032
$$HAR,14:20:39,419789590,-935634807,6368152,14179178,28612,161,46180,1227,24023
$$HAR,14:20:42,419784736,-935629372,6391051,14246668,18418,161,46046,1224,24020
$$HAR,14:20:45,419780408,-935624501,6412594,13490924,25339,161,45910,1221,24008
$$HAR,14:20:48,419774952,-935617357,6431579,13509908,26588,161,45773,1217,23984
$$HAR,14:20:51,419770165,-935610018,6447982,13353662,27896,161,45642,1214,23979
$$HAR,14:20:54,419764167,-935604013,6467173,15085418,26240,161,45520,1211,23971
$$HAR,14:20:57,419758781,-935599173,6488383,14506488,23874,161,45400,1207,23954
$$HAR,14:21:00,419755015,-935593553,6508910,12150214,23550,161,45275,1203,23940
$$HAR,14:21:03,419750297,-935586177,6525135,13469314,28599,161,45151,1200,23937
$$HAR,14:21:06,419744623,-935579731,6543862,14146748,27983,161,45034,1197,23932
$$HAR,14:21:09,419738537,-935574006,6560852,14509540,26508,161,44918,1194,23925
$$HAR,14:21:12,419733164,-935569857,6580878,14466722,20181,161,44804,1192,23929
$$HAR,14:21:15,419728378,-935564848,6605340,14500318,22357,202,44691,1189,23928
$$HAR,14:21:18,419724099,-935560717,6627041,14275698,20714,196,44570,1187,23934
$$HAR,14:21:21,419718862,-935556002,6651356,14346576,26625,161,44452,1184,23934
$$HAR,14:21:24,419713427,-935548964,6670040,13379656,25111,161,44330,1182,23938
$$HAR,14:21:27,419709620,-935542441,6688751,13111156,22700,178,44210,1180,23948
$$HAR,14:21:30,419705945,-935537074,6708361,13355230,20507,178,44091,1177,23951
$$HAR,14:21:33,419701139,-935532565,6731471,15181490,20613,178,43970,1175,23948
$$HAR,14:21:36,419696527,-935529090,6747795,14605010,19146,178,43849,1173,23951
$$HAR,14:21:39,419691617,-935525275,6766093,15052124,23982,161,43732,1170,23964
$$HAR,14:21:42,419686022,-935519688,6784857,13947560,26920,161,43619,1168,23961
$$HAR,14:21:45,419680737,-935513182,6802469,13418132,26563,161,43504,1165,23965
$$HAR,14:21:48,419676120,-935507617,6825685,14870356,21004,179,43393,1163,23974
$$HAR,14:21:51,419671739,-935503828,6846502,13400324,20994,161,43275,1160,23961
$$HAR,14:21:54,419668050,-935497647,6866712,13750308,24335,161,43157,1157,23967
$$HAR,14:21:57,419662402,-935492458,6886637,14944076,24501,161,43034,1154,23960
$$HAR,14:22:00,419656553,-935488437,6903280,14799244,23671,161,42914,1150,23955
$$HAR,14:22:03,419652482,-935483951,6925992,13925758,20862,161,42798,1146,23952
$$HAR,14:22:06,419647279,-935477638,6945077,13419644,27370,161,42676,1142,23937
$$HAR,14:22:09,419642062,-935471588,6966592,14480134,24086,161,42559,1138,23930
$$HAR,14:22:12,419637339,-935466704,6993363,14820126,21245,161,42439,1134,23921
$$HAR,14:22:15,419632535,-935461250,7019401,12900352,25711,161,42310,1130,23911
$$HAR,14:22:18,419626905,-935454840,7037653,14554778,26297,161,42177,1126,23897
$$HAR,14:22:21,419620981,-935450154,7055798,15744318,25009,161,42053,1122,23883
$$HAR,14:22:24,419615844,-935445998,7076612,14547610,23703,161,41935,1118,23874
$$HAR,14:22:27,419610843,-935439411,7099614,13367440,23931,161,41814,1114,23854
$$HAR,14:22:30,419605267,-935435483,7119626,15533144,24964,161,41690,1110,23846
$$HAR,14:22:33,419599607,-935431508,7139232,15453856,25017,161,41571,1105,23827
$$HAR,14:22:36,419594350,-935428342,7159201,14870136,17507,161,41450,1101,23810
$$HAR,14:22:39,419590442,-935424642,7179795,13878800,18191,161,41330,1097,23787
$$HAR,14:22:42,419586843,-935418930,7197487,13182638,21324,161,41212,1092,23773
$$HAR,14:22:45,419581643,-935412906,7214305,14492764,25809,165,41101,1088,23746
$$HAR,14:22:48,419576460,-935407901,7237461,14736766,24213,180,40989,1084,23732
$$HAR,14:22:51,419571898,-935404676,7261370,14925930,17085,180,40871,1080,23716
$$HAR,14:22:57,419564081,-935394329,7300358,13827658,25555,219,40719,1074,23689
$$HAR,14:23:00,419558608,-935388353,7323010,13910848,23071,219,40581,1069,23684
$$HAR,14:23:03,419554824,-935382896,7342380,13960680,21068,219,40445,1064,23669
$$HAR,14:23:06,419550197,-935378838,7362240,14992940,18614,181,40318,1059,23640
$$HAR,14:23:09,419545143,-935374641,7384699,14361128,25216,181,40195,1054,23619
$$HAR,14:23:12,419540237,-935367825,7404240,13448100,25463,170,40071,1049,23591
$$HAR,14:23:15,419535618,-935362576,7427865,14658936,19696,170,39951,1044,23554
$$HAR,14:23:18,419531588,-935358152,7449791,13773674,22732,170,39829,1038,23528
$$HAR,14:23:21,419526331,-935351788,7471617,13857680,30627,170,39707,1033,23503
$$HAR,14:23:24,419521455,-935346542,7492641,13541972,16520,170,39586,1027,23472
$$HAR,14:23:27,419517361,-935342179,7511989,14923330,20331,170,39463,1022,23450
$$HAR,14:23:30,419513373,-935337365,7534819,13481674,22219,219,39347,1017,23423
$$HAR,14:23:33,419509414,-935333042,7556830,14623554,18751,220,39228,1011,23395
$$HAR,14:23:36,419503820,-935327681,7579995,13684784,27526,220,39107,1006,23376
$$HAR,14:23:39,419499108,-935320689,7597906,13327830,25648,220,38986,1001,23357
$$HAR,14:23:42,419494430,-935314475,7620392,14138504,22326,220,38872,997,23338
$$HAR,14:23:45,419488510,-935309915,7643848,14541176,26965,220,38754,993,23323
$$HAR,14:23:48,419484092,-935304025,7667359,13271728,22803,446,38636,988,23314
$$HAR,14:23:51,419479939,-935297573,7690621,13280114,25956,226,38522,985,23301
$$HAR,14:23:54,419474136,-935291834,7712118,14662498,24665,181,38407,981,23294
$$HAR,14:23:57,419469877,-935286239,7732215,13179020,18689,161,38293,977,23284
$$HAR,14:24:00,419466057,-935280003,7750641,13190920,26784,161,38180,973,23268
$$HAR,14:24:03,419460846,-935273146,7771477,14021612,29047,161,38070,969,23262
$$HAR,14:24:06,419455062,-935268077,7794574,14935768,22856,161,37958,964,23245
$$HAR,14:24:09,419449824,-935264272,7812785,14480228,21558,161,37845,959,23235
$$HAR,14:24:12,419445644,-935258275,7834810,13088396,24141,161,37734,955,23222
$$HAR,14:24:15,419440201,-935250609,7854594,13951496,31123,161,37621,949,23213
$$HAR,14:24:18,419433805,-935244744,7873346,14794406,26674,161,37511,945,23193
$$HAR,14:24:21,419428748,-935240282,7894681,14272344,20447,161,37404,941,23174
$$HAR,14:24:24,419424872,-935234552,7914810,12794734,25550,161,37296,937,23165
$$HAR,14:24:27,419419443,-935227304,7937385,14092642,29610,161,37188,933,23151
$$HAR,14:24:30,419413311,-935222439,7958499,15103514,22122,161,37075,930,23150
$$HAR,14:24:33,419409017,-935217182,7981140,12891198,24069,161,36962,926,23138
$$HAR,14:24:36,419403607,-935209662,8001825,13720820,30736,161,36850,924,23132
$$HAR,14:24:39,419397097,-935203497,8022721,14992414,27184,161,36739,921,23130
$$HAR,14:24:42,419391549,-935198659,8046521,14202208,21155,161,36627,918,23128
$$HAR,14:24:45,419387578,-935192248,8066947,12990322,28042,161,36515,916,23127
$$HAR,14:24:48,419382467,-935184344,8083591,13349314,27982,161,36404,914,23129
$$HAR,14:24:51,419377487,-935176696,8100017,12830706,27730,161,36300,912,23131
$$HAR,14:24:54,419373340,-935169596,8119378,12726172,23236,161,36201,910,23140
$$HAR,14:24:57,419369473,-935163763,8134777,13340976,22873,161,36100,908,23137
$$HAR,14:25:00,419365607,-935157730,8156521,13331518,21580,161,36005,905,23146
$$HAR,14:25:03,419360693,-935150219,8180237,13436862,30458,161,35905,903,23145
$$HAR,14:25:06,419354221,-935144153,8197795,14729360,27477,161,35801,900,23138
$$HAR,14:25:09,419349027,-935138794,8222370,13661984,23527,161,35701,896,23138
$$HAR,14:25:12,419345125,-935131654,8240350,12512954,25417,161,35595,892,23124
$$HAR,14:25:15,419339519,-935124131,8260353,14323814,29678,161,35492,888,23115
$$HAR,14:25:18,419333794,-935118956,8282655,14570880,23654,161,35386,884,23106
$$HAR,14:25:21,419329715,-935112587,8304529,13133090,27685,161,35279,881,23095
$$HAR,14:25:24,419323342,-935106851,8325643,14969060,29685,159,35173,877,23088
$$HAR,14:25:27,419317141,-935099731,8347030,13351604,31195,159,35064,874,23077
$$HAR,14:25:30,419312713,-935091976,8364582,13009740,25629,159,34954,871,23073
$$HAR,14:25:33,419308366,-935084539,8384232,12988854,24273,159,34852,867,23062
$$HAR,14:25:36,419303038,-935079011,8405532,14985718,25604,159,34751,864,23052
$$HAR,14:25:39,419297207,-935073740,8425877,14203278,24204,158,34647,861,23045
$$HAR,14:25:42,419291896,-935068805,8446161,14580566,24924,158,34545,858,23037
$$HAR,14:25:45,419285348,-935062714,8465353,14203716,32726,158,34447,854,23034
$$HAR,14:25:48,419279062,-935055189,8484085,13677948,31380,158,34346,851,23026
$$HAR,14:25:51,419273485,-935046871,8504475,13035070,27964,158,34250,847,23017
$$HAR,14:25:54,419269257,-935040005,8522593,13414706,23112,158,34151,844,23004
$$HAR,14:25:57,419264328,-935034364,8539983,13934410,23405,158,34056,839,22989
$$HAR,14:26:00,419258687,-935028942,8559931,14555486,28354,158,33963,834,22970
$$HAR,14:26:03,419252027,-935022203,8578105,13970090,33487,158,33866,830,22956
$$HAR,14:26:06,419245588,-935015773,8601061,14549900,27398,158,33773,825,22932
$$HAR,14:26:09,419241021,-935010013,8623082,12837062,23824,158,33675,821,22908
$$HAR,14:26:12,419236353,-935001815,8643234,13044216,29993,158,33575,816,22886
$$HAR,14:26:15,419230968,-934993930,8665485,13295750,29004,168,33475,811,22869
$$HAR,14:26:18,419224997,-934988394,8684723,13568190,23808,162,33371,806,22845
$$HAR,14:26:21,419220179,-934982069,8709137,14205444,27559,154,33267,801,22832
$$HAR,14:26:24,419214785,-934976418,8733919,14021272,24407,154,33163,796,22800
$$HAR,14:26:27,419209297,-934971252,8750480,14743960,26636,154,33054,791,22775
$$HAR,14:26:30,419203012,-934965361,8771944,14391274,29744,154,32955,786,22757
$$HAR,14:26:33,419196066,-934958217,8788029,14212078,30447,154,32854,782,22742
$$HAR,14:26:36,419189072,-934950756,8806293,14019020,34974,154,32761,778,22718
$$HAR,14:26:39,419183139,-934942377,8828406,12899434,32662,154,32669,774,22710
$$HAR,14:26:42,419177673,-934933991,8854842,13410638,29123,154,32575,769,22697
$$HAR,14:26:45,419170636,-934927585,8876847,14866916,31034,154,32469,765,22681
$$HAR,14:26:48,419163761,-934921525,8894655,14831442,30583,154,32366,760,22674
$$HAR,14:26:51,419156848,-934915230,8909136,14462992,31397,154,32268,755,22647
$$HAR,14:26:54,419149917,-934907392,8929181,13780790,33484,154,32177,750,22637
$$HAR,14:26:57,419143266,-934898705,8947057,13476936,34130,154,32085,745,22619
$$HAR,14:27:00,419137339,-934889774,8972021,12673946,32261,154,31997,741,22606
$$HAR,14:27:03,419133085,-934882176,8991136,12789846,26184,154,31900,736,22594
$$HAR,14:27:06,419128403,-934874282,9012287,13317992,26888,154,31806,732,22576
$$HAR,14:27:09,419122159,-934866396,9038416,13326686,34070,154,31710,727,22562
$$HAR,14:27:12,419115801,-934857147,9060006,12470834,35408,154,31608,723,22550
$$HAR,14:27:15,419110309,-934848265,9081230,13739348,35608,154,31504,718,22534
$$HAR,14:27:18,419103463,-934840949,9106270,14252576,26772,154,31403,714,22524
$$HAR,14:27:21,419098684,-934833777,9129971,12478060,29131,154,31297,710,22506
$$HAR,14:27:24,419092702,-934824550,9151951,13555886,37575,154,31190,706,22499
$$HAR,14:27:27,419085835,-934816758,9175617,14457774,31268,154,31088,701,22483
$$HAR,14:27:30,419080127,-934810676,9197217,13416338,26464,154,30981,697,22471
$$HAR,14:27:33,419074944,-934802460,9218667,12703004,33790,154,30877,692,22446
$$HAR,14:27:36,419068244,-934793150,9239431,13610590,35944,154,30774,687,22430
$$HAR,14:27:39,419061048,-934785501,9262556,13969864,30613,154,30675,683,22407
$$HAR,14:27:42,419055227,-934778191,9288398,13081400,26707,154,30574,679,22384
$$HAR,14:27:45,419050299,-934769415,9309625,13381918,33697,154,30468,675,22366
$$HAR,14:27:48,419043220,-934760201,9332070,13682654,36522,146,30368,671,22345
$$HAR,14:27:51,419036683,-934750372,9351540,12648830,34951,146,30266,667,22328
$$HAR,14:27:54,419030611,-934740844,9370432,12904302,35513,146,30171,664,22314
$$HAR,14:27:57,419025229,-934731824,9391132,13080248,31945,146,30076,660,22293
$$HAR,14:28:00,419019887,-934724777,9413633,14150524,27953,146,29982,657,22279
$$HAR,14:28:03,419013892,-934717372,9440315,14545350,30631,146,29886,653,22259
$$HAR,14:28:06,419006135,-934709799,9464806,13595934,37784,146,29783,650,22262
$$HAR,14:28:09,418999966,-934700051,9486167,13249098,32428,146,29681,647,22251
$$HAR,14:28:12,418994189,-934691716,9514115,13747730,33266,146,29581,644,22237
$$HAR,14:28:15,418986300,-934684687,9534043,14717940,37451,146,29472,640,22233
$$HAR,14:28:18,418979454,-934677382,9560598,13526156,29528,146,29372,637,22220
$$HAR,14:28:21,418973972,-934668310,9579308,12676770,31529,146,29266,633,22211
$$HAR,14:28:24,418967718,-934658819,9599579,13499324,37486,146,29165,628,22204
$$HAR,14:28:27,418960788,-934650028,9626343,14098700,35084,146,29067,624,22204
$$HAR,14:28:30,418953033,-934643532,9646569,14843368,30278,146,28963,620,22182
$$HAR,14:28:33,418947041,-934636577,9667730,13756112,29252,146,28863,616,22168
$$HAR,14:28:36,418941394,-934629620,9686301,13679844,29827,146,28767,612,22159
$$HAR,14:28:39,418935435,-934621769,9713149,13349158,34772,146,28675,608,22150
$$HAR,14:28:42,418927982,-934611861,9733724,13754948,40476,146,28574,604,22136
$$HAR,14:28:45,418920086,-934603017,9755474,14584530,34106,217,28478,601,22125
$$HAR,14:28:48,418913270,-934596669,9784575,14420938,29283,149,28383,597,22117
$$HAR,14:28:51,418906252,-934590861,9808803,15073878,32532,148,28285,593,22102
$$HAR,14:28:54,418898521,-934584511,9830284,14442010,35843,146,28184,589,22094
$$HAR,14:28:57,418891712,-934575622,9852132,12818410,33049,146,28087,585,22075
$$HAR,14:29:00,418886158,-934567604,9872808,13778882,28619,146,27992,581,22068
$$HAR,14:29:03,418880385,-934561195,9892300,14098756,27735,146,27897,576,22057
$$HAR,14:29:06,418873593,-934554752,9917288,14731028,34897,146,27806,572,22044
$$HAR,14:29:09,418865410,-934547729,9939525,14325750,35470,146,27711,568,22027
$$HAR,14:29:12,418858213,-934539030,9961541,13356710,35422,146,27616,563,22007
$$HAR,14:29:15,418852125,-934530169,9981409,13409006,32582,146,27523,558,21991
$$HAR,14:29:18,418846508,-934522452,10002427,13576856,26140,146,27432,553,21972
$$HAR,14:29:21,418840863,-934514749,10022773,13179444,33087,146,27340,548,21956
$$HAR,14:29:24,418833862,-934505955,10047381,14218118,38115,146,27251,544,21935
$$HAR,14:29:27,418825621,-934499278,10068238,15049072,33784,146,27159,539,21923
$$HAR,14:29:30,418819229,-934492107,10091996,13192346,29896,146,27069,534,21903
$$HAR,14:29:33,418812876,-934483382,10116419,13959640,37471,146,26975,529,21885
$$HAR,14:29:36,418804392,-934475861,10137400,14935050,35995,146,26879,524,21863
$$HAR,14:29:39,418797043,-934469746,10159734,14263052,30085,146,26788,519,21851
$$HAR,14:29:42,418790846,-934461992,10183693,13081602,34239,146,26696,514,21833
$$HAR,14:29:45,418783451,-934452841,10208315,14424888,35872,146,26601,510,21817
$$HAR,14:29:48,418775692,-934446617,10231020,14672430,29507,146,26506,506,21797
$$HAR,14:29:51,418769718,-934439692,10251622,13403122,32139,146,26412,503,21791
$$HAR,14:29:54,418763157,-934430364,10273224,13604032,38142,146,26319,500,21775
$$HAR,14:29:57,418755046,-934421831,10295809,14690358,38146,146,26228,497,21762
$$HAR,14:30:00,418746661,-934414177,10315878,14468630,37131,146,26139,494,21763
$$HAR,14:30:03,418739245,-934406753,10344214,13640176,31205,146,26049,492,21757
$$HAR,14:30:06,418733715,-934398663,10364608,13071924,32413,146,25953,489,21750
$$HAR,14:30:09,418726457,-934388906,10388490,13775906,38995,146,25864,487,21749
$$HAR,14:30:12,418717890,-934381025,10411710,14918032,35055,146,25770,485,21748
$$HAR,14:30:15,418711027,-934374088,10435121,13792976,32318,146,25677,483,21750
$$HAR,14:30:18,418704664,-934364424,10454930,13096350,38853,146,25585,480,21742
$$HAR,14:30:21,418696720,-934354266,10476181,13993344,40906,146,25498,477,21745
$$HAR,14:30:24,418688499,-934346075,10502809,14605430,34701,146,25409,474,21736
$$HAR,14:30:27,418682014,-934338941,10522268,13343232,33423,146,25315,471,21733
$$HAR,14:30:30,418675442,-934329538,10543905,13278658,35966,146,25229,469,21733
$$HAR,14:30:33,418668464,-934319941,10572845,13671542,38074,146,25142,466,21736
$$HAR,14:30:36,418659723,-934310858,10597829,14454688,43734,146,25048,463,21731
$$HAR,14:30:39,418650618,-934302326,10619546,14683362,35984,146,24953,459,21724
$$HAR,14:30:42,418643628,-934294744,10641973,13690942,31398,142,24863,455,21715
$$HAR,14:30:45,418637132,-934285111,10663883,13380884,38641,142,24772,451,21708
$$HAR,14:30:48,418630236,-934274667,10686082,12920906,40052,142,24680,446,21703
$$HAR,14:30:51,418623971,-934264768,10703727,13102796,33523,142,24593,442,21689
$$HAR,14:30:54,418617254,-934256650,10726033,13897826,33968,154,24511,438,21682
$$HAR,14:30:57,418609975,-934249429,10745421,14309714,33377,205,24425,433,21667
$$HAR,14:31:00,418602244,-934242160,10766716,14392008,36424,273,24345,429,21659
$$HAR,14:31:03,418594106,-934234173,10782234,14413064,38352,233,24267,425,21641
$$HAR,14:31:06,418585925,-934225251,10809015,13620246,39971,170,24191,421,21623
$$HAR,14:31:09,418579770,-934214548,10829061,12717304,33880,164,24110,417,21610
$$HAR,14:31:12,418573718,-934205649,10849549,13366132,33073,164,24032,414,21607
$$HAR,14:31:15,418567450,-934197377,10872768,13604774,34696,164,23952,410,21593
$$HAR,14:31:18,418559876,-934186622,10895985,13006744,43714,164,23871,406,21580
$$HAR,14:31:21,418552411,-934175630,10921855,13869840,38773,164,23789,402,21568
$$HAR,14:31:24,418545242,-934167877,10942897,14164098,33448,164,23702,397,21551
$$HAR,14:31:27,418538642,-934159086,10971332,13087892,36222,163,23617,393,21528
$$HAR,14:31:30,418531659,-934147738,10993382,13016036,44333,163,23527,388,21516
$$HAR,14:31:33,418524143,-934136719,11010706,13352028,40869,191,23441,384,21490
$$HAR,14:31:36,418517139,-934126507,11039542,13210352,38471,178,23354,380,21484
$$HAR,14:31:39,418511261,-934118037,11058784,13398460,30242,162,23262,376,21461
$$HAR,14:31:42,418504865,-934109186,11081755,13987080,32592,161,23175,372,21444
$$HAR,14:31:45,418496255,-934100354,11103461,13960350,43301,161,23089,368,21433
$$HAR,14:31:48,418488625,-934090376,11129293,13131766,36238,161,23003,364,21425
$$HAR,14:31:51,418481649,-934081160,11156982,14062746,37127,161,22915,361,21404
$$HAR,14:31:54,418473252,-934072970,11178333,14409780,39695,161,22826,357,21389
$$HAR,14:31:57,418465057,-934064759,11204870,14067736,38706,161,22741,353,21377
$$HAR,14:32:00,418458831,-934055457,11228224,12911926,33238,161,22652,350,21363
$$HAR,14:32:03,418451230,-934045080,11252241,13982970,41791,161,22565,346,21355
$$HAR,14:32:06,418442539,-934036512,11278139,14568926,38355,161,22478,342,21337
$$HAR,14:32:09,418434181,-934029211,11296869,14580030,37521,161,22391,339,21336
$$HAR,14:32:12,418425296,-934021174,11316329,14380562,41350,161,22308,335,21320
$$HAR,14:32:15,418416563,-934012368,11335347,14342050,40457,161,22230,332,21314
$$HAR,14:32:18,418408108,-934002839,11362396,13498504,41247,161,22153,329,21303
$$HAR,14:32:21,418400837,-933991808,11380055,13394640,36488,161,22072,325,21295
$$HAR,14:32:24,418394013,-933982728,11402486,13496920,35418,161,21994,321,21282
$$HAR,14:32:27,418387303,-933974903,11424630,14099634,33852,161,21918,317,21267
$$HAR,14:32:30,418379373,-933967737,11443450,14788268,37080,161,21841,312,21249
$$HAR,14:32:33,418371084,-933959907,11467915,14709972,38572,160,21767,308,21235
$$HAR,14:32:36,418361876,-933951636,11488887,14530922,39933,160,21690,303,21220
$$HAR,14:32:39,418354376,-933943771,11514073,13213780,33657,160,21615,299,21207
$$HAR,14:32:42,418347123,-933933515,11535813,13572004,41681,160,21535,294,21180
$$HAR,14:32:45,418339364,-933923012,11557603,13088698,38068,160,21458,289,21166
$$HAR,14:32:48,418332283,-933913446,11576357,13795788,39055,160,21381,285,21147
$$HAR,14:32:51,418324588,-933904991,11603857,14761562,35399,160,21309,281,21120
$$HAR,14:32:54,418315982,-933898480,11621447,14711700,36268,160,21231,276,21103
$$HAR,14:32:57,418307586,-933891637,11642919,15050834,37410,197,21157,272,21083
$$HAR,14:33:00,418298253,-933883240,11663373,14302908,45046,187,21079,268,21064
$$HAR,14:33:03,418289749,-933873931,11686551,14193820,37191,203,21002,264,21047
$$HAR,14:33:06,418282422,-933866765,11707584,14323850,31982,159,20924,259,21024
$$HAR,14:33:09,418275426,-933859712,11735292,14510806,32172,179,20848,255,21005
$$HAR,14:33:12,418266497,-933852475,11761183,15178676,42944,168,20766,251,20986
$$HAR,14:33:15,418257808,-933843665,11787832,13802418,40588,168,20688,247,20969
$$HAR,14:33:18,418250583,-933833629,11813999,13512862,39322,157,20608,243,20956
$$HAR,14:33:21,418242146,-933823829,11842010,14504116,40552,157,20526,239,20936
$$HAR,14:33:24,418233857,-933816926,11863415,14209398,32706,156,20441,235,20919
$$HAR,14:33:27,418226392,-933809408,11896089,13886078,36396,153,20362,231,20901
$$HAR,14:33:30,418219058,-933798936,11919016,13275200,39306,151,20274,226,20884
$$HAR,14:33:33,418211718,-933788381,11938021,13789226,41728,151,20192,222,20868
$$HAR,14:33:36,418203870,-933779908,11969272,14506468,35113,151,20113,218,20852
$$HAR,14:33:39,418195656,-933773799,11986530,14829920,39164,151,20029,213,20833
$$HAR,14:33:42,418186802,-933766413,12009890,15119658,37869,151,19954,208,20808
$$HAR,14:33:45,418177244,-933758447,12035533,14391904,41448,151,19878,203,20781
$$HAR,14:33:48,418169075,-933747999,12057312,13224262,40518,151,19801,198,20763
$$HAR,14:33:51,418161143,-933738330,12076555,13855670,40694,9999,19724,193,20739
$$HAR,14:33:54,418152919,-933728623,12096504,13855670,40694,9999,19653,188,20724
$$HAR,14:33:57,418144695,-933718917,12116455,13855670,40694,9999,19574,183,20706
$$HAR,14:34:00,418136471,-933709211,12136409,13855670,40694,9999,19497,178,20682
$$HAR,14:34:03,418133730,-933705976,12143061,13855670,0,9999,19423,172,20661
$$HAR,14:34:06,418133730,-933705976,12143061,13855670,0,9999,19351,166,20637
$$HAR,14:34:09,418133730,-933705976,12143061,13855670,0,9999,19278,160,20612
$$HAR,14:34:12,418133730,-933705976,12143061,13855670,0,9999,19199,154,20593
$$HAR,14:34:15,418133730,-933705976,12143061,13855670,0,9999,19124,149,20571
$$HAR,14:34:18,418133730,-933705976,12143061,13855670,0,9999,19048,144,20549
$$HAR,14:34:21,418133730,-933705976,12143061,13855670,0,9999,18970,140,20543
$$HAR,14:34:24,418133730,-933705976,12143061,13855670,0,9999,18897,136,20520
$$HAR,14:34:27,418133730,-933705976,12143061,13855670,0,9999,18818,132,20513
$$HAR,14:34:30,418133730,-933705976,12143061,13855670,0,9999,18740,129,20491
$$HAR,14:34:33,418133730,-933705976,12143061,13855670,0,9999,18659,125,20487
$$HAR,14:34:36,418133730,-933705976,12143061,13855670,0,9999,18581,122,20474
$$HAR,14:34:39,418133730,-933705976,12143061,13855670,0,9999,18509,119,20463
$$HAR,14:34:42,418133730,-933705976,12143061,13855670,0,9999,18441,115,20455
$$HAR,14:34:45,418133730,-933705976,12143061,13855670,0,9999,18376,112,20446
$$HAR,14:34:48,418133730,-933705976,12143061,13855670,0,9999,18310,109,20440
$$HAR,14:34:51,418133730,-933705976,12143061,13855670,0,9999,18248,106,20432
$$HAR,14:34:54,418133730,-933705976,12143061,13855670,0,9999,18179,103,20421
$$HAR,14:34:57,418133730,-933705976,12143061,13855670,0,9999,18103,100,20420
$$HAR,14:35:00,418133730,-933705976,12143061,13855670,0,9999,18026,97,20417
$$HAR,14:35:03,418133730,-933705976,12143061,13855670,0,9999,17955,94,20413
$$HAR,14:35:06,418133730,-933705976,12143061,13855670,0,9999,17879,91,20405
$$HAR,14:35:09,418133730,-933705976,12143061,13855670,0,9999,17804,88,20399
$$HAR,14:35:12,418133730,-933705976,12143061,13855670,0,9999,17731,84,20386
$$HAR,14:35:15,418133730,-933705976,12143061,13855670,0,9999,17657,80,20382
$$HAR,14:35:18,418133730,-933705976,12143061,13855670,0,9999,17582,76,20370
$$HAR,14:35:21,418133730,-933705976,12143061,13855670,0,9999,17509,71,20351
$$HAR,14:35:24,418133730,-933705976,12143061,13855670,0,9999,17435,66,20333
$$HAR,14:35:27,418133730,-933705976,12143061,13855670,0,9999,17363,61,20319
$$HAR,14:35:30,418133730,-933705976,12143061,13855670,0,9999,17290,56,20291
$$HAR,14:35:33,418133730,-933705976,12143061,13855670,0,9999,17217,52,20279
$$HAR,14:35:36,418133730,-933705976,12143061,13855670,0,9999,17147,47,20264
$$HAR,14:35:39,418133730,-933705976,12143061,13855670,0,9999,17075,43,20242
$$HAR,14:35:42,418133730,-933705976,12143061,13855670,0,9999,17000,38,20224
$$HAR,14:35:45,418133730,-933705976,12143061,13855670,0,9999,16930,34,20211
$$HAR,14:35:48,418133730,-933705976,12143061,13855670,0,9999,16859,29,20197
$$HAR,14:35:51,418133730,-933705976,12143061,13855670,0,9999,16787,25,20178
$$HAR,14:35:54,418133730,-933705976,12143061,13855670,0,9999,16714,20,20157
$$HAR,14:35:57,418133730,-933705976,12143061,13855670,0,9999,16640,16,20141
$$HAR,14:36:00,418133730,-933705976,12143061,13855670,0,9999,16569,11,20122
$$HAR,14:36:03,418133730,-933705976,12143061,13855670,0,9999,16497,6,20096
$$HAR,14:36:06,418133730,-933705976,12143061,13855670,0,9999,16428,1,20080
$$HAR,14:36:09,418133730,-933705976,12143061,13855670,0,9999,16359,-4,20061
$$HAR,14:36:12,418133730,-933705976,12143061,13855670,0,9999,16287,-9,20043
$$HAR,14:36:15,418133730,-933705976,12143061,13855670,0,9999,16216,-13,20026
$$HAR,14:36:18,418133730,-933705976,12143061,13855670,0,9999,16145,-17,20016
$$HAR,14:36:21,418133730,-933705976,12143061,13855670,0,9999,16075,-21,19989
$$HAR,14:36:24,418133730,-933705976,12143061,13855670,0,9999,16004,-25,19977
$$HAR,14:36:27,418133730,-933705976,12143061,13855670,0,9999,15930,-30,19954
$$HAR,14:36:30,418133730,-933705976,12143061,13855670,0,9999,15860,-33,19941
$$HAR,14:36:33,418133730,-933705976,12143061,13855670,0,9999,15789,-37,19923
$$HAR,14:36:36,417741735,-933257104,12098063,15366164,23042,9999,15721,-41,19906
$$HAR,14:36:39,417736168,-933253422,12181045,15366164,23042,9999,15656,-45,19893
$$HAR,14:36:42,417730602,-933249741,12264028,15366164,23042,9999,15593,-49,19879
$$HAR,14:36:45,417725035,-933246060,12347011,15366164,23042,9999,15523,-54,19861
$$HAR,14:36:48,417723180,-933244833,12374672,15366164,0,9999,15459,-58,19844
$$HAR,14:36:51,417723180,-933244833,12374672,15366164,0,9999,15395,-62,19838
$$HAR,14:36:54,417723180,-933244833,12374672,15366164,0,9999,15328,-67,19816
$$HAR,14:36:57,417723180,-933244833,12374672,15366164,0,9999,15262,-71,19800
$$HAR,14:37:00,417723180,-933244833,12374672,15366164,0,9999,15198,-76,19777
$$HAR,14:37:03,417723180,-933244833,12374672,15366164,0,9999,15132,-81,19762
$$HAR,14:37:06,417723180,-933244833,12374672,15366164,0,9999,15062,-86,19740
$$HAR,14:37:09,417723180,-933244833,12374672,15366164,0,9999,14999,-91,19722
$$HAR,14:37:12,417723180,-933244833,12374672,15366164,0,9999,14938,-97,19701
$$HAR,14:37:15,417723180,-933244833,12374672,15366164,0,9999,14880,-102,19674
$$HAR,14:37:18,417723180,-933244833,12374672,15366164,0,9999,14822,-107,19656
$$HAR,14:37:21,417723180,-933244833,12374672,15366164,0,9999,14757,-113,19636
$$HAR,14:37:24,417723180,-933244833,12374672,15366164,0,9999,14694,-118,19608
$$HAR,14:37:27,417723180,-933244833,12374672,15366164,0,9999,14633,-123,19575
$$HAR,14:37:30,417723180,-933244833,12374672,15366164,0,9999,14570,-127,19559
$$HAR,14:37:33,417723180,-933244833,12374672,15366164,0,9999,14509,-132,19538
$$HAR,14:37:36,417723180,-933244833,12374672,15366164,0,9999,14448,-136,19517
$$HAR,14:37:39,417723180,-933244833,12374672,15366164,0,9999,14389,-140,19499
$$HAR,14:37:42,417723180,-933244833,12374672,15366164,0,9999,14327,-144,19486
$$HAR,14:37:45,417723180,-933244833,12374672,15366164,0,9999,14263,-148,19469
$$HAR,14:37:48,417723180,-933244833,12374672,15366164,0,9999,14197,-152,19451
$$HAR,14:37:51,417723180,-933244833,12374672,15366164,0,9999,14132,-156,19435
$$HAR,14:37:54,417723180,-933244833,12374672,15366164,0,9999,14069,-160,19414
$$HAR,14:37:57,417723180,-933244833,12374672,15366164,0,9999,14002,-164,19399
$$HAR,14:38:00,417723180,-933244833,12374672,15366164,0,9999,13937,-168,19381
$$HAR,14:38:03,417723180,-933244833,12374672,15366164,0,9999,13878,-171,19375
$$HAR,14:38:06,417723180,-933244833,12374672,15366164,0,9999,13816,-176,19354
$$HAR,14:38:09,417723180,-933244833,12374672,15366164,0,9999,13754,-179,19343
$$HAR,14:38:12,417723180,-933244833,12374672,15366164,0,9999,13694,-183,19327
$$HAR,14:38:15,417723180,-933244833,12374672,15366164,0,9999,13635,-187,19314
$$HAR,14:38:18,417723180,-933244833,12374672,15366164,0,9999,13572,-190,19304
$$HAR,14:38:21,417723180,-933244833,12374672,15366164,0,9999,13514,-194,19284
$$HAR,14:38:24,417723180,-933244833,12374672,15366164,0,9999,13456,-197,19278
$$HAR,14:38:27,417723180,-933244833,12374672,15366164,0,9999,13396,-201,19266
$$HAR,14:38:30,417723180,-933244833,12374672,15366164,0,9999,13340,-205,19253
$$HAR,14:38:33,417723180,-933244833,12374672,15366164,0,9999,13281,-208,19235
$$HAR,14:38:36,417723180,-933244833,12374672,15366164,0,9999,13225,-211,19229
$$HAR,14:38:39,417723180,-933244833,12374672,15366164,0,9999,13173,-215,19211
$$HAR,14:38:42,417723180,-933244833,12374672,15366164,0,9999,13123,-218,19199
$$HAR,14:38:45,417723180,-933244833,12374672,15366164,0,9999,13068,-222,19193
$$HAR,14:38:48,417723180,-933244833,12374672,15366164,0,9999,13013,-226,19178
$$HAR,14:38:51,417723180,-933244833,12374672,15366164,0,9999,12955,-229,19166
$$HAR,14:38:54,417723180,-933244833,12374672,15366164,0,9999,12896,-233,19155
$$HAR,14:38:57,417723180,-933244833,12374672,15366164,0,9999,12839,-237,19133
$$HAR,14:39:00,417723180,-933244833,12374672,15366164,0,9999,12779,-241,19123
$$HAR,14:39:03,417723180,-933244833,12374672,15366164,0,9999,12720,-245,19106
$$HAR,14:39:06,417723180,-933244833,12374672,15366164,0,9999,12662,-248,19095
$$HAR,14:39:09,417723180,-933244833,12374672,15366164,0,9999,12604,-251,19088
$$HAR,14:39:12,417723180,-933244833,12374672,15366164,0,9999,12543,-254,19072
$$HAR,14:39:15,417723180,-933244833,12374672,15366164,0,9999,12482,-257,19069
$$HAR,14:39:18,417723180,-933244833,12374672,15366164,0,9999,12426,-260,19052
$$HAR,14:39:21,417723180,-933244833,12374672,15366164,0,9999,12372,-263,19041
$$HAR,14:39:24,417723180,-933244833,12374672,15366164,0,9999,12317,-266,19030
$$HAR,14:39:27,417723180,-933244833,12374672,15366164,0,9999,12265,-269,19017
$$HAR,14:39:30,417723180,-933244833,12374672,15366164,0,9999,12211,-272,19004
$$HAR,14:39:33,417723180,-933244833,12374672,15366164,0,9999,12159,-275,19003
$$HAR,14:39:36,417723180,-933244833,12374672,15366164,0,9999,12105,-278,18990
$$HAR,14:39:39,417723180,-933244833,12374672,15366164,0,9999,12054,-281,18980
$$HAR,14:39:42,417723180,-933244833,12374672,15366164,0,9999,12003,-284,18969
$$HAR,14:39:45,417723180,-933244833,12374672,15366164,0,9999,11951,-287,18956
$$HAR,14:39:48,417723180,-933244833,12374672,15366164,0,9999,11900,-290,18954
$$HAR,14:39:51,417723180,-933244833,12374672,15366164,0,9999,11850,-293,18943
$$HAR,14:39:54,417723180,-933244833,12374672,15366164,0,9999,11801,-296,18931
$$HAR,14:39:57,417723180,-933244833,12374672,15366164,0,9999,11753,-299,18919
$$HAR,14:40:00,417723180,-933244833,12374672,15366164,0,9999,11705,-302,18904
$$HAR,14:40:03,417723180,-933244833,12374672,15366164,0,9999,11659,-305,18894
$$HAR,14:40:06,417723180,-933244833,12374672,15366164,0,9999,11610,-308,18887
$$HAR,14:40:09,417723180,-933244833,12374672,15366164,0,9999,11559,-311,18878
$$HAR,14:40:12,417723180,-933244833,12374672,15366164,0,9999,11505,-314,18861
$$HAR,14:40:15,417723180,-933244833,12374672,15366164,0,9999,11456,-317,18855
$$HAR,14:40:18,417723180,-933244833,12374672,15366164,0,9999,11403,-320,18840
$$HAR,14:40:21,417723180,-933244833,12374672,15366164,0,9999,11348,-322,18835
$$HAR,14:40:24,417723180,-933244833,12374672,15366164,0,9999,11297,-325,18823
$$HAR,14:40:27,417723180,-933244833,12374672,15366164,0,9999,11244,-328,18822
$$HAR,14:40:30,417723180,-933244833,12374672,15366164,0,9999,11194,-331,18806
$$HAR,14:40:33,417723180,-933244833,12374672,15366164,0,9999,11147,-334,18799
$$HAR,14:40:36,417723180,-933244833,12374672,15366164,0,9999,11098,-337,18786
$$HAR,14:40:39,417723180,-933244833,12374672,15366164,0,9999,11048,-339,18774
$$HAR,14:40:42,417723180,-933244833,12374672,15366164,0,9999,10999,-342,18763
$$HAR,14:40:45,417723180,-933244833,12374672,15366164,0,9999,10947,-345,18752
$$HAR,14:40:48,417723180,-933244833,12374672,15366164,0,9999,10897,-348,18740
$$HAR,14:40:51,417723180,-933244833,12374672,15366164,0,9999,10848,-351,18729
$$HAR,14:40:54,417723180,-933244833,12374672,15366164,0,9999,10797,-354,18715
$$HAR,14:40:57,417723180,-933244833,12374672,15366164,0,9999,10747,-357,18703
$$HAR,14:41:00,417723180,-933244833,12374672,15366164,0,9999,10695,-359,18698
$$HAR,14:41:03,417723180,-933244833,12374672,15366164,0,9999,10642,-362,18683
$$HAR,14:41:06,417723180,-933244833,12374672,15366164,0,9999,10590,-364,18677
$$HAR,14:41:09,417723180,-933244833,12374672,15366164,0,9999,10540,-367,18660
$$HAR,14:41:12,417723180,-933244833,12374672,15366164,0,9999,10487,-369,18651
$$HAR,14:41:15,417723180,-933244833,12374672,15366164,0,9999,10434,-371,18642
$$HAR,14:41:18,417723180,-933244833,12374672,15366164,0,9999,10381,-374,18630
$$HAR,14:41:21,417723180,-933244833,12374672,15366164,0,9999,10331,-377,18619
$$HAR,14:41:24,417723180,-933244833,12374672,15366164,0,9999,10284,-379,18613
$$HAR,14:41:27,417723180,-933244833,12374672,15366164,0,9999,10234,-383,18596
$$HAR,14:41:30,417723180,-933244833,12374672,15366164,0,9999,10186,-386,18588
$$HAR,14:41:33,416790353,-932858954,12069905,16268816,32462,408,10140,-389,18575
$$HAR,14:41:36,416781802,-932854233,12067310,15602050,35146,409,10089,-392,18555
$$HAR,14:41:39,416773145,-932849096,12063068,15602050,35146,9999,10043,-395,18539
$$HAR,14:41:42,416764487,-932843960,12058827,15602050,35146,9999,9997,-398,18527
$$HAR,14:41:45,416755829,-932838824,12054588,15602050,35146,9999,9951,-402,18514
$$HAR,14:41:48,416750058,-932835400,12051762,15602050,0,9999,9905,-405,18503
$$HAR,14:41:51,416750058,-932835400,12051762,15602050,0,9999,9861,-408,18482
$$HAR,14:41:54,416744595,-932835273,12091984,8960782,29040,9999,9819,-411,18471
$$HAR,14:41:57,416744649,-932824831,12157689,8960782,29040,9999,9774,-414,18454
$$HAR,14:42:00,416744702,-932814389,12223396,8960782,29040,9999,9730,-417,18446
$$HAR,14:42:03,416744756,-932803947,12289103,8960782,29040,9999,9688,-420,18433
$$HAR,14:42:06,416744773,-932800467,12311006,8960782,0,9999,9645,-423,18418
$$HAR,14:42:09,417058622,-932540888,11802201,53606,60995,9999,9598,-426,18402
$$HAR,14:42:12,417075065,-932540683,11813442,53606,60995,9999,9552,-429,18385
$$HAR,14:42:15,417091509,-932540477,11824689,53606,60995,9999,9506,-432,18372
$$HAR,14:42:18,417107953,-932540272,11835941,53606,60995,9999,9459,-435,18361
$$HAR,14:42:21,417113434,-932540203,11839693,53606,0,9999,9410,-438,18344
$$HAR,14:42:24,417113434,-932540203,11839693,53606,0,9999,9361,-441,18330
$$HAR,14:42:27,417113434,-932540203,11839693,53606,0,9999,9313,-444,18314
$$HAR,14:42:30,417113434,-932540203,11839693,53606,0,9999,9269,-447,18298
$$HAR,14:42:33,417113434,-932540203,11839693,53606,0,9999,9228,-450,18280
$$HAR,14:42:36,417113434,-932540203,11839693,53606,0,9999,9185,-453,18268
$$HAR,14:42:39,417113434,-932540203,11839693,53606,0,9999,9137,-456,18251
$$HAR,14:42:42,417113434,-932540203,11839693,53606,0,9999,9095,-459,18231
$$HAR,14:42:45,417113434,-932540203,11839693,53606,0,9999,9051,-462,18216
$$HAR,14:42:48,417113434,-932540203,11839693,53606,0,9999,9007,-466,18196
$$HAR,14:42:51,417113434,-932540203,11839693,53606,0,9999,8962,-468,18180
$$HAR,14:42:54,417113434,-932540203,11839693,53606,0,9999,8920,-471,18165
$$HAR,14:42:57,417113434,-932540203,11839693,53606,0,9999,8880,-474,18148
$$HAR,14:43:00,417113434,-932540203,11839693,53606,0,9999,8841,-477,18134
$$HAR,14:43:03,417113434,-932540203,11839693,53606,0,9999,8804,-480,18119
$$HAR,14:43:06,417113434,-932540203,11839693,53606,0,9999,8769,-482,18110
$$HAR,14:43:09,417113434,-932540203,11839693,53606,0,9999,8734,-485,18093
$$HAR,14:43:12,417113434,-932540203,11839693,53606,0,9999,8701,-488,18077
$$HAR,14:43:15,417113434,-932540203,11839693,53606,0,9999,8665,-490,18066
$$HAR,14:43:18,417113434,-932540203,11839693,53606,0,9999,8627,-493,18046
$$HAR,14:43:21,417113434,-932540203,11839693,53606,0,9999,8591,-495,18036
$$HAR,14:43:24,417113434,-932540203,11839693,53606,0,9999,8552,-498,18020
$$HAR,14:43:27,417113434,-932540203,11839693,53606,0,9999,8509,-500,18010
$$HAR,14:43:30,417113434,-932540203,11839693,53606,0,9999,8472,-503,17999
$$HAR,14:43:33,417113434,-932540203,11839693,53606,0,9999,8435,-505,17984
$$HAR,14:43:36,417113434,-932540203,11839693,53606,0,9999,8396,-508,17979
$$HAR,14:43:39,417113434,-932540203,11839693,53606,0,9999,8356,-510,17963
$$HAR,14:43:42,417113434,-932540203,11839693,53606,0,9999,8314,-512,17950
$$HAR,14:43:45,417113434,-932540203,11839693,53606,0,9999,8272,-515,17939
$$HAR,14:43:48,417113434,-932540203,11839693,53606,0,9999,8232,-518,17923
$$HAR,14:43:51,417113434,-932540203,11839693,53606,0,9999,8193,-520,17911
$$HAR,14:43:54,417113434,-932540203,11839693,53606,0,9999,8158,-523,17896
$$HAR,14:43:57,417113434,-932540203,11839693,53606,0,9999,8123,-526,17881
$$HAR,14:44:00,417113434,-932540203,11839693,53606,0,9999,8088,-529,17871
$$HAR,14:44:03,417113434,-932540203,11839693,53606,0,9999,8054,-531,17862
$$HAR,14:44:06,417113434,-932540203,11839693,53606,0,9999,8020,-534,17844
$$HAR,14:44:09,417113434,-932540203,11839693,53606,0,9999,7984,-537,17829
$$HAR,14:44:12,417113434,-932540203,11839693,53606,0,9999,7948,-540,17814
$$HAR,14:44:15,417113434,-932540203,11839693,53606,0,9999,7908,-542,17804
$$HAR,14:44:18,417113434,-932540203,11839693,53606,0,9999,7869,-545,17789
$$HAR,14:44:21,417113434,-932540203,11839693,53606,0,9999,7833,-548,17779
$$HAR,14:44:24,417113434,-932540203,11839693,53606,0,9999,7798,-552,17758
$$HAR,14:44:27,417113434,-932540203,11839693,53606,0,9999,7763,-555,17742
$$HAR,14:44:30,417113434,-932540203,11839693,53606,0,9999,7728,-558,17725
$$HAR,14:44:33,417113434,-932540203,11839693,53606,0,9999,7690,-561,17707
$$HAR,14:44:36,417113434,-932540203,11839693,53606,0,9999,7655,-564,17692
$$HAR,14:44:39,417113434,-932540203,11839693,53606,0,9999,7623,-567,17672
$$HAR,14:44:42,417113434,-932540203,11839693,53606,0,9999,7592,-569,17656
$$HAR,14:44:45,417113434,-932540203,11839693,53606,0,9999,7556,-572,17645
$$HAR,14:44:48,417113434,-932540203,11839693,53606,0,9999,7521,-575,17625
$$HAR,14:44:51,417113434,-932540203,11839693,53606,0,9999,7488,-577,17616
$$HAR,14:44:54,417113434,-932540203,11839693,53606,0,9999,7458,-580,17604
$$HAR,14:44:57,417113434,-932540203,11839693,53606,0,9999,7426,-583,17584
$$HAR,14:45:00,417113434,-932540203,11839693,53606,0,9999,7392,-585,17578
$$HAR,14:45:03,417113434,-932540203,11839693,53606,0,9999,7355,-588,17549
$$HAR,14:45:06,417113434,-932540203,11839693,53606,0,9999,7316,-590,17538
$$HAR,14:45:09,417113434,-932540203,11839693,53606,0,9999,7275,-593,17531
$$HAR,14:45:12,417113434,-932540203,11839693,53606,0,9999,7235,-596,17511
$$HAR,14:45:15,417113434,-932540203,11839693,53606,0,9999,7194,-598,17500
$$HAR,14:45:18,417113434,-932540203,11839693,53606,0,9999,7154,-601,17484
$$HAR,14:45:21,417113434,-932540203,11839693,53606,0,9999,7113,-603,17479
$$HAR,14:45:24,417113434,-932540203,11839693,53606,0,9999,7074,-606,17458
$$HAR,14:45:27,417113434,-932540203,11839693,53606,0,9999,7034,-608,17455
$$HAR,14:45:30,417113434,-932540203,11839693,53606,0,9999,6993,-611,17438
$$HAR,14:45:33,417113434,-932540203,11839693,53606,0,9999,6954,-613,17423
$$HAR,14:45:36,417113434,-932540203,11839693,53606,0,9999,6912,-616,17407
$$HAR,14:45:39,417113434,-932540203,11839693,53606,0,9999,6870,-618,17402
$$HAR,14:45:42,417113434,-932540203,11839693,53606,0,9999,6828,-621,17387
$$HAR,14:45:45,417113434,-932540203,11839693,53606,0,9999,6789,-623,17372
$$HAR,14:45:48,417113434,-932540203,11839693,53606,0,9999,6753,-625,17363
$$HAR,14:45:51,417113434,-932540203,11839693,53606,0,9999,6720,-628,17343
$$HAR,14:45:54,417113434,-932540203,11839693,53606,0,9999,6686,-630,17328
$$HAR,14:45:57,417113434,-932540203,11839693,53606,0,9999,6651,-632,17317
$$HAR,14:46:00,417113434,-932540203,11839693,53606,0,9999,6618,-635,17312
$$HAR,14:46:03,417113434,-932540203,11839693,53606,0,9999,6581,-637,17291
$$HAR,14:46:06,417113434,-932540203,11839693,53606,0,9999,6544,-640,17276
$$HAR,14:46:09,417113434,-932540203,11839693,53606,0,9999,6509,-642,17267
$$HAR,14:46:12,417113434,-932540203,11839693,53606,0,9999,6476,-644,17252
$$HAR,14:46:15,417113434,-932540203,11839693,53606,0,9999,6442,-647,17237
$$HAR,14:46:18,417113434,-932540203,11839693,53606,0,9999,6410,-649,17225
$$HAR,14:46:21,417113434,-932540203,11839693,53606,0,9999,6381,-652,17210
$$HAR,14:46:24,417113434,-932540203,11839693,53606,0,9999,6352,-654,17195
$$HAR,14:46:27,417113434,-932540203,11839693,53606,0,9999,6324,-657,17182
$$HAR,14:46:30,417113434,-932540203,11839693,53606,0,9999,6296,-659,17166
$$HAR,14:46:33,417113434,-932540203,11839693,53606,0,9999,6266,-662,17156
$$HAR,14:46:36,417113434,-932540203,11839693,53606,0,9999,6236,-664,17140
$$HAR,14:46:39,417113434,-932540203,11839693,53606,0,9999,6208,-667,17124
$$HAR,14:46:42,417113434,-932540203,11839693,53606,0,9999,6178,-669,17109
$$HAR,14:46:45,417113434,-932540203,11839693,53606,0,9999,6148,-672,17101
$$HAR,14:46:48,417113434,-932540203,11839693,53606,0,9999,6118,-674,17086
$$HAR,14:46:51,417113434,-932540203,11839693,53606,0,9999,6087,-676,17071
$$HAR,14:46:54,417113434,-932540203,11839693,53606,0,9999,6059,-679,17059
$$HAR,14:46:57,417113434,-932540203,11839693,53606,0,9999,6032,-681,17044
$$HAR,14:47:00,417113434,-932540203,11839693,53606,0,9999,6001,-683,17029
$$HAR,14:47:03,417113434,-932540203,11839693,53606,0,9999,5971,-686,17014
$$HAR,14:47:06,417113434,-932540203,11839693,53606,0,9999,5944,-688,17001
$$HAR,14:47:09,417113434,-932540203,11839693,53606,0,9999,5916,-690,16989
$$HAR,14:47:12,417113434,-932540203,11839693,53606,0,9999,5887,-693,16974
$$HAR,14:47:15,417113434,-932540203,11839693,53606,0,9999,5860,-695,16960
$$HAR,14:47:18,417113434,-932540203,11839693,53606,0,9999,5833,-698,16944
$$HAR,14:47:21,417113434,-932540203,11839693,53606,0,9999,5805,-700,16929
$$HAR,14:47:24,418753723,-929871132,947514,3304720,36642,9999,5776,-702,16915
$$HAR,14:47:27,418762018,-929863911,731877,3304720,36642,9999,5744,-705,16901
$$HAR,14:47:30,416889200,-932098523,12074340,10984950,7505,9999,5713,-707,16885
$$HAR,14:47:33,416888513,-932095984,12087270,10984950,7505,9999,5678,-709,16870
$$HAR,14:47:36,416887826,-932093445,12100200,10984950,7505,9999,5644,-711,16855
$$HAR,14:47:39,416887139,-932090906,12113130,10984950,7505,9999,5613,-714,16840
$$HAR,14:47:42,416823597,-932072439,12679781,10984950,0,9999,5583,-716,16834
$$HAR,14:47:45,416823597,-932072439,12679781,10984950,0,9999,5556,-719,16815
$$HAR,14:47:48,416823597,-932072439,12679781,10984950,0,9999,5530,-722,16802
$$HAR,14:47:51,416823597,-932072439,12679781,10984950,0,9999,5503,-724,16786
$$HAR,14:47:54,416823597,-932072439,12679781,10984950,0,9999,5479,-727,16765
$$HAR,14:47:57,416823597,-932072439,12679781,10984950,0,9999,5454,-730,16745
$$HAR,14:48:00,416823597,-932072439,12679781,10984950,0,9999,5428,-732,16726
$$HAR,14:48:03,416823597,-932072439,12679781,10984950,0,9999,5399,-735,16715
$$HAR,14:48:06,416823597,-932072439,12679781,10984950,0,9999,5370,-737,16696
$$HAR,14:48:09,416823597,-932072439,12679781,10984950,0,9999,5339,-740,16677
$$HAR,14:48:12,416823597,-932072439,12679781,10984950,0,9999,5310,-742,16667
$$HAR,14:48:15,416823597,-932072439,12679781,10984950,0,9999,5281,-744,16652
$$HAR,14:48:18,416823597,-932072439,12679781,10984950,0,9999,5250,-747,16627
$$HAR,14:48:21,416823597,-932072439,12679781,10984950,0,9999,5220,-749,16616
$$HAR,14:48:24,416823597,-932072439,12679781,10984950,0,9999,5190,-751,16607
$$HAR,14:48:27,416823597,-932072439,12679781,10984950,0,9999,5160,-753,16589
$$HAR,14:48:30,416823597,-932072439,12679781,10984950,0,9999,5130,-756,16572
$$HAR,14:48:33,416823597,-932072439,12679781,10984950,0,9999,5102,-758,16562
$$HAR,14:48:36,416823597,-932072439,12679781,10984950,0,9999,5076,-760,16548
$$HAR,14:48:39,416823597,-932072439,12679781,10984950,0,9999,5049,-762,16534
$$HAR,14:48:42,416823597,-932072439,12679781,10984950,0,9999,5022,-764,16523
$$HAR,14:48:45,416823597,-932072439,12679781,10984950,0,9999,4994,-766,16509
$$HAR,14:48:48,416823597,-932072439,12679781,10984950,0,9999,4969,-768,16495
$$HAR,14:48:51,416823597,-932072439,12679781,10984950,0,9999,4944,-770,16480
$$HAR,14:48:54,416823597,-932072439,12679781,10984950,0,9999,4918,-772,16469
$$HAR,14:48:57,416823597,-932072439,12679781,10984950,0,9999,4893,-774,16454
$$HAR,14:49:00,416823597,-932072439,12679781,10984950,0,9999,4867,-776,16444
$$HAR,14:49:03,416823597,-932072439,12679781,10984950,0,9999,4838,-778,16429
$$HAR,14:49:06,416823597,-932072439,12679781,10984950,0,9999,4809,-780,16410
$$HAR,14:49:09,416823597,-932072439,12679781,10984950,0,9999,4783,-783,16400
$$HAR,14:49:12,416823597,-932072439,12679781,10984950,0,9999,4758,-785,16386
$$HAR,14:49:15,416823597,-932072439,12679781,10984950,0,9999,4734,-787,16371
$$HAR,14:49:18,416823597,-932072439,12679781,10984950,0,9999,4711,-789,16355
$$HAR,14:49:21,416823597,-932072439,12679781,10984950,0,9999,4688,-792,16345
$$HAR,14:49:24,416823597,-932072439,12679781,10984950,0,9999,4665,-794,16330
$$HAR,14:49:27,416823597,-932072439,12679781,10984950,0,9999,4639,-796,16315
$$HAR,14:49:30,416823597,-932072439,12679781,10984950,0,9999,4614,-798,16305
$$HAR,14:49:33,416823597,-932072439,12679781,10984950,0,9999,4587,-800,16288
$$HAR,14:49:36,416823597,-932072439,12679781,10984950,0,9999,4562,-802,16274
$$HAR,14:49:39,416823597,-932072439,12679781,10984950,0,9999,4537,-805,16257
$$HAR,14:49:42,416823597,-932072439,12679781,10984950,0,9999,4514,-807,16238
$$HAR,14:49:45,416823597,-932072439,12679781,10984950,0,9999,4488,-809,16223
$$HAR,14:49:48,416823597,-932072439,12679781,10984950,0,9999,4462,-811,16204
$$HAR,14:49:51,416823597,-932072439,12679781,10984950,0,9999,4436,-813,16194
$$HAR,14:49:54,416823597,-932072439,12679781,10984950,0,9999,4410,-816,16180
$$HAR,14:49:57,416823597,-932072439,12679781,10984950,0,9999,4387,-818,16169
$$HAR,14:50:00,416823597,-932072439,12679781,10984950,0,9999,4361,-820,16151
$$HAR,14:50:03,416823597,-932072439,12679781,10984950,0,9999,4336,-822,16136
$$HAR,14:50:06,416823597,-932072439,12679781,10984950,0,9999,4310,-824,16117
$$HAR,14:50:09,416823597,-932072439,12679781,10984950,0,9999,4282,-826,16102
$$HAR,14:50:12,416823597,-932072439,12679781,10984950,0,9999,4255,-828,16086
$$HAR,14:50:15,416823597,-932072439,12679781,10984950,0,9999,4230,-830,16067
$$HAR,14:50:18,416823597,-932072439,12679781,10984950,0,9999,4204,-832,16053
$$HAR,14:50:21,416823597,-932072439,12679781,10984950,0,9999,4180,-834,16039
$$HAR,14:50:24,417040303,-932169439,12070349,10984950,3934,182,4156,-836,16024
$$HAR,14:50:27,417040462,-932168040,12115708,10984950,3934,9999,4130,-838,16004
$$HAR,14:50:30,417040621,-932166641,12161067,10984950,3934,9999,4104,-840,15990
$$HAR,14:50:33,417040780,-932165241,12206426,10984950,3934,9999,4081,-842,15981
$$HAR,14:50:36,417065458,-932144536,12073069,10984950,0,9999,4059,-844,15961
$$HAR,14:50:39,417065458,-932144536,12073069,10984950,0,9999,4035,-846,15951
$$HAR,14:50:42,417065458,-932144536,12073069,10984950,0,9999,4012,-848,15937
$$HAR,14:50:45,416992183,-931940113,12074221,9597446,9027,9999,3988,-850,15917
$$HAR,14:50:48,416991929,-931936883,12080154,9597446,9027,9999,3964,-853,15903
$$HAR,14:50:51,416991676,-931933654,12086086,9597446,9027,9999,3940,-855,15888
$$HAR,14:50:54,416991423,-931930424,12092019,9597446,0,9999,3916,-857,15868
$$HAR,14:50:57,416991423,-931930424,12092019,9597446,0,9999,3891,-859,15853
$$HAR,14:51:00,417262207,-931708704,12067865,6748630,17199,183,3866,-861,15835
$$HAR,14:51:03,417263823,-931703234,12067420,6986360,12832,183,3840,-863,15820
$$HAR,14:51:06,417265049,-931698458,12068767,11153752,8625,183,3817,-865,15807
$$HAR,14:51:06,417265049,-931698458,12068767,11153752,8625,183,3793,-867,15787
$$HAR,14:51:06,417265049,-931698458,12068767,11153752,8625,183,3768,-869,15771
$$HAR,14:51:06,417265049,-931698458,12068767,11153752,8625,183,3743,-881,15746
$$HAR,14:51:18,417264627,-931689344,12058742,3730850,14145,7446,3717,-882,15737
$$HAR,14:51:21,417242594,-931641729,12039718,4500415,9461,9999,3693,-884,15727
$$HAR,14:51:24,417244397,-931639321,12054329,4500415,9461,9999,3669,-885,15711
$$HAR,14:51:27,417246201,-931636913,12068939,4500415,9461,9999,3644,-887,15701
$$HAR,14:51:30,417248004,-931634506,12083550,4500415,9461,9999,3622,-889,15695
$$HAR,14:51:33,417248605,-931633703,12088420,4500415,0,9999,3602,-891,15691
$$HAR,14:51:36,417248605,-931633703,12088420,4500415,0,9999,3581,-893,15680
$$HAR,14:51:39,417248605,-931633703,12088420,4500415,0,9999,3560,-895,15671
$$HAR,14:51:42,417248605,-931633703,12088420,4500415,0,9999,3538,-897,15667
$$HAR,14:51:45,417248605,-931633703,12088420,4500415,0,9999,3517,-899,15657
$$HAR,14:51:48,417248605,-931633703,12088420,4500415,0,9999,3495,-901,15655
$$HAR,14:51:51,417248605,-931633703,12088420,4500415,0,9999,3473,-903,15650
$$HAR,14:51:54,417248605,-931633703,12088420,4500415,0,9999,3451,-905,15635
$$HAR,14:51:57,417248605,-931633703,12088420,4500415,0,9999,3428,-907,15634
$$HAR,14:52:00,417248605,-931633703,12088420,4500415,0,9999,3405,-909,15615
$$HAR,14:52:03,417248605,-931633703,12088420,4500415,0,9999,3384,-911,15615
$$HAR,14:52:06,417248605,-931633703,12088420,4500415,0,9999,3364,-913,15607
$$HAR,14:52:09,417248605,-931633703,12088420,4500415,0,9999,3345,-915,15598
$$HAR,14:52:12,417248605,-931633703,12088420,4500415,0,9999,3326,-917,15592
$$HAR,14:52:15,417248605,-931633703,12088420,4500415,0,9999,3308,-919,15581
$$HAR,14:52:18,417248605,-931633703,12088420,4500415,0,9999,3289,-921,15575
$$HAR,14:52:21,417248605,-931633703,12088420,4500415,0,9999,3270,-923,15565
$$HAR,14:52:24,417248605,-931633703,12088420,4500415,0,9999,3250,-925,15555
$$HAR,14:52:27,417248605,-931633703,12088420,4500415,0,9999,3231,-927,15550
$$HAR,14:52:30,417248605,-931633703,12088420,4500415,0,9999,3213,-929,15541
$$HAR,14:52:33,417248605,-931633703,12088420,4500415,0,9999,3193,-931,15533
$$HAR,14:52:36,417248605,-931633703,12088420,4500415,0,9999,3175,-933,15527
$$HAR,14:52:39,417248605,-931633703,12088420,4500415,0,9999,3157,-935,15517
$$HAR,14:52:42,417248605,-931633703,12088420,4500415,0,9999,3140,-936,15501
$$HAR,14:52:45,417248605,-931633703,12088420,4500415,0,9999,3123,-938,15500
$$HAR,14:52:48,417248605,-931633703,12088420,4500415,0,9999,3105,-940,15495
$$HAR,14:52:51,417248605,-931633703,12088420,4500415,0,9999,3085,-942,15477
$$HAR,14:52:54,417248605,-931633703,12088420,4500415,0,9999,3068,-944,15472
$$HAR,14:52:57,417248605,-931633703,12088420,4500415,0,9999,3049,-945,15462
$$HAR,14:53:00,417248605,-931633703,12088420,4500415,0,9999,3029,-947,15447
$$HAR,14:53:03,417248605,-931633703,12088420,4500415,0,9999,3008,-949,15434
$$HAR,14:53:06,417248605,-931633703,12088420,4500415,0,9999,2988,-951,15429
$$HAR,14:53:09,417248605,-931633703,12088420,4500415,0,9999,2968,-953,15419
$$HAR,14:53:12,417248605,-931633703,12088420,4500415,0,9999,2951,-955,15408
$$HAR,14:53:15,417248605,-931633703,12088420,4500415,0,9999,2933,-956,15393
$$HAR,14:53:18,417248605,-931633703,12088420,4500415,0,9999,2917,-958,15378
$$HAR,14:53:21,417248605,-931633703,12088420,4500415,0,9999,2901,-960,15370
$$HAR,14:53:24,417248605,-931633703,12088420,4500415,0,9999,2884,-962,15356
$$HAR,14:53:27,417248605,-931633703,12088420,4500415,0,9999,2866,-963,15346
$$HAR,14:53:30,417248605,-931633703,12088420,4500415,0,9999,2848,-965,15332
$$HAR,14:53:33,417248605,-931633703,12088420,4500415,0,9999,2829,-967,15317
$$HAR,14:53:36,417248605,-931633703,12088420,4500415,0,9999,2815,-969,15307
$$HAR,14:53:39,417248605,-931633703,12088420,4500415,0,9999,2811,-971,15298
$$HAR,14:53:42,417248605,-931633703,12088420,4500415,0,9999,2814,-972,15283
$$HAR,14:53:45,417248605,-931633703,12088420,4500415,0,9999,2829,-974,15273
$$HAR,14:53:48,417248605,-931633703,12088420,4500415,0,9999,2850,-976,15263
$$HAR,14:53:51,417248605,-931633703,12088420,4500415,0,9999,2878,-977,15250
$$HAR,14:53:54,417248605,-931633703,12088420,4500415,0,9999,2912,-979,15235
$$HAR,14:53:57,417248605,-931633703,12088420,4500415,0,9999,2950,-981,15226
$$HAR,14:54:00,417248605,-931633703,12088420,4500415,0,9999,2992,-983,15206
$$HAR,14:54:03,417248605,-931633703,12088420,4500415,0,9999,3036,-985,15196
$$HAR,14:54:06,417248605,-931633703,12088420,4500415,0,9999,3080,-987,15186
$$HAR,14:54:09,417248605,-931633703,12088420,4500415,0,9999,3126,-988,15172
$$HAR,14:54:12,417248605,-931633703,12088420,4500415,0,9999,3175,-990,15157
$$HAR,14:54:15,417248605,-931633703,12088420,4500415,0,9999,3225,-991,15148
$$HAR,14:54:18,417248605,-931633703,12088420,4500415,0,9999,3278,-993,15130
$$HAR,14:54:21,417248605,-931633703,12088420,4500415,0,9999,3328,-995,15116
$$HAR,14:54:24,417248605,-931633703,12088420,4500415,0,9999,3381,-997,15106
$$HAR,14:54:27,417248605,-931633703,12088420,4500415,0,9999,3433,-999,15092
$$HAR,14:54:30,417248605,-931633703,12088420,4500415,0,9999,3485,-1001,15068
$$HAR,14:54:33,417248605,-931633703,12088420,4500415,0,9999,3539,-1003,15058
$$HAR,14:54:36,417248605,-931633703,12088420,4500415,0,9999,3591,-1005,15038
$$HAR,14:54:39,417248605,-931633703,12088420,4500415,0,9999,3644,-1007,15019
$$HAR,14:54:42,417248605,-931633703,12088420,4500415,0,9999,3695,-1010,15005
$$HAR,14:54:45,417248605,-931633703,12088420,4500415,0,9999,3748,-1012,14995
$$HAR,14:54:48,417248605,-931633703,12088420,4500415,0,9999,3802,-1014,14981
$$HAR,14:54:51,417248605,-931633703,12088420,4500415,0,9999,3856,-1017,14967
$$HAR,14:54:54,417248605,-931633703,12088420,4500415,0,9999,3911,-1019,14952
$$HAR,14:54:57,417248605,-931633703,12088420,4500415,0,9999,3966,-1021,14937
$$HAR,14:55:00,417248605,-931633703,12088420,4500415,0,9999,4022,-1024,14933
$$HAR,14:55:03,417248605,-931633703,12088420,4500415,0,9999,4077,-1027,14922
$$HAR,14:55:06,417248605,-931633703,12088420,4500415,0,9999,4133,-1029,14902
$$HAR,14:55:09,417248605,-931633703,12088420,4500415,0,9999,4188,-1032,14889
$$HAR,14:55:12,417248605,-931633703,12088420,4500415,0,9999,4244,-1035,14879
$$HAR,14:55:15,417248605,-931633703,12088420,4500415,0,9999,4302,-1037,14873
$$HAR,14:55:18,417248605,-931633703,12088420,4500415,0,9999,4359,-1040,14859
$$HAR,14:55:21,417248605,-931633703,12088420,4500415,0,9999,4416,-1043,14854
$$HAR,14:55:24,417248605,-931633703,12088420,4500415,0,9999,4473,-1045,14840
$$HAR,14:55:27,417248605,-931633703,12088420,4500415,0,9999,4533,-1049,14828
$$HAR,14:55:30,417248605,-931633703,12088420,4500415,0,9999,4590,-1052,14827
$$HAR,14:55:33,417248605,-931633703,12088420,4500415,0,9999,4648,-1055,14813
$$HAR,14:55:36,417248605,-931633703,12088420,4500415,0,9999,4707,-1058,14812
$$HAR,14:55:39,417248605,-931633703,12088420,4500415,0,9999,4769,-1061,14794
$$HAR,14:55:42,417248605,-931633703,12088420,4500415,0,9999,4829,-1064,14802
$$HAR,14:55:45,417248605,-931633703,12088420,4500415,0,9999,4891,-1068,14786
$$HAR,14:55:48,417248605,-931633703,12088420,4500415,0,9999,4954,-1071,14771
$$HAR,14:55:51,417248605,-931633703,12088420,4500415,0,9999,5019,-1074,14770
$$HAR,14:55:54,417248605,-931633703,12088420,4500415,0,9999,5090,-1077,14770
$$HAR,14:55:57,417248605,-931633703,12088420,4500415,0,9999,5164,-1080,14760
$$HAR,14:56:00,417248605,-931633703,12088420,4500415,0,9999,5239,-1083,14754
$$HAR,14:56:03,417248605,-931633703,12088420,4500415,0,9999,5309,-1085,14758
$$HAR,14:56:06,417248605,-931633703,12088420,4500415,0,9999,5380,-1088,14753
$$HAR,14:56:09,417248605,-931633703,12088420,4500415,0,9999,5449,-1091,14749
$$HAR,14:56:12,417248605,-931633703,12088420,4500415,0,9999,5518,-1094,14751
$$HAR,14:56:15,417248605,-931633703,12088420,4500415,0,9999,5587,-1096,14741
$$HAR,14:56:18,417248605,-931633703,12088420,4500415,0,9999,5653,-1099,14736
$$HAR,14:56:21,417248605,-931633703,12088420,4500415,0,9999,5720,-1102,14734
$$HAR,14:56:24,417248605,-931633703,12088420,4500415,0,9999,5786,-1105,14735
$$HAR,14:56:27,417248605,-931633703,12088420,4500415,0,9999,5853,-1108,14734
$$HAR,14:56:30,417248605,-931633703,12088420,4500415,0,9999,5921,-1111,14728
$$HAR,14:56:33,417248605,-931633703,12088420,4500415,0,9999,5987,-1114,14726
$$HAR,14:56:36,417248605,-931633703,12088420,4500415,0,9999,6052,-1117,14725
$$HAR,14:56:39,417248605,-931633703,12088420,4500415,0,9999,6119,-1120,14721
$$HAR,14:56:42,417248605,-931633703,12088420,4500415,0,9999,6187,-1122,14725
$$HAR,14:56:45,417248605,-931633703,12088420,4500415,0,9999,6256,-1125,14724
$$HAR,14:56:48,417248605,-931633703,12088420,4500415,0,9999,6324,-1128,14727
$$HAR,14:56:51,417248605,-931633703,12088420,4500415,0,9999,6395,-1131,14726
$$HAR,14:56:54,417248605,-931633703,12088420,4500415,0,9999,6476,-1133,14730
$$HAR,14:56:57,417248605,-931633703,12088420,4500415,0,9999,6555,-1136,14735
$$HAR,14:57:00,417248605,-931633703,12088420,4500415,0,9999,6632,-1139,14733
$$HAR,14:57:03,417248605,-931633703,12088420,4500415,0,9999,6710,-1142,14737
$$HAR,14:57:06,417248605,-931633703,12088420,4500415,0,9999,6791,-1144,14736
$$HAR,14:57:09,417248605,-931633703,12088420,4500415,0,9999,6870,-1147,14739
$$HAR,14:57:12,417248605,-931633703,12088420,4500415,0,9999,6955,-1150,14738
$$HAR,14:57:15,417248605,-931633703,12088420,4500415,0,9999,7040,-1153,14739
$$HAR,14:57:18,417248605,-931633703,12088420,4500415,0,9999,7128,-1156,14750
$$HAR,14:57:21,417248605,-931633703,12088420,4500415,0,9999,7219,-1159,14749
$$HAR,14:57:24,417248605,-931633703,12088420,4500415,0,9999,7314,-1162,14749
$$HAR,14:57:27,417248605,-931633703,12088420,4500415,0,9999,7411,-1165,14747
$$HAR,14:57:30,417248605,-931633703,12088420,4500415,0,9999,7510,-1168,14757
$$HAR,14:57:33,417248605,-931633703,12088420,4500415,0,9999,7604,-1171,14756
$$HAR,14:57:36,417248605,-931633703,12088420,4500415,0,9999,7695,-1175,14759
$$HAR,14:57:39,417248605,-931633703,12088420,4500415,0,9999,7783,-1178,14766
$$HAR,14:57:42,417248605,-931633703,12088420,4500415,0,9999,7871,-1182,14756
$$HAR,14:57:45,417248605,-931633703,12088420,4500415,0,9999,7954,-1185,14760
$$HAR,14:57:48,417248605,-931633703,12088420,4500415,0,9999,8039,-1189,14763
$$HAR,14:57:51,417248605,-931633703,12088420,4500415,0,9999,8123,-1192,14767
$$HAR,14:57:54,417248605,-931633703,12088420,4500415,0,9999,8206,-1196,14765
$$HAR,14:57:57,417248605,-931633703,12088420,4500415,0,9999,8289,-1199,14773
$$HAR,14:58:00,417248605,-931633703,12088420,4500415,0,9999,8371,-1203,14773
$$HAR,14:58:03,417248605,-931633703,12088420,4500415,0,9999,8455,-1206,14768
$$HAR,14:58:06,417248605,-931633703,12088420,4500415,0,9999,8541,-1209,14779
$$HAR,14:58:09,417248605,-931633703,12088420,4500415,0,9999,8626,-1212,14774
$$HAR,14:58:12,417248605,-931633703,12088420,4500415,0,9999,8711,-1215,14788
$$HAR,14:58:15,417248605,-931633703,12088420,4500415,0,9999,8795,-1219,14787
$$HAR,14:58:18,417248605,-931633703,12088420,4500415,0,9999,8879,-1222,14790
$$HAR,14:58:21,417248605,-931633703,12088420,4500415,0,9999,8960,-1226,14789
$$HAR,14:58:24,417248605,-931633703,12088420,4500415,0,9999,9045,-1229,14796
$$HAR,14:58:27,417248605,-931633703,12088420,4500415,0,9999,9130,-1232,14792
$$HAR,14:58:30,417248605,-931633703,12088420,4500415,0,9999,9215,-1236,14800
$$HAR,14:58:33,417248605,-931633703,12088420,4500415,0,9999,9303,-1239,14793
$$HAR,14:58:36,417248605,-931633703,12088420,4500415,0,9999,9390,-1243,14802
$$HAR,14:58:39,417248605,-931633703,12088420,4500415,0,9999,9474,-1246,14802
$$HAR,14:58:42,417248605,-931633703,12088420,4500415,0,9999,9560,-1250,14801
$$HAR,14:58:45,417248605,-931633703,12088420,4500415,0,9999,9643,-1254,14803
$$HAR,14:58:48,417248605,-931633703,12088420,4500415,0,9999,9734,-1257,14812
$$HAR,14:58:51,417248605,-931633703,12088420,4500415,0,9999,9826,-1261,14811
$$HAR,14:58:54,417248605,-931633703,12088420,4500415,0,9999,9918,-1264,14815
$$HAR,14:58:57,417248605,-931633703,12088420,4500415,0,9999,10010,-1268,14828
$$HAR,14:59:00,417248605,-931633703,12088420,4500415,0,9999,10106,-1271,14818
$$HAR,14:59:03,417248605,-931633703,12088420,4500415,0,9999,10201,-1275,14824
$$HAR,14:59:06,417248605,-931633703,12088420,4500415,0,9999,10299,-1279,14827
$$HAR,14:59:09,417248605,-931633703,12088420,4500415,0,9999,10396,-1283,14833
$$HAR,14:59:12,417248605,-931633703,12088420,4500415,0,9999,10494,-1287,14834
$$HAR,14:59:15,417248605,-931633703,12088420,4500415,0,9999,10587,-1290,14839
$$HAR,14:59:18,417248605,-931633703,12088420,4500415,0,9999,10679,-1294,14846
$$HAR,14:59:21,417248605,-931633703,12088420,4500415,0,9999,10772,-1297,14846
$$HAR,14:59:24,417248605,-931633703,12088420,4500415,0,9999,10867,-1300,14849
$$HAR,14:59:27,417248605,-931633703,12088420,4500415,0,9999,10960,-1303,14853
$$HAR,14:59:30,417248605,-931633703,12088420,4500415,0,9999,11056,-1306,14862
$$HAR,14:59:33,417248605,-931633703,12088420,4500415,0,9999,11152,-1309,14864
$$HAR,14:59:36,417248605,-931633703,12088420,4500415,0,9999,11249,-1312,14869
$$HAR,14:59:39,417248605,-931633703,12088420,4500415,0,9999,11344,-1315,14878
$$HAR,14:59:42,417248605,-931633703,12088420,4500415,0,9999,11447,-1317,14877
$$HAR,14:59:45,417248605,-931633703,12088420,4500415,0,9999,11547,-1320,14889
$$HAR,14:59:48,417248605,-931633703,12088420,4500415,0,9999,11650,-1323,14888
$$HAR,14:59:51,417248605,-931633703,12088420,4500415,0,9999,11760,-1326,14896
$$HAR,14:59:54,417248605,-931633703,12088420,4500415,0,9999,11867,-1329,14900
$$HAR,14:59:57,417248605,-931633703,12088420,4500415,0,9999,11973,-1332,14913
$$HAR,15:00:00,417248605,-931633703,12088420,4500415,0,9999,12080,-1335,14913
$$HAR,15:00:03,417248605,-931633703,12088420,4500415,0,9999,12187,-1338,14915
$$HAR,15:00:06,417248605,-931633703,12088420,4500415,0,9999,12294,-1341,14919
$$HAR,15:00:09,417248605,-931633703,12088420,4500415,0,9999,12402,-1343,14932
$$HAR,15:00:12,417248605,-931633703,12088420,4500415,0,9999,12512,-1346,14946
$$HAR,15:00:15,417248605,-931633703,12088420,4500415,0,9999,12624,-1349,14948
$$HAR,15:00:18,417248605,-931633703,12088420,4500415,0,9999,12739,-1352,14962
$$HAR,15:00:21,417248605,-931633703,12088420,4500415,0,9999,12860,-1355,14966
$$HAR,15:00:24,417248605,-931633703,12088420,4500415,0,9999,12980,-1358,14968
$$HAR,15:00:27,417248605,-931633703,12088420,4500415,0,9999,13104,-1361,14978
$$HAR,15:00:30,417248605,-931633703,12088420,4500415,0,9999,13223,-1364,14977
$$HAR,15:00:33,417248605,-931633703,12088420,4500415,0,9999,13342,-1367,14984
$$HAR,15:00:36,417248605,-931633703,12088420,4500415,0,9999,13458,-1370,14992
$$HAR,15:00:39,417248605,-931633703,12088420,4500415,0,9999,13571,-1373,14996
$$HAR,15:00:42,417248605,-931633703,12088420,4500415,0,9999,13683,-1376,15005
$$HAR,15:00:45,417248605,-931633703,12088420,4500415,0,9999,13797,-1379,15009
$$HAR,15:00:48,417248605,-931633703,12088420,4500415,0,9999,13912,-1382,15012
$$HAR,15:00:51,417248605,-931633703,12088420,4500415,0,9999,14025,-1385,15024
$$HAR,15:00:54,417248605,-931633703,12088420,4500415,0,9999,14144,-1388,15028
$$HAR,15:00:57,417248605,-931633703,12088420,4500415,0,9999,14262,-1391,15032
$$HAR,15:01:00,417248605,-931633703,12088420,4500415,0,9999,14380,-1394,15036
$$HAR,15:01:03,417248605,-931633703,12088420,4500415,0,9999,14499,-1397,15039
$$HAR,15:01:06,417248605,-931633703,12088420,4500415,0,9999,14623,-1400,15052
$$HAR,15:01:09,417248605,-931633703,12088420,4500415,0,9999,14742,-1404,15051
$$HAR,15:01:12,417248605,-931633703,12088420,4500415,0,9999,14861,-1407,15058
$$HAR,15:01:15,417248605,-931633703,12088420,4500415,0,9999,14979,-1409,15067
$$HAR,15:01:18,417248605,-931633703,12088420,4500415,0,9999,15099,-1412,15072
$$HAR,15:01:21,417248605,-931633703,12088420,4500415,0,9999,15214,-1415,15085
$$HAR,15:01:24,417248605,-931633703,12088420,4500415,0,9999,15341,-1418,15082
$$HAR,15:01:27,417248605,-931633703,12088420,4500415,0,9999,15466,-1421,15087
$$HAR,15:01:30,417248605,-931633703,12088420,4500415,0,9999,15591,-1424,15097
$$HAR,15:01:33,417248605,-931633703,12088420,4500415,0,9999,15716,-1427,15103
$$HAR,15:01:36,417248605,-931633703,12088420,4500415,0,9999,15844,-1430,15112
$$HAR,15:01:39,417248605,-931633703,12088420,4500415,0,9999,15971,-1433,15116
$$HAR,15:01:42,417248605,-931633703,12088420,4500415,0,9999,16098,-1435,15125
$$HAR,15:01:45,417248605,-931633703,12088420,4500415,0,9999,16224,-1438,15126
$$HAR,15:01:48,417248605,-931633703,12088420,4500415,0,9999,16351,-1441,15136
$$HAR,15:01:51,417248605,-931633703,12088420,4500415,0,9999,16476,-1444,15139
$$HAR,15:01:54,417248605,-931633703,12088420,4500415,0,9999,16600,-1447,15147
$$HAR,15:01:57,417248605,-931633703,12088420,4500415,0,9999,16729,-1450,15156
$$HAR,15:02:00,417248605,-931633703,12088420,4500415,0,9999,16854,-1453,15168
$$HAR,15:02:03,417248605,-931633703,12088420,4500415,0,9999,16988,-1455,15172
$$HAR,15:02:06,417248605,-931633703,12088420,4500415,0,9999,17122,-1459,15177
$$HAR,15:02:09,417248605,-931633703,12088420,4500415,0,9999,17254,-1461,15189
$$HAR,15:02:12,417248605,-931633703,12088420,4500415,0,9999,17387,-1464,15188
$$HAR,15:02:15,417248605,-931633703,12088420,4500415,0,9999,17520,-1468,15191
$$HAR,15:02:18,417248605,-931633703,12088420,4500415,0,9999,17658,-1471,15204
$$HAR,15:02:21,417248605,-931633703,12088420,4500415,0,9999,17802,-1475,15208
$$HAR,15:02:24,417248605,-931633703,12088420,4500415,0,9999,17947,-1478,15211
$$HAR,15:02:27,417248605,-931633703,12088420,4500415,0,9999,18090,-1482,15224
$$HAR,15:02:30,417248605,-931633703,12088420,4500415,0,9999,18234,-1485,15226
$$HAR,15:02:33,417248605,-931633703,12088420,4500415,0,9999,18378,-1489,15236
$$HAR,15:02:36,417248605,-931633703,12088420,4500415,0,9999,18517,-1492,15248
$$HAR,15:02:39,417248605,-931633703,12088420,4500415,0,9999,18653,-1496,15246
$$HAR,15:02:42,417248605,-931633703,12088420,4500415,0,9999,18793,-1499,15256
$$HAR,15:02:45,416209267,-931108431,12030316,14376722,37954,111,18936,-1502,15269
$$HAR,15:02:48,416200665,-931100596,11979470,14692420,38726,111,19091,-1506,15267
$$HAR,15:02:51,416192435,-931093043,11937161,14219082,38437,111,19246,-1509,15270
$$HAR,15:02:54,416184680,-931084949,11896223,14291892,35239,111,19396,-1513,15284
$$HAR,15:02:57,416177402,-931076956,11853472,14161486,34064,111,19542,-1517,15291
$$HAR,15:03:00,416169433,-931068492,11812462,14451764,38435,111,19688,-1521,15300
$$HAR,15:03:03,416161296,-931060142,11770294,14556194,37736,111,19829,-1524,15303
$$HAR,15:03:06,416152831,-931051779,11727208,14404332,37081,111,19969,-1527,15306
$$HAR,15:03:09,416144537,-931044026,11685152,14644902,38132,111,20115,-1531,15315
$$HAR,15:03:12,416137073,-931037063,11643738,14628324,33323,111,20259,-1534,15317
$$HAR,15:03:15,416129025,-931029777,11601324,14850548,37591,111,20403,-1538,15321
$$HAR,15:03:18,416120509,-931021767,11552655,14118140,40399,111,20544,-1541,15335
$$HAR,15:03:21,416111495,-931013250,11509261,14221108,40884,111,20691,-1545,15333
$$HAR,15:03:24,416103131,-931005030,11466909,14389918,39474,111,20842,-1549,15340
$$HAR,15:03:27,416094926,-930996464,11424572,14456688,39111,111,20993,-1552,15346
$$HAR,15:03:30,416086861,-930987579,11381818,14213564,38279,111,21140,-1556,15348
$$HAR,15:03:33,416078905,-930978351,11341076,13989490,38744,111,21285,-1560,15356
$$HAR,15:03:36,416070974,-930969506,11297297,14129952,38806,111,21432,-1563,15360
$$HAR,15:03:39,416062880,-930960045,11251011,13965024,37958,112,21580,-1566,15372
$$HAR,15:03:42,416054797,-930951349,11206332,14302228,37810,147,21731,-1569,15372
$$HAR,15:03:45,416047050,-930943071,11165763,14251140,39773,118,21881,-1573,15381
$$HAR,15:03:48,416039313,-930933587,11128348,13845852,38210,111,22033,-1577,15387
$$HAR,15:03:51,416031120,-930924414,11087864,14539306,39978,111,22178,-1580,15391
$$HAR,15:03:54,416022438,-930915524,11041677,14141722,40151,111,22322,-1583,15395
$$HAR,15:03:57,416014524,-930905762,10994937,13736582,39929,111,22475,-1587,15398
$$HAR,15:04:00,416006148,-930896002,10952268,13934252,42536,110,22623,-1591,15412
$$HAR,15:04:03,415998594,-930886752,10912964,13915572,37845,110,22779,-1594,15410
$$HAR,15:04:06,415991047,-930877233,10873555,13819942,41633,110,22935,-1598,15413
$$HAR,15:04:09,415983238,-930867390,10830441,13612668,38423,110,23090,-1602,15419
$$HAR,15:04:12,415976001,-930858545,10788924,13971634,36722,110,23242,-1606,15431
$$HAR,15:04:15,415968519,-930849709,10744649,13800006,37254,110,23401,-1610,15439
$$HAR,15:04:18,415960995,-930840518,10702509,13553550,35985,110,23559,-1614,15446
$$HAR,15:04:21,415953155,-930831450,10663595,13825278,40851,110,23718,-1618,15449
$$HAR,15:04:24,415945206,-930822338,10625850,13881510,40142,110,23875,-1622,15454
$$HAR,15:04:27,415937713,-930813613,10584454,13812786,34507,109,24030,-1626,15466
$$HAR,15:04:30,415928925,-930805455,10543769,14787496,42320,109,24186,-1630,15464
$$HAR,15:04:33,415920138,-930797511,10503717,14892052,38945,109,24337,-1634,15478
$$HAR,15:04:36,415911972,-930789191,10458316,14038482,36225,109,24496,-1638,15475
$$HAR,15:04:39,415904119,-930781124,10417161,14080346,39694,109,24661,-1642,15480
$$HAR,15:04:42,415896457,-930772547,10376288,13753592,40258,109,24826,-1646,15483
$$HAR,15:04:45,415888764,-930763116,10332926,13778564,37035,109,24988,-1649,15495
$$HAR,15:04:48,415880920,-930754938,10287140,14305450,38673,109,25153,-1653,15500
$$HAR,15:04:51,415873586,-930747479,10249937,14044468,32103,109,25319,-1656,15503
$$HAR,15:04:54,415866015,-930740302,10214573,14215904,34463,109,25485,-1660,15510
$$HAR,15:04:57,415858268,-930733062,10176611,13988190,34899,109,25645,-1664,15511
$$HAR,15:05:00,415850996,-930726460,10140049,14786018,29987,109,25803,-1668,15513
$$HAR,15:05:03,415844132,-930719475,10103186,14261228,31192,110,25960,-1671,15522
$$HAR,15:05:06,415836754,-930712080,10064524,14283008,35366,110,26115,-1675,15534
$$HAR,15:05:09,415829656,-930705281,10023297,14223682,30615,110,26270,-1678,15536
$$HAR,15:05:12,415822239,-930698232,9981324,14281462,36541,110,26431,-1682,15547
$$HAR,15:05:15,415814103,-930690939,9945964,14506740,36481,110,26595,-1685,15545
$$HAR,15:05:18,415807361,-930683703,9908890,13458426,32562,110,26756,-1689,15551
$$HAR,15:05:21,415801124,-930676607,9865821,14436488,30799,109,26912,-1692,15556
$$HAR,15:05:24,415794343,-930670542,9827115,14632750,30664,109,27079,-1696,15556
$$HAR,15:05:27,415786931,-930663802,9784207,14595296,33453,109,27245,-1700,15568
$$HAR,15:05:30,415779937,-930657609,9747548,14667240,33019,109,27416,-1704,15567
$$HAR,15:05:33,415773040,-930650917,9713666,14852736,30338,109,27584,-1707,15573
$$HAR,15:05:36,415765731,-930644874,9675560,14318598,33150,109,27747,-1711,15583
$$HAR,15:05:39,415758847,-930637937,9637496,14235740,33161,109,27910,-1715,15587
$$HAR,15:05:42,415751664,-930631546,9602350,14728198,29662,109,28073,-1719,15591
$$HAR,15:05:45,415745574,-930624539,9563815,13654250,30197,109,28233,-1723,15593
$$HAR,15:05:48,415738968,-930616743,9526214,13651802,31482,109,28399,-1726,15602
$$HAR,15:05:51,415732107,-930609292,9488649,13651304,32930,109,28567,-1730,15610
$$HAR,15:05:54,415725093,-930601679,9451707,14114972,31197,109,28731,-1734,15613
$$HAR,15:05:57,415718482,-930594816,9416723,14041260,32876,109,28896,-1737,15622
$$HAR,15:06:00,415711697,-930587291,9380935,13462942,34466,109,29056,-1741,15628
$$HAR,15:06:03,415704995,-930578764,9345871,14169636,32284,109,29215,-1744,15629
$$HAR,15:06:06,415698217,-930571302,9309093,14319686,31226,109,29375,-1748,15637
$$HAR,15:06:09,415691675,-930563944,9270399,14137332,29818,114,29535,-1751,15640
$$HAR,15:06:12,415685193,-930556878,9236012,13950708,33173,124,29693,-1755,15644
$$HAR,15:06:15,415678648,-930549619,9201416,14099632,34338,123,29854,-1759,15651
$$HAR,15:06:18,415672187,-930542146,9165779,13709884,34246,114,30012,-1762,15651
$$HAR,15:06:21,415665725,-930534327,9127815,14142554,34723,114,30169,-1765,15659
$$HAR,15:06:24,415659139,-930527309,9091158,14378358,33238,114,30334,-1769,15666
$$HAR,15:06:27,415652278,-930520511,9057235,13736542,31454,109,30497,-1772,15666
$$HAR,15:06:30,415645781,-930513520,9018234,13966962,29292,109,30658,-1776,15684
$$HAR,15:06:33,415639192,-930507480,8985287,14115876,27271,109,30821,-1779,15696
$$HAR,15:06:36,415632536,-930500917,8949793,14388180,29179,109,30983,-1783,15695
$$HAR,15:06:39,415625884,-930494252,8916639,14480142,28787,109,31148,-1786,15698
$$HAR,15:06:42,415619215,-930487645,8878869,14337752,30640,134,31307,-1788,15715
$$HAR,15:06:45,415612778,-930480427,8840743,13973210,32889,109,31474,-1791,15720
$$HAR,15:06:48,415606300,-930473044,8801303,13695416,31474,126,31639,-1793,15729
$$HAR,15:06:51,415600158,-930466065,8760294,14138448,30426,154,31813,-1795,15742
$$HAR,15:06:54,415593893,-930458840,8721303,13913400,29585,255,31992,-1797,15745
$$HAR,15:06:57,415588883,-930452003,8689660,13529948,27792,212,32168,-1800,15767
$$HAR,15:07:00,415583057,-930444698,8654814,13726656,29871,798,32343,-1802,15763
$$HAR,15:07:03,415576776,-930437751,8621781,14123936,30396,149,32517,-1803,15776
$$HAR,15:07:06,415570402,-930430972,8584321,14249300,30737,138,32688,-1806,15783
$$HAR,15:07:09,415563932,-930424099,8550558,13998984,27186,182,32862,-1808,15798
$$HAR,15:07:12,415558378,-930416856,8518679,13385822,29469,211,33027,-1811,15798
$$HAR,15:07:15,415552534,-930409725,8486994,13829028,28164,297,33193,-1814,15804
$$HAR,15:07:18,415547038,-930402268,8455253,13770642,27806,142,33358,-1818,15808
$$HAR,15:07:21,415540887,-930395026,8418919,14130708,29078,163,33525,-1821,15821
$$HAR,15:07:24,415534609,-930388033,8384762,14201268,30416,175,33689,-1824,15830
$$HAR,15:07:27,415528997,-930381393,8351577,14178758,29413,127,33853,-1827,15833
$$HAR,15:07:30,415523546,-930374758,8320512,13405052,27751,113,34017,-1830,15846
$$HAR,15:07:33,415518432,-930367947,8289320,13450108,27660,116,34182,-1833,15844
$$HAR,15:07:36,415513028,-930362582,8256327,14621720,24112,116,34344,-1836,15862
$$HAR,15:07:39,415507922,-930356801,8224793,13752232,24436,116,34511,-1839,15861
$$HAR,15:07:42,415503077,-930350135,8190029,13613670,24435,123,34674,-1842,15875
$$HAR,15:07:45,415498065,-930343755,8155575,13411600,24889,121,34837,-1845,15874
$$HAR,15:07:48,415492733,-930337539,8121983,13827016,26683,117,35004,-1848,15887
$$HAR,15:07:51,415487465,-930331032,8090470,13746910,25927,153,35172,-1851,15900
$$HAR,15:07:54,415481603,-930325081,8062553,14519812,27769,131,35334,-1854,15898
$$HAR,15:07:57,415476114,-930319351,8034070,14323174,24689,149,35496,-1857,15907
$$HAR,15:08:00,415470415,-930313651,8000153,14428646,27549,141,35659,-1859,15915
$$HAR,15:08:03,415464763,-930307905,7966073,14238268,26052,151,35820,-1861,15929
$$HAR,15:08:06,415459309,-930301663,7934577,14506894,25184,113,35984,-1864,15933
$$HAR,15:08:09,415453792,-930296752,7902388,14625358,23461,107,36148,-1866,15946
$$HAR,15:08:12,415448481,-930290356,7873798,13888764,26629,107,36312,-1868,15953
$$HAR,15:08:15,415442973,-930284272,7844867,14200856,24020,107,36476,-1870,15971
$$HAR,15:08:18,415437720,-930278461,7815970,14370786,24131,107,36633,-1873,15977
$$HAR,15:08:21,415432541,-930273107,7785261,14126696,22474,106,36794,-1875,15979
$$HAR,15:08:24,415427163,-930267513,7751135,13950296,23076,105,36955,-1877,15983
$$HAR,15:08:27,415422116,-930262543,7714676,13552150,23203,105,37119,-1879,15997
$$HAR,15:08:30,415417575,-930256714,7683112,14103024,21271,105,37291,-1881,16005
$$HAR,15:08:33,415412074,-930250898,7651277,14581586,28770,105,37464,-1883,16013
$$HAR,15:08:36,415406587,-930245318,7614972,14326000,24010,105,37636,-1885,16027
$$HAR,15:08:39,415401527,-930240424,7580311,14013100,24521,105,37813,-1888,16027
$$HAR,15:08:42,415395914,-930235063,7546401,14391920,23349,109,37989,-1890,16035
$$HAR,15:08:45,415390654,-930229496,7514876,13779136,25939,125,38173,-1893,16043
$$HAR,15:08:48,415385500,-930223900,7478198,13860924,25509,170,38352,-1895,16057
$$HAR,15:08:51,415380888,-930218717,7446095,14449858,22981,147,38540,-1897,16065
$$HAR,15:08:54,415375236,-930213346,7414009,14930832,27454,145,38727,-1900,16058
$$HAR,15:08:57,415370087,-930207565,7379763,13895360,25492,131,38908,-1902,16076
$$HAR,15:09:00,415365511,-930202326,7346693,14079450,20309,129,39094,-1904,16092
$$HAR,15:09:03,415360450,-930197014,7316675,13725130,23915,124,39282,-1907,16089
$$HAR,15:09:06,415355142,-930191439,7284292,14110066,23294,145,39467,-1910,16103
$$HAR,15:09:09,415350484,-930186307,7248526,14151356,21410,169,39653,-1912,16111
$$HAR,15:09:12,415345748,-930181269,7214052,14189070,22082,133,39840,-1914,16110
$$HAR,15:09:15,415341025,-930176416,7186172,14354810,21922,126,40023,-1917,16122
$$HAR,15:09:18,415336421,-930171413,7158642,14189964,21059,135,40200,-1919,16135
$$HAR,15:09:21,415331310,-930166671,7127665,14384120,25642,116,40376,-1921,16132
$$HAR,15:09:24,415326306,-930161912,7091398,14426822,23663,113,40552,-1923,16145
$$HAR,15:09:27,415321532,-930156869,7059924,13805528,20235,104,40730,-1925,16148
$$HAR,15:09:30,415316697,-930151742,7030324,14004008,22560,104,40908,-1926,16157
$$HAR,15:09:33,415311356,-930146773,7001864,14740450,23760,114,41083,-1928,16170
$$HAR,15:09:36,415306575,-930141727,6970075,13829614,22977,108,41254,-1929,16175
$$HAR,15:09:39,415301599,-930136680,6940140,14181212,26268,107,41430,-1930,16188
$$HAR,15:09:42,415296496,-930131603,6909444,13904802,21869,116,41609,-1932,16196
$$HAR,15:09:45,415291528,-930126636,6875504,14495414,21371,116,41786,-1933,16205
$$HAR,15:09:48,415286891,-930121594,6842207,14443674,21883,115,41967,-1934,16209
$$HAR,15:09:51,415282309,-930116311,6807490,13916864,24770,115,42153,-1935,16219
$$HAR,15:09:54,415277279,-930110933,6771073,14206378,25323,115,42346,-1936,16229
$$HAR,15:09:57,415272268,-930105485,6742891,14224240,23404,117,42540,-1937,16234
$$HAR,15:10:00,415266995,-930099890,6713606,14021458,22992,115,42727,-1938,16246
$$HAR,15:10:03,415262596,-930094153,6683863,14022152,22913,123,42912,-1940,16249
$$HAR,15:10:06,415257708,-930088917,6652080,14049682,22527,123,43096,-1941,16254
$$HAR,15:10:09,415252608,-930083287,6620683,14412554,24232,123,43280,-1942,16272
$$HAR,15:10:12,415247015,-930078644,6589875,14007158,23364,114,43464,-1944,16275
$$HAR,15:10:15,415241721,-930073192,6561030,13722466,24311,106,43646,-1945,16284
$$HAR,15:10:18,415236315,-930068487,6531077,15094402,21158,106,43829,-1947,16288
$$HAR,15:10:21,415230956,-930063501,6498020,14801904,25875,106,44010,-1948,16297
$$HAR,15:10:24,415225139,-930057749,6465802,13995148,23789,106,44199,-1949,16301
$$HAR,15:10:27,415219381,-930052585,6435362,14562454,27138,106,44387,-1951,16314
$$HAR,15:10:30,415214503,-930047839,6404552,14173588,21905,106,44574,-1952,16315
$$HAR,15:10:33,415209192,-930043091,6374890,13730740,23311,106,44761,-1954,16333
$$HAR,15:10:36,415204217,-930037155,6345161,14664420,24990,106,44949,-1955,16338
$$HAR,15:10:39,415198727,-930031972,6311263,14272858,26162,106,45136,-1957,16345
$$HAR,15:10:42,415193312,-930027048,6278992,14582514,26718,106,45328,-1958,16354
$$HAR,15:10:45,415187923,-930022295,6248645,14628342,26383,110,45521,-1959,16368
$$HAR,15:10:48,415182474,-930016880,6219000,14499818,23545,105,45712,-1961,16368
$$HAR,15:10:51,415176720,-930011507,6190504,14620016,29906,120,45905,-1962,16386
$$HAR,15:10:54,415170868,-930006471,6162056,14748330,26369,105,46091,-1963,16398
$$HAR,15:10:57,415165460,-930001538,6132256,14270272,24864,105,46279,-1964,16398
$$HAR,15:11:00,415159751,-929997621,6101902,14913120,22731,105,46468,-1965,16406
$$HAR,15:11:03,415154804,-929992267,6071843,14574696,22633,105,46657,-1967,16415
$$HAR,15:11:06,415149044,-929987461,6038666,15282938,26444,105,46846,-1968,16421
$$HAR,15:11:09,415143633,-929983006,6004025,14957564,22397,121,47041,-1969,16428
$$HAR,15:11:12,415137974,-929978931,5969111,14965484,22997,130,47245,-1971,16439
$$HAR,15:11:15,415132628,-929974456,5936008,15401386,24226,127,47448,-1972,16452
$$HAR,15:11:18,415126954,-929970482,5904733,15695352,25141,110,47663,-1972,16461
$$HAR,15:11:21,415121105,-929966292,5875678,15398236,23658,112,47872,-1973,16479
$$HAR,15:11:24,415115150,-929961985,5842570,15459280,26394,110,48078,-1973,16492
$$HAR,15:11:27,415109343,-929957941,5808830,14917554,23184,110,48285,-1973,16506
$$HAR,15:11:30,415103656,-929954113,5775954,15241988,21920,110,48498,-1973,16516
$$HAR,15:11:33,415097601,-929950258,5744618,15419604,24423,110,48715,-1973,16530
$$HAR,15:11:36,415092011,-929946325,5711996,15798146,23814,115,48925,-1973,16548
$$HAR,15:11:39,415086284,-929942741,5679726,15419178,25498,110,49135,-1973,16562
$$HAR,15:11:42,415080771,-929938785,5646414,14800408,22918,110,49351,-1973,16572
$$HAR,15:11:45,415075622,-929935445,5613780,15776488,21785,110,49567,-1973,16584
$$HAR,15:11:48,415070027,-929932142,5580472,15771346,23467,112,49785,-1973,16594
$$HAR,15:11:51,415065003,-929928682,5548539,15086578,21351,112,50002,-1972,16603
$$HAR,15:11:54,415060013,-929925719,5515627,15686756,18808,110,50220,-1972,16613
$$HAR,15:11:57,415054774,-929922593,5481713,15930750,21426,110,50441,-1971,16627
$$HAR,15:12:00,415049773,-929919159,5448980,15369624,23000,110,50658,-1971,16641
$$HAR,15:12:03,415044826,-929915580,5417641,14603906,22397,110,50879,-1970,16660
$$HAR,15:12:06,415039739,-929911846,5386938,14731432,21304,109,51104,-1969,16672
$$HAR,15:12:09,415034958,-929908102,5354233,15021800,22761,109,51322,-1968,16691
$$HAR,15:12:12,415029721,-929903797,5321986,14919080,21072,109,51540,-1967,16699
$$HAR,15:12:15,415025491,-929899819,5289360,14510320,18379,109,51759,-1966,16705
$$HAR,15:12:18,415021346,-929896175,5258876,14339262,19117,109,51980,-1965,16733
$$HAR,15:12:21,415016737,-929891930,5226702,14739166,20227,107,52203,-1964,16734
$$HAR,15:12:24,415012499,-929887873,5196489,14953404,17493,107,52428,-1963,16748
$$HAR,15:12:27,415008254,-929883035,5164187,13629460,22544,107,52652,-1962,16762
$$HAR,15:12:30,415004287,-929878558,5132218,13785212,17481,107,52879,-1961,16776
$$HAR,15:12:33,414999407,-929874662,5100399,14546624,21279,121,53105,-1960,16786
$$HAR,15:12:36,414995228,-929870532,5069350,13689386,19651,105,53323,-1960,16809
$$HAR,15:12:39,414991173,-929867285,5039765,15572020,18027,113,53544,-1958,16814
$$HAR,15:12:42,414987196,-929863857,5006760,14502034,18405,104,53761,-1958,16833
$$HAR,15:12:45,414983249,-929860878,4973689,15358944,16068,104,53980,-1957,16838
$$HAR,15:12:48,414979167,-929857707,4938015,15197122,17204,104,54205,-1957,16856
$$HAR,15:12:51,414975042,-929854585,4900151,14538566,18497,104,54430,-1956,16865
$$HAR,15:12:54,414971209,-929851215,4868997,14775124,15649,104,54673,-1956,16884
$$HAR,15:12:57,414967493,-929848063,4837000,14531330,16391,104,54913,-1955,16894
$$HAR,15:13:00,414963925,-929844856,4806125,14318472,16335,112,55150,-1954,16903
$$HAR,15:13:03,414960532,-929841586,4775074,14313216,15894,112,55385,-1953,16928
$$HAR,15:13:06,414957294,-929838212,4744374,14400316,15528,112,55619,-1952,16936
$$HAR,15:13:09,414954017,-929834831,4713490,14466338,16294,104,55852,-1951,16940
$$HAR,15:13:12,414950654,-929831431,4682470,14461796,15718,113,56083,-1950,16963
$$HAR,15:13:15,414947261,-929827804,4650964,13971768,15310,104,56312,-1949,16973
$$HAR,15:13:18,414943875,-929824107,4620244,14007376,16132,119,56543,-1948,16992
$$HAR,15:13:21,414940384,-929820524,4591013,13895982,17170,104,56770,-1947,16997
$$HAR,15:13:24,414936853,-929816887,4560275,14061484,16853,104,56999,-1946,17007
$$HAR,15:13:27,414933487,-929813586,4529230,14554408,15690,104,57225,-1945,17026
$$HAR,15:13:30,414930139,-929810483,4498471,14769514,15774,102,57456,-1944,17039
$$HAR,15:13:33,414926873,-929807349,4468058,14533548,14458,102,57685,-1943,17053
$$HAR,15:13:36,414923742,-929804111,4437709,14067518,13882,104,57916,-1941,17082
$$HAR,15:13:39,414920602,-929800868,4407893,14052318,14588,102,58143,-1940,17082
$$HAR,15:13:42,414917476,-929797671,4378056,13931982,13843,102,58377,-1939,17111
$$HAR,15:13:45,414914405,-929794343,4346443,14140980,15501,102,58604,-1938,17130
$$HAR,15:13:48,414911358,-929791109,4314903,14404754,13971,108,58835,-1936,17131
$$HAR,15:13:51,414908461,-929787748,4284140,13695368,13393,108,59068,-1935,17153
$$HAR,15:13:54,414905554,-929784384,4253062,13623024,14741,108,59303,-1933,17158
$$HAR,15:13:57,414902715,-929780976,4223577,13774258,14737,101,59538,-1931,17178
$$HAR,15:14:00,414899508,-929777966,4193404,14160344,13799,109,59772,-1930,17196
$$HAR,15:14:03,414896785,-929774901,4164434,14359860,14022,107,60003,-1928,17201
$$HAR,15:14:06,414893987,-929771702,4135253,14264606,12922,101,60238,-1926,17225
$$HAR,15:14:09,414891397,-929768631,4106623,14399608,12831,101,60471,-1924,17236
$$HAR,15:14:12,414888840,-929765635,4076909,13995298,12140,101,60701,-1921,17256
$$HAR,15:14:15,414886299,-929762610,4047618,14151734,12171,101,60934,-1919,17272
$$HAR,15:14:18,414883682,-929759652,4018558,14051132,11686,101,61161,-1917,17278
$$HAR,15:14:21,414881158,-929756890,3989544,13926342,11555,101,61391,-1915,17307
$$HAR,15:14:24,414878706,-929754317,3960399,13823852,12110,101,61621,-1913,17313
$$HAR,15:14:27,414876251,-929751729,3931333,14261792,12190,101,61853,-1911,17328
$$HAR,15:14:30,414873789,-929749253,3901919,14626350,11693,101,62086,-1908,17347
$$HAR,15:14:33,414871405,-929746784,3872439,14390206,10944,105,62317,-1906,17366
$$HAR,15:14:36,414868983,-929744253,3843520,14210364,11114,105,62549,-1904,17372
$$HAR,15:14:39,414866495,-929741548,3814391,13874380,11236,101,62782,-1902,17385
$$HAR,15:14:42,414864102,-929738785,3785648,13440968,11815,110,63017,-1900,17394
$$HAR,15:14:45,414861616,-929735985,3756340,14106712,12639,110,63251,-1897,17415
$$HAR,15:14:48,414859210,-929733286,3727599,13885800,12387,101,63486,-1895,17430
$$HAR,15:14:51,414856846,-929730626,3698762,13974838,12104,104,63721,-1892,17444
$$HAR,15:14:54,414854475,-929727851,3670127,13794626,12546,101,63955,-1890,17464
$$HAR,15:14:57,414851973,-929725066,3641396,13973032,12488,101,64185,-1887,17481
$$HAR,15:15:00,414849599,-929722362,3612489,14180838,12104,101,64421,-1884,17501
$$HAR,15:15:03,414847193,-929719660,3583784,14400960,11666,101,64658,-1882,17508
$$HAR,15:15:06,414844954,-929717040,3555869,14328124,11411,109,64893,-1879,17523
$$HAR,15:15:09,414842701,-929714440,3527896,14111570,10014,109,65127,-1876,17537
$$HAR,15:15:12,414840520,-929711631,3499666,13796788,10380,109,65360,-1874,17548
$$HAR,15:15:15,414838260,-929709010,3471934,13636366,10442,109,65596,-1871,17562
$$HAR,15:15:18,414835933,-929706302,3444318,13563400,11041,101,65829,-1868,17585
$$HAR,15:15:21,414833630,-929703614,3416273,13734890,11286,101,66066,-1866,17601
$$HAR,15:15:24,414831441,-929700911,3389002,13335002,10547,100,66302,-1863,17615
$$HAR,15:15:27,414829187,-929698265,3360660,13615886,11207,100,66537,-1860,17626
$$HAR,15:15:30,414826946,-929695809,3332903,14029790,11149,100,66773,-1857,17646
$$HAR,15:15:33,414824734,-929693508,3305211,13865464,10745,100,67010,-1855,17659
$$HAR,15:15:36,414822425,-929691102,3277945,13732216,11748,100,67239,-1852,17679
$$HAR,15:15:39,414820060,-929688827,3249186,14625452,11513,100,67474,-1849,17684
$$HAR,15:15:42,414817694,-929686776,3220397,15192536,10319,100,67716,-1846,17706
$$HAR,15:15:45,414815362,-929684688,3191444,14312138,9500,100,67953,-1843,17723
$$HAR,15:15:48,414812958,-929682654,3163160,14608268,10960,100,68195,-1840,17720
$$HAR,15:15:51,414810584,-929680766,3135323,14937160,11070,100,68436,-1837,17758
$$HAR,15:15:54,414808258,-929678939,3107756,15141618,9778,100,68679,-1834,17763
$$HAR,15:15:57,414806135,-929677014,3079997,14619828,9571,106,68921,-1831,17789
$$HAR,15:16:00,414804109,-929674926,3052607,14720626,9432,100,69160,-1827,17794
$$HAR,15:16:03,414802026,-929672769,3024798,14105808,8832,100,69404,-1823,17817
$$HAR,15:16:06,414799921,-929670447,2997586,13738464,9662,100,69641,-1820,17828
$$HAR,15:16:09,414797841,-929668566,2969684,13404082,9655,109,69881,-1816,17854
$$HAR,15:16:12,414796078,-929666141,2942809,12987326,8786,100,70121,-1813,17869
$$HAR,15:16:15,414794456,-929663921,2915607,12985472,8333,100,70364,-1809,17889
$$HAR,15:16:18,414792699,-929661628,2887965,13694934,9299,100,70602,-1805,17907
$$HAR,15:16:21,414790944,-929659541,2861149,13742480,9031,100,70843,-1802,17919
$$HAR,15:16:24,414789123,-929657562,2833562,14383470,9850,108,71081,-1798,17947
$$HAR,15:16:27,414787316,-929655574,2806683,14256196,9229,126,71317,-1794,17954
$$HAR,15:16:30,414785456,-929653547,2779877,14768994,9671,122,71559,-1790,17974
$$HAR,15:16:33,414783583,-929651646,2752255,14329392,8085,110,71796,-1786,17984
$$HAR,15:16:36,414781690,-929649502,2725215,13603644,8971,102,72040,-1783,18004
$$HAR,15:16:39,414779821,-929647270,2698256,13494040,9004,111,72285,-1778,18020
$$HAR,15:16:42,414777995,-929645223,2671836,13922564,9177,101,72527,-1774,18043
$$HAR,15:16:45,414776210,-929643283,2645442,13593222,9236,101,72771,-1770,18059
$$HAR,15:16:48,414774491,-929641165,2618715,14002714,9851,101,73014,-1766,18081
$$HAR,15:16:51,414772674,-929638873,2592192,13713820,9303,101,73254,-1762,18105
$$HAR,15:16:54,414770923,-929636441,2565978,14079894,9673,101,73496,-1758,18118
$$HAR,15:16:57,414769149,-929633792,2538208,12738282,9458,101,73741,-1754,18129
$$HAR,15:17:00,414767400,-929630938,2510276,12828920,11347,101,73987,-1749,18150
$$HAR,15:17:03,414765647,-929628110,2482772,13327092,9861,109,74233,-1745,18181
$$HAR,15:17:06,414764060,-929625318,2455278,12439146,9071,101,74486,-1741,18190
$$HAR,15:17:09,414762447,-929622562,2429244,12654370,9280,101,74738,-1737,18211
$$HAR,15:17:12,414760842,-929619835,2403137,12417418,10326,111,74983,-1733,18236
$$HAR,15:17:15,414759301,-929617079,2377747,12155562,9494,110,75233,-1729,18246
$$HAR,15:17:18,414757838,-929614553,2351661,12764432,8790,110,75477,-1724,18271
$$HAR,15:17:21,414756466,-929612156,2326039,12727286,8592,120,75726,-1719,18287
$$HAR,15:17:24,414755183,-929609593,2300395,13033134,8718,107,75972,-1715,18298
$$HAR,15:17:27,414754018,-929606973,2275440,12558938,8411,109,76216,-1711,18317
$$HAR,15:17:30,414752980,-929604353,2249620,12319626,8601,109,76460,-1706,18343
$$HAR,15:17:33,414751955,-929601807,2223825,12318196,7325,109,76708,-1702,18354
$$HAR,15:17:36,414750923,-929599469,2198563,12284170,6336,102,76945,-1697,18379
$$HAR,15:17:39,414749904,-929597194,2172744,11412486,6991,102,77189,-1693,18408
$$HAR,15:17:42,414748803,-929594962,2147125,11900728,7519,102,77433,-1688,18423
$$HAR,15:17:45,414747823,-929592950,2121305,12365848,7603,102,77683,-1684,18440
$$HAR,15:17:48,414746871,-929591030,2096108,12668340,6418,102,77927,-1679,18454
$$HAR,15:17:51,414745996,-929589503,2070010,13744624,5593,114,78173,-1675,18470
$$HAR,15:17:54,414745196,-929588043,2044841,13267066,4452,114,78419,-1670,18492
$$HAR,15:17:57,414744421,-929586713,2019745,13182418,4079,102,78664,-1666,18512
$$HAR,15:18:00,414743768,-929585522,1994156,13733364,3470,102,78910,-1661,18536
$$HAR,15:18:03,414743193,-929584274,1968822,11299228,3501,102,79158,-1656,18556
$$HAR,15:18:06,414742588,-929583026,1943209,11124478,4699,102,79410,-1651,18574
$$HAR,15:18:09,414741871,-929581689,1917559,12477852,4562,102,79656,-1647,18595
$$HAR,15:18:12,414741225,-929580477,1892671,12539560,5053,102,79908,-1642,18614
$$HAR,15:18:15,414740449,-929579151,1867409,13039820,5498,102,80156,-1637,18634
$$HAR,15:18:18,414739748,-929577757,1842232,12529284,4792,102,80404,-1631,18650
$$HAR,15:18:21,414739144,-929576177,1817162,12919174,4815,102,80655,-1627,18674
$$HAR,15:18:24,414738648,-929574528,1792072,10066788,4020,102,80903,-1622,18696
$$HAR,15:18:27,414738340,-929573030,1767002,11296596,4014,102,81152,-1617,18721
$$HAR,15:18:30,414737993,-929571487,1741867,9353446,5021,102,81404,-1612,18746
$$HAR,15:18:33,414737706,-929569801,1716191,9960004,5488,102,81652,-1607,18761
$$HAR,15:18:36,414737297,-929568070,1690107,11649430,5528,104,81903,-1602,18779
$$HAR,15:18:39,414737024,-929566315,1665272,10794514,4773,102,82153,-1598,18801
$$HAR,15:18:42,414736844,-929564354,1640495,9936428,5277,102,82407,-1593,18827
$$HAR,15:18:45,414736739,-929562281,1616186,10221346,5610,102,82662,-1588,18848
$$HAR,15:18:48,414736610,-929560328,1590631,9517582,5143,118,82910,-1583,18867
$$HAR,15:18:51,414736645,-929558490,1564890,8546152,5423,162,83162,-1578,18892
$$HAR,15:18:54,414736684,-929556738,1539999,7594150,4467,142,83420,-1572,18910
$$HAR,15:18:57,414736764,-929554857,1514572,7980672,5371,113,83674,-1567,18928
$$HAR,15:19:00,414736958,-929553101,1489647,8450808,5351,123,83930,-1562,18965
$$HAR,15:19:03,414737229,-929551519,1464358,8689894,4489,113,84184,-1557,18980
$$HAR,15:19:06,414737562,-929550049,1439280,7250172,3306,113,84440,-1552,19012
$$HAR,15:19:09,414737873,-929548700,1414308,5830291,4101,101,84700,-1547,19035
$$HAR,15:19:12,414738291,-929547183,1389301,6212216,4201,101,84962,-1542,19062
$$HAR,15:19:15,414738577,-929545871,1364037,6290903,3908,113,85222,-1537,19083
$$HAR,15:19:18,414738836,-929544555,1339181,6561099,3928,113,85480,-1531,19099
$$HAR,15:19:21,414739072,-929543280,1314021,6268069,4141,113,85738,-1526,19129
$$HAR,15:19:24,414739344,-929542024,1289276,6971046,4113,113,86000,-1520,19145
$$HAR,15:19:27,414739810,-929540648,1264414,6500532,4546,113,86260,-1514,19170
$$HAR,15:19:30,414740357,-929539275,1239775,6150276,5395,113,86518,-1508,19201
$$HAR,15:19:33,414741240,-929537833,1215102,5388043,5072,113,86782,-1503,19217
$$HAR,15:19:36,414742437,-929536569,1190319,3633110,5006,113,87040,-1497,19248
$$HAR,15:19:39,414743694,-929535603,1165655,1179764,5728,113,87301,-1491,19275
$$HAR,15:19:42,414745067,-929534794,1140897,1432604,5491,113,87567,-1485,19280
$$HAR,15:19:45,414746562,-929534123,1116311,1509976,6544,118,87827,-1480,19311
$$HAR,15:19:48,414747950,-929533296,1091252,3131620,6569,118,88089,-1474,19337
$$HAR,15:19:51,414749389,-929532424,1067055,2739937,6025,118,88357,-1468,19363
$$HAR,15:19:54,414750797,-929531754,1042862,2388682,4962,113,88617,-1462,19389
$$HAR,15:19:57,414752213,-929531224,1018615,886166,5338,113,88884,-1456,19412
$$HAR,15:20:00,414753718,-929530815,994480,564864,6255,113,89148,-1450,19431
$$HAR,15:20:03,414755244,-929530205,970534,1588737,6800,113,89412,-1444,19457
$$HAR,15:20:06,414756857,-929529753,947172,1340492,6127,113,89676,-1438,19477
$$HAR,15:20:09,414758289,-929529457,923441,1254533,5397,112,89938,-1432,19508
$$HAR,15:20:12,414759840,-929529118,899879,2305619,4921,133,90199,-1426,19541
$$HAR,15:20:15,414761461,-929528813,875659,32216,5729,136,90459,-1420,19556
$$HAR,15:20:18,414763221,-929528371,852346,818276,5536,143,90722,-1414,19577
$$HAR,15:20:21,414765027,-929528012,829455,572393,7200,132,90982,-1407,19612
$$HAR,15:20:24,414766906,-929527455,806212,901839,7664,132,91242,-1401,19630
$$HAR,15:20:27,414768868,-929526871,783506,917203,8793,132,91503,-1395,19657
$$HAR,15:20:30,414770980,-929526465,760664,787320,8346,132,91759,-1388,19677
$$HAR,15:20:33,414773084,-929526222,737805,955348,8255,132,92020,-1382,19700
$$HAR,15:20:36,414775275,-929526084,714158,507519,7840,132,92282,-1375,19725
$$HAR,15:20:39,414777433,-929526082,690934,235706,7022,132,92539,-1368,19762
$$HAR,15:20:42,414779454,-929526360,667807,35024164,7071,132,92803,-1362,19784
$$HAR,15:20:45,414781509,-929526594,644809,35033348,8018,132,93064,-1355,19800
$$HAR,15:20:48,414783812,-929526894,622151,34880592,8808,132,93324,-1349,19821
$$HAR,15:20:51,414786306,-929527204,598299,35332600,10207,132,93587,-1343,19852
$$HAR,15:20:54,414788925,-929527371,573690,35971428,10160,132,93847,-1336,19869
$$HAR,15:20:57,414791415,-929527452,549421,120339,9312,132,94122,-1330,19897
$$HAR,15:21:00,414793825,-929527468,529350,35633716,9526,132,94390,-1323,19916
$$HAR,15:21:03,414796136,-929527636,506119,35563020,7927,152,94645,-1316,19945
$$HAR,15:21:06,414797817,-929528047,480359,34392780,5897,112,94910,-1310,19969
$$HAR,15:21:09,414799336,-929528606,457125,34720884,4894,112,95180,-1303,19992
$$HAR,15:21:12,414800559,-929529103,433946,34820692,3704,112,95449,-1297,20019
$$HAR,15:21:15,414801803,-929529465,411373,34270828,4566,112,95721,-1290,20045
$$HAR,15:21:18,414803142,-929529902,386736,33866524,5991,112,95988,-1284,20072
$$HAR,15:21:21,414804551,-929530172,360701,35365196,5912,112,96264,-1278,20085
$$HAR,15:21:24,414806047,-929530448,335214,35730508,5542,112,96543,-1271,20115
$$HAR,15:21:27,414807546,-929530967,309812,34621436,5644,112,96829,-1265,20147
$$HAR,15:21:30,414809117,-929531639,285210,34174056,6426,112,97119,-1258,20162
$$HAR,15:21:33,414810857,-929532857,260896,32953712,8524,114,97406,-1252,20189
$$HAR,15:21:36,414812463,-929534063,235049,32781230,5063,112,97696,-1245,20219
$$HAR,15:21:39,414813592,-929534713,219021,33948340,1215,134,97987,-1238,20235
$$HAR,15:21:42,414813519,-929534550,221134,33948340,588,121,98216,-1230,20268
$$HAR,15:21:45,414813473,-929534459,221885,33948340,261,121,98391,-1222,20306
$$HAR,15:21:48,414813409,-929534394,222135,33948340,75,121,98528,-1214,20330
$$HAR,15:21:51,414813331,-929534294,222336,33948340,98,121,98620,-1207,20364
$$HAR,15:21:54,414813260,-929534253,222900,33948340,66,121,98691,-1201,20388
$$HAR,15:21:57,414813189,-929534230,223261,33948340,115,122,98754,-1194,20407
$$HAR,15:22:00,414813122,-929534227,223749,33948340,88,121,98793,-1188,20434
$$HAR,15:22:03,414813072,-929534195,223994,33948340,69,121,98822,-1183,20459
$$HAR,15:22:06,414813039,-929534138,224377,33948340,84,121,98848,-1177,20488
$$HAR,15:22:09,414812998,-929534110,224946,33948340,131,121,98864,-1172,20503
$$HAR,15:22:12,414812940,-929534013,224924,33948340,452,117,98875,-1168,20540
$$HAR,15:22:15,414812893,-929533979,225156,33948340,147,117,98887,-1163,20559
$$HAR,15:22:18,414812870,-929533947,225384,33948340,135,117,98895,-1158,20581
$$HAR,15:22:21,414812843,-929533922,225907,33948340,130,117,98899,-1154,20603
$$HAR,15:22:24,414812830,-929533923,226638,33948340,103,117,98903,-1149,20622
$$HAR,15:22:27,414812822,-929533917,227219,33948340,255,117,98907,-1145,20644
$$HAR,15:22:30,414812812,-929533909,227658,33948340,167,117,98909,-1141,20660
$$HAR,15:22:33,414812793,-929533911,227765,33948340,44,117,98911,-1136,20687
$$HAR,15:22:36,414812782,-929533922,228005,33948340,62,117,98911,-1132,20701
$$HAR,15:22:39,414812762,-929533908,227869,33948340,201,117,98915,-1127,20728
$$HAR,15:22:42,414812755,-929533871,227741,33948340,313,117,98913,-1123,20746
$$HAR,15:22:45,414812748,-929533844,227553,33948340,119,110,98913,-1119,20764
$$HAR,15:22:48,414812730,-929533816,227291,33948340,113,110,98913,-1114,20777
$$HAR,15:22:51,414812722,-929533800,227452,33948340,131,110,98913,-1110,20804
$$HAR,15:22:54,414812691,-929533789,227456,33948340,195,110,98916,-1106,20821
$$HAR,15:22:57,414812648,-929533724,227149,1122518,588,110,98915,-1101,20835
$$HAR,15:23:00,414812603,-929533647,226647,1122518,352,110,98915,-1097,20857
$$HAR,15:23:03,414812573,-929533597,226363,1122518,179,109,98913,-1093,20870
$$HAR,15:23:06,414812560,-929533606,226359,1122518,110,109,98918,-1089,20889
$$HAR,15:23:09,414812555,-929533606,226429,1122518,106,109,98916,-1085,20905
$$HAR,15:23:12,414812555,-929533628,226660,1122518,199,109,98915,-1081,20922
$$HAR,15:23:15,414812550,-929533638,226733,1122518,102,109,98915,-1077,20945
$$HAR,15:23:18,414812539,-929533631,226569,1122518,87,109,98918,-1073,20960
$$HAR,15:23:21,414812541,-929533662,226764,1122518,92,109,98916,-1068,20970
$$HAR,15:23:24,414812533,-929533697,226888,1122518,24,109,98918,-1064,20988
$$HAR,15:23:27,414812523,-929533688,226914,1122518,172,109,98916,-1060,21004
$$HAR,15:23:30,414812528,-929533691,227050,1122518,172,109,98918,-1056,21015
$$HAR,15:23:33,414812531,-929533709,227029,1122518,179,109,98916,-1052,21035
$$HAR,15:23:36,414812536,-929533723,226969,1122518,189,109,98918,-1047,21057
$$HAR,15:23:39,414812538,-929533723,226951,1122518,40,109,98916,-1043,21068
$$HAR,15:23:42,414812639,-929533570,225965,1122518,1093,117,98920,-1039,21089
$$HAR,15:23:45,414812685,-929533486,225211,1122518,322,121,98918,-1035,21101
$$HAR,15:23:48,414812669,-929533444,225348,1122518,175,109,98916,-1031,21114
$$HAR,15:23:51,414812652,-929533468,225654,1122518,64,109,98916,-1026,21135
$$HAR,15:23:54,414812630,-929533465,225760,1122518,96,109,98916,-1022,21145
$$HAR,15:23:57,414812617,-929533474,225888,1122518,87,109,98918,-1018,21156
$$HAR,15:24:00,414812616,-929533486,226097,1122518,177,109,98916,-1014,21178
$$HAR,15:24:03,414812614,-929533483,226046,1122518,286,109,98916,-1009,21199
$$HAR,15:24:06,414812606,-929533521,226334,1122518,74,109,98916,-1005,21205
$$HAR,15:24:09,414812591,-929533530,226505,1122518,111,109,98916,-1001,21218
$$HAR,15:24:12,414812587,-929533581,226966,1122518,62,108,98918,-997,21240
$$HAR,15:24:15,414812588,-929533589,227302,1122518,262,108,98916,-992,21251
$$HAR,15:24:18,414812593,-929533620,227758,1122518,85,108,98916,-988,21272
$$HAR,15:24:21,414812592,-929533660,227911,1122518,204,108,98920,-983,21284
$$HAR,15:24:24,414812590,-929533703,228337,1122518,63,108,98918,-979,21295
$$HAR,15:24:27,414812588,-929533745,228625,1122518,91,108,98918,-975,21311
$$HAR,15:24:30,414812589,-929533780,228947,1122518,30,108,98916,-970,21322
$$HAR,15:24:33,414812590,-929533810,229173,1122518,13,108,98918,-966,21341
$$HAR,15:24:36,414812590,-929533815,229341,1122518,90,108,98916,-961,21357
$$HAR,15:24:39,414812584,-929533806,229360,1122518,9,108,98916,-956,21363
$$HAR,15:24:42,414812596,-929533824,229793,1122518,111,108,98915,-952,21385
$$HAR,15:24:45,414812595,-929533800,229830,1122518,205,108,98918,-947,21395
$$HAR,15:24:48,414812587,-929533824,229814,1122518,121,108,98916,-943,21406
$$HAR,15:24:51,414812586,-929533807,229667,1122518,368,108,98918,-938,21428
$$HAR,15:24:54,414812579,-929533825,229635,1122518,83,108,98916,-933,21443
$$HAR,15:24:57,414812560,-929533836,229462,1122518,85,108,98918,-928,21455
$$HAR,15:25:00,414812554,-929533867,229469,1122518,115,108,98918,-924,21474
$$HAR,15:25:03,414812558,-929533900,229838,1122518,65,108,98916,-919,21493
$$HAR,15:25:06,414812552,-929533919,229825,1122518,110,108,98918,-914,21499
$$HAR,15:25:09,414812545,-929533890,229914,1122518,358,108,98918,-910,21508
$$HAR,15:25:12,414812547,-929533891,230121,1122518,62,108,98918,-905,21525
$$HAR,15:25:15,414812544,-929533894,229860,1122518,101,108,98920,-900,21542
$$HAR,15:25:18,414812554,-929533891,229910,1122518,46,108,98918,-895,21549
$$HAR,15:25:21,414812542,-929533859,229635,1122518,154,108,98920,-891,21575
$$HAR,15:25:24,414812529,-929533810,229330,1122518,140,108,98918,-886,21588
$$HAR,15:25:27,414812521,-929533800,228922,1122518,130,108,98920,-881,21601
$$HAR,15:25:30,414812517,-929533795,228870,1122518,229,108,98920,-877,21619
$$HAR,15:25:33,414812519,-929533779,228788,1122518,220,108,98920,-872,21627
$$HAR,15:25:36,414812524,-929533803,228914,1122518,59,108,98920,-867,21641
$$HAR,15:25:39,414812528,-929533817,229259,1122518,152,108,98918,-862,21651
$$HAR,15:25:42,414812525,-929533839,229364,1122518,183,108,98920,-858,21666
$$HAR,15:25:45,414812522,-929533844,229363,1122518,98,108,98922,-853,21686
$$HAR,15:25:48,414812512,-929533833,229040,1122518,34,108,98920,-848,21699
$$HAR,15:25:51,414812514,-929533805,228737,1122518,151,108,98920,-843,21713
$$HAR,15:25:54,414812508,-929533785,228554,1122518,131,108,98918,-839,21729
$$HAR,15:25:57,414812511,-929533774,228532,1122518,279,107,98920,-834,21738
$$HAR,15:26:00,414812504,-929533742,228347,1122518,89,107,98918,-829,21757
$$HAR,15:26:03,414812511,-929533719,228197,1122518,94,107,98918,-825,21771
$$HAR,15:26:06,414812505,-929533716,227956,1122518,6,107,98916,-820,21789
$$HAR,15:26:09,414812512,-929533705,228120,1122518,313,107,98918,-816,21810
$$HAR,15:26:12,414812518,-929533699,228021,1122518,103,107,98918,-811,21827
$$HAR,15:26:15,414812335,-929533842,228626,24000634,2771,118,98916,-806,21839
$$HAR,15:26:18,414812379,-929533823,228617,24000634,80,110,98920,-802,21853
$$HAR,15:26:21,414812392,-929533810,228769,24000634,129,107,98918,-797,21861
$$HAR,15:26:24,414812402,-929533759,228621,24000634,50,105,98920,-793,21873
$$HAR,15:26:27,414812422,-929533686,228064,24000634,137,105,98918,-788,21896
$$HAR,15:26:30,414812425,-929533633,227560,24000634,68,105,98922,-784,21910
$$HAR,15:26:33,414812435,-929533637,227330,24000634,127,105,98920,-779,21918
$$HAR,15:26:36,414812449,-929533617,227031,24000634,62,105,98918,-775,21940
$$HAR,15:26:39,414812475,-929533601,227144,24000634,242,105,98918,-770,21954
$$HAR,15:26:42,414812488,-929533580,226966,24000634,50,105,98916,-766,21968
$$HAR,15:26:45,414812503,-929533610,227029,24000634,65,105,98920,-761,21992
$$HAR,15:26:48,414812517,-929533584,226763,24000634,83,105,98918,-757,21998
$$HAR,15:26:51,414812523,-929533609,226618,24000634,88,105,98918,-752,22011
$$HAR,15:26:54,414812516,-929533648,226548,24000634,119,105,98916,-748,22031
$$HAR,15:26:57,414812505,-929533676,226529,24000634,177,105,98920,-743,22049
$$HAR,15:27:00,414812509,-929533665,226441,24000634,119,105,98918,-739,22060
$$HAR,15:27:03,414812506,-929533683,226365,24000634,60,105,98920,-734,22076
$$HAR,15:27:06,414812508,-929533735,226605,24000634,32,105,98916,-729,22088
$$HAR,15:27:09,414812508,-929533768,226710,24000634,29,105,98920,-725,22106
$$HAR,15:27:12,414812506,-929533765,226829,24000634,98,105,98918,-720,22124
$$HAR,15:27:15,414812515,-929533765,226997,24000634,139,105,98918,-715,22144
$$HAR,15:27:18,414812508,-929533784,227166,24000634,125,105,98916,-711,22157
$$HAR,15:27:21,414812503,-929533780,227198,24000634,90,105,98920,-706,22165
$$HAR,15:27:24,414812492,-929533765,227213,24000634,77,105,98918,-702,22185
$$HAR,15:27:27,414812501,-929533764,227233,24000634,75,105,98920,-697,22208
$$HAR,15:27:30,414812499,-929533737,227039,24000634,70,105,98918,-693,22214
$$HAR,15:27:33,414812501,-929533762,227214,24000634,29,105,98922,-688,22233
$$HAR,15:27:36,414812516,-929533743,227279,24000634,25,105,98920,-683,22247
$$HAR,15:27:39,414812515,-929533737,227298,24000634,57,105,98922,-679,22266
$$HAR,15:27:42,414812513,-929533787,227811,24000634,206,105,98920,-674,22283
$$HAR,15:27:45,414812509,-929533803,227991,24000634,77,105,98924,-669,22297
$$HAR,15:27:48,414812516,-929533827,228323,24000634,122,105,98922,-665,22315
$$HAR,15:27:51,414812527,-929533818,228673,24000634,240,105,98922,-660,22338
$$HAR,15:27:54,414812537,-929533833,228904,24000634,148,104,98922,-656,22351
$$HAR,15:27:57,414812538,-929533859,229069,24000634,22,104,98924,-651,22367
$$HAR,15:28:00,414812549,-929533827,228849,24000634,234,104,98922,-647,22384
$$HAR,15:28:03,414812560,-929533850,229050,24000634,52,104,98924,-642,22402
$$HAR,15:28:06,414812572,-929533847,229053,24000634,38,104,98922,-638,22410
$$HAR,15:28:09,414812576,-929533873,229116,24000634,38,104,98926,-633,22430
$$HAR,15:28:12,414812583,-929533879,229124,24000634,83,104,98926,-629,22451
$$HAR,15:28:15,414812572,-929533870,228619,24000634,109,104,98924,-624,22471
$$HAR,15:28:18,414812565,-929533887,228548,24000634,102,104,98924,-620,22489
$$HAR,15:28:21,414812562,-929533919,228589,24000634,57,104,98926,-615,22508
$$HAR,15:28:24,414812550,-929533917,228431,24000634,52,104,98926,-611,22525
$$HAR,15:28:27,414812532,-929533950,228455,24000634,18,104,98924,-606,22536
$$HAR,15:28:30,414812528,-929533955,228347,24000634,165,104,98924,-602,22554
$$HAR,15:28:33,414812522,-929533970,228351,24000634,158,104,98926,-597,22572
$$HAR,15:28:36,414812509,-929533927,227919,24000634,40,104,98926,-592,22593
$$HAR,15:28:39,414812504,-929533933,227938,24000634,32,104,98926,-588,22607
$$HAR,15:28:42,414812311,-929534155,228454,23399606,586,106,98926,-584,22615
$$HAR,15:28:45,414812319,-929534149,228060,23399606,92,121,98928,-579,22633
$$HAR,15:28:48,414812333,-929534085,227593,23399606,174,102,98928,-575,22653
$$HAR,15:28:51,414812340,-929534054,227338,23399606,54,101,98928,-570,22671
$$HAR,15:28:54,414812353,-929534047,227716,23399606,47,101,98926,-566,22692
$$HAR,15:28:57,414812356,-929533989,226982,23399606,61,101,98928,-562,22706
$$HAR,15:29:00,414812367,-929533970,226720,23399606,108,101,98926,-557,22720
$$HAR,15:29:03,414812372,-929533934,226435,23399606,61,101,98924,-553,22739
$$HAR,15:29:06,414812381,-929533911,226438,23399606,42,101,98926,-548,22752
$$HAR,15:29:09,414812389,-929533901,226599,23399606,123,101,98926,-544,22775
$$HAR,15:29:12,414812408,-929533925,226937,23399606,68,101,98928,-539,22786
$$HAR,15:29:15,414812409,-929533949,227314,23399606,193,101,98926,-535,22802
$$HAR,15:29:18,414812428,-929533959,227612,23399606,101,101,98928,-530,22830
$$HAR,15:29:21,414812438,-929533948,227653,23399606,83,102,98928,-526,22835
$$HAR,15:29:24,414812460,-929533933,227728,23399606,38,102,98930,-521,22863
$$HAR,15:29:27,414812480,-929533898,227808,23399606,36,101,98928,-517,22876
$$HAR,15:29:30,414812480,-929533919,227930,23399606,320,101,98926,-512,22890
$$HAR,15:29:33,414812491,-929533918,227870,23399606,173,101,98930,-508,22909
$$HAR,15:29:36,414812499,-929533915,227656,23399606,92,101,98928,-504,22926
$$HAR,15:29:39,414812495,-929533916,227459,23399606,96,101,98928,-500,22943
$$HAR,15:29:42,414812502,-929533941,227699,23399606,184,101,98928,-496,22956
$$HAR,15:29:45,414812490,-929533955,227960,23399606,108,101,98930,-491,22978
$$HAR,15:29:48,414812500,-929533935,228320,23399606,56,101,98928,-487,22999
$$HAR,15:29:51,414812504,-929533930,228634,23399606,34,101,98930,-482,23019
$$HAR,15:29:54,414812504,-929533921,228440,23399606,96,101,98930,-478,23023
$$HAR,15:29:57,414812499,-929533943,228612,23399606,265,100,98934,-473,23056
$$HAR,15:30:00,414812489,-929533918,228368,23399606,63,100,98932,-469,23062
$$HAR,15:30:03,414812477,-929533907,228189,23399606,139,100,98934,-464,23077
$$HAR,15:30:06,414812473,-929533864,227856,23399606,237,100,98932,-460,23101
$$HAR,15:30:09,414812472,-929533857,227808,23399606,73,100,98930,-455,23115
$$HAR,15:30:12,414812487,-929533884,228065,23399606,24,100,98934,-451,23134
$$HAR,15:30:15,414812472,-929533891,228044,23399606,75,100,98934,-447,23147
$$HAR,15:30:18,414812478,-929533890,228144,23399606,62,100,98932,-442,23167
$$HAR,15:30:21,414812491,-929533878,228400,23399606,282,100,98934,-438,23177
$$HAR,15:30:24,414812496,-929533901,228603,23399606,195,100,98934,-434,23196
$$HAR,15:30:27,414812504,-929533913,228836,23399606,98,100,98932,-429,23220
$$HAR,15:30:30,414812512,-929533954,229226,23399606,35,100,98934,-425,23234
$$HAR,15:30:33,414812522,-929534001,229316,23399606,152,100,98932,-421,23256
$$HAR,15:30:36,414812509,-929533992,229079,23399606,38,100,98936,-416,23275
$$HAR,15:30:39,414812505,-929534055,229232,23399606,218,100,98934,-412,23286
$$HAR,15:30:42,414812494,-929534039,228954,23399606,267,100,98932,-408,23313
$$HAR,15:30:45,414812495,-929533992,228479,23399606,147,100,98934,-403,23332
$$HAR,15:30:48,414812483,-929533926,227946,23399606,177,100,98936,-399,23345
$$HAR,15:30:51,414812481,-929533932,227753,23399606,246,100,98934,-395,23354
$$HAR,15:30:54,414812484,-929533973,227819,23399606,199,100,98932,-391,23377
$$HAR,15:30:57,414812516,-929533988,227911,23399606,281,100,98934,-387,23389
$$HAR,15:31:00,414812518,-929533999,228139,23399606,151,100,98932,-382,23415
$$HAR,15:31:03,414812510,-929533988,228392,23399606,262,100,98934,-378,23427
$$HAR,15:31:06,414812484,-929533958,228297,23399606,119,100,98934,-374,23445
$$HAR,15:31:09,414812468,-929533950,228130,23399606,245,100,98934,-370,23464
$$HAR,15:31:12,414812603,-929534003,227340,23399606,218,111,98934,-366,23479
$$HAR,15:31:15,414812588,-929533963,227158,23399606,273,111,98934,-362,23497
$$HAR,15:31:18,414812593,-929533972,227070,23399606,68,101,98932,-358,23517
$$HAR,15:31:21,414812584,-929533957,226477,23399606,109,101,98934,-353,23532
$$HAR,15:31:24,414812584,-929533994,226726,23399606,176,101,98932,-349,23541
$$HAR,15:31:27,414812567,-929533934,226435,23399606,82,101,98930,-345,23564
$$HAR,15:31:30,414812529,-929533856,225876,23399606,113,101,98934,-341,23587
$$HAR,15:31:33,414812513,-929533806,225580,23399606,60,101,98932,-337,23606
$$HAR,15:31:36,414812496,-929533803,225522,23399606,65,100,98932,-332,23627
$$HAR,15:31:39,414812499,-929533796,225595,23399606,165,100,98930,-328,23634
$$HAR,15:31:42,414812489,-929533748,225533,23399606,99,100,98934,-324,23658
$$HAR,15:31:45,414812495,-929533736,225482,23399606,199,100,98934,-320,23679
$$HAR,15:31:48,414812494,-929533743,225570,23399606,42,100,98932,-316,23685
$$HAR,15:31:51,414812492,-929533731,225560,23399606,52,100,98932,-312,23708
$$HAR,15:31:54,414812488,-929533699,225404,23399606,30,100,98930,-308,23730
$$HAR,15:31:57,414812482,-929533747,225522,23399606,122,100,98932,-304,23748
$$HAR,15:32:00,414812481,-929533759,225636,23399606,97,100,98934,-300,23761
$$HAR,15:32:03,414812470,-929533735,225521,23399606,31,100,98932,-296,23780
$$HAR,15:32:06,414812466,-929533725,225375,23399606,25,100,98930,-292,23799
$$HAR,15:32:09,414812480,-929533765,225665,23399606,93,100,98932,-287,23812
$$HAR,15:32:12,414812483,-929533753,225841,23399606,77,102,98934,-283,23826
$$HAR,15:32:15,414812480,-929533767,226074,23399606,91,101,98932,-279,23854
$$HAR,15:32:18,414812445,-929533652,225604,23399606,67,99,98932,-275,23868
$$HAR,15:32:21,414812444,-929533654,225708,23399606,199,99,98932,-271,23887
$$HAR,15:32:24,414812438,-929533627,225507,23399606,162,99,98934,-267,23905
$$HAR,15:32:27,414812446,-929533625,225632,23399606,96,99,98934,-263,23918
$$HAR,15:32:30,414812469,-929533694,226509,23399606,226,99,98934,-259,23937
$$HAR,15:32:33,414812492,-929533750,227124,23399606,74,99,98932,-255,23962
$$HAR,15:32:36,414812492,-929533711,226942,23399606,55,96,98934,-251,23979
$$HAR,15:32:39,414812492,-929533687,226913,23399606,44,96,98934,-247,23995
$$HAR,15:32:42,414812515,-929533744,227394,23399606,193,96,98932,-243,24004
$$HAR,15:32:45,414812523,-929533743,227342,23399606,121,96,98934,-239,24029
$$HAR,15:32:48,414812545,-929533850,228316,23399606,249,96,98932,-235,24043
$$HAR,15:32:51,414812551,-929533846,228435,23399606,162,96,98934,-231,24062
$$HAR,15:32:54,414812568,-929533860,228811,23399606,133,96,98934,-227,24078
$$HAR,15:32:57,414812572,-929533893,228895,23399606,98,96,98934,-223,24093
$$HAR,15:33:00,414812581,-929533941,229215,23399606,168,96,98932,-219,24112
$$HAR,15:33:03,414812578,-929533908,229382,23399606,80,96,98932,-215,24125
$$HAR,15:33:06,414812557,-929533925,229468,23399606,48,96,98936,-211,24148
$$HAR,15:33:09,414812561,-929533994,230135,23399606,187,96,98936,-207,24163
$$HAR,15:33:12,414812577,-929534059,230502,23399606,197,96,98934,-203,24180
$$HAR,15:33:15,414812585,-929534058,230608,23399606,164,96,98932,-199,24194
$$HAR,15:33:18,414812592,-929534077,231092,23399606,331,96,98934,-195,24217
$$HAR,15:33:21,414812618,-929534150,231683,23399606,28,96,98932,-191,24233
$$HAR,15:33:24,414812633,-929534188,231655,23399606,339,96,98932,-187,24244
$$HAR,15:33:27,414812660,-929534229,231740,23399606,26,96,98932,-183,24269
$$HAR,15:33:30,414812669,-929534219,231539,23399606,109,96,98932,-180,24285
$$HAR,15:33:33,414812649,-929534183,231230,23399606,73,96,98934,-176,24303
$$HAR,15:33:36,414812648,-929534197,231523,23399606,84,95,98934,-171,24304
$$HAR,15:33:39,414812664,-929534208,231552,23399606,205,104,98934,-167,24321
$$HAR,15:33:42,414812658,-929534159,231018,23399606,260,95,98932,-163,24345
$$HAR,15:33:45,414812654,-929534181,230824,23399606,34,95,98932,-159,24354
$$HAR,15:33:48,414812616,-929534196,230869,23399606,116,95,98936,-155,24379
$$HAR,15:33:51,414812618,-929534236,230761,23399606,344,95,98934,-151,24396
$$HAR,15:33:54,414812611,-929534213,230549,23399606,116,95,98934,-147,24409
$$HAR,15:33:57,414812619,-929534217,230690,23399606,50,95,98932,-143,24424
$$HAR,15:34:00,414812623,-929534243,230928,23399606,185,95,98934,-139,24447
$$HAR,15:34:03,414812618,-929534224,230829,23399606,158,95,98934,-135,24457
$$HAR,15:34:06,414812601,-929534216,230800,23399606,153,95,98934,-131,24479
$$HAR,15:34:09,414812586,-929534193,231060,23399606,221,95,98932,-127,24489
$$HAR,15:34:12,414812587,-929534162,231114,23399606,79,96,98932,-123,24517
$$HAR,15:34:15,414812564,-929534131,230843,23399606,90,95,98934,-119,24531
$$HAR,15:34:18,414812516,-929534060,230409,23399606,205,95,98934,-116,24547
$$HAR,15:34:21,414812494,-929534064,230431,23399606,133,95,98932,-112,24567
$$HAR,15:34:24,414812493,-929534101,230482,23399606,143,95,98932,-108,24576
$$HAR,15:34:27,414812484,-929534035,230208,23399606,36,95,98932,-104,24590
$$HAR,15:34:30,414812497,-929534050,230456,23399606,331,95,98934,-100,24612
$$HAR,15:34:33,414812497,-929534091,230717,23399606,84,95,98932,-96,24631
$$HAR,15:34:36,414812489,-929534053,230536,23399606,37,96,98932,-93,24641
$$HAR,15:34:39,414812490,-929534032,230363,23399606,261,96,98932,-89,24663
$$HAR,15:34:42,414812471,-929534020,230018,23399606,166,96,98932,-85,24677
$$HAR,15:34:45,414812453,-929533984,229652,23399606,107,96,98932,-81,24690
$$HAR,15:34:48,414812461,-929533992,229626,23399606,142,95,98934,-77,24705
$$HAR,15:34:51,414812465,-929534025,229510,23399606,258,95,98934,-73,24725
$$HAR,15:34:54,414812455,-929533987,229059,23399606,79,95,98934,-70,24746
$$HAR,15:34:57,414812470,-929534033,229096,23399606,187,95,98936,-66,24764
$$HAR,15:35:00,414812461,-929534064,229130,23399606,23,95,98936,-62,24780
$$HAR,15:35:03,414812470,-929534101,229127,23399606,307,95,98936,-58,24791
$$HAR,15:35:06,414812476,-929534110,229207,23399606,130,96,98936,-54,24811
$$HAR,15:35:09,414812488,-929534087,228972,23399606,120,96,98936,-51,24820
$$HAR,15:35:12,414812489,-929534079,229002,23399606,202,95,98938,-47,24838
$$HAR,15:35:15,414812479,-929534075,228989,23399606,79,95,98938,-43,24857
$$HAR,15:35:18,414812466,-929533982,228487,23399606,86,95,98938,-40,24868
$$HAR,15:35:21,414812470,-929533957,228621,23399606,241,95,98936,-36,24888
$$HAR,15:35:24,414812463,-929533994,228928,23399606,77,96,98936,-32,24895
$$HAR,15:35:27,414812463,-929534028,229190,23399606,128,96,98938,-29,24915
$$HAR,15:35:30,414812447,-929534017,229190,23399606,249,96,98938,-25,24933
$$HAR,15:35:33,414812455,-929534027,229023,23399606,31,95,98936,-21,24947
$$HAR,15:35:36,414812447,-929534000,228654,23399606,175,95,98936,-17,24966
$$HAR,15:35:39,414812455,-929533989,228788,23399606,104,95,98936,-14,24979
$$HAR,15:35:42,414812478,-929533998,228743,23399606,111,95,98938,-10,24983
$$HAR,15:35:45,414812472,-929534012,228946,23399606,142,96,98938,-6,25011
$$HAR,15:35:48,414812464,-929533966,228778,23399606,39,96,98936,-3,25034
$$HAR,15:35:51,414812448,-929533911,228561,23399606,124,96,98932,1,25032
$$HAR,15:35:54,414812454,-929533898,228730,23399606,114,94,98932,4,25052
$$HAR,15:35:57,414812456,-929533900,228659,23399606,77,96,98934,8,25072
$$HAR,15:36:00,414812450,-929533874,228718,23399606,157,94,98932,12,25085
$$HAR,15:36:03,414812452,-929533864,228638,23399606,37,94,98932,15,25097
$$HAR,15:36:06,414812425,-929533830,228460,23399606,64,96,98932,18,25117
$$HAR,15:36:09,414812413,-929533806,228217,23399606,123,96,98932,22,25130
$$HAR,15:36:12,414812419,-929533876,228448,23399606,325,99,98934,25,25143
$$HAR,15:36:15,414812429,-929533901,228368,23399606,43,95,98934,29,25162
$$HAR,15:36:18,414812440,-929533930,228376,23399606,31,94,98934,33,25175
$$HAR,15:36:21,414812453,-929533943,228480,23399606,147,96,98932,36,25194
$$HAR,15:36:24,414812452,-929534029,228980,23399606,277,95,98934,40,25208
$$HAR,15:36:27,414812466,-929534064,228692,23399606,263,95,98934,43,25220
$$HAR,15:36:30,414812468,-929534037,228420,23399606,43,95,98936,47,25245
$$HAR,15:36:33,414812473,-929534023,228082,23399606,29,95,98936,50,25258
$$HAR,15:36:36,414812469,-929533970,227716,23399606,210,95,98934,54,25270
$$HAR,15:36:39,414812453,-929533935,227402,23399606,92,94,98934,58,25290
$$HAR,15:36:42,414812452,-929533912,227037,23399606,216,99,98934,61,25301
$$HAR,15:36:45,414812455,-929533936,226953,23399606,43,94,98936,65,25312
$$HAR,15:36:48,414812450,-929533890,226645,23399606,59,95,98936,68,25334
$$HAR,15:36:51,414812458,-929533954,227274,23399606,11,95,98932,71,25347
$$HAR,15:36:54,414812466,-929533915,227196,23399606,54,95,98932,75,25365
$$HAR,15:36:57,414812481,-929533945,227638,23399606,177,95,98934,78,25379
$$HAR,15:37:00,414812488,-929533985,227832,23399606,221,95,98936,81,25392
$$HAR,15:37:03,414812486,-929534028,228345,23399606,75,94,98936,85,25396
$$HAR,15:37:06,414812495,-929534100,228920,23399606,131,94,98932,88,25419
$$HAR,15:37:09,414812489,-929534076,229044,23399606,50,95,98934,92,25442
$$HAR,15:37:12,414812490,-929534056,229196,23399606,192,95,98932,95,25455
$$HAR,15:37:15,414812479,-929534027,228996,23399606,104,96,98932,98,25469
$$HAR,15:37:18,414812510,-929534069,229741,23399606,89,95,98936,102,25482
$$HAR,15:37:21,414812494,-929534047,229766,23399606,122,94,98936,105,25490
$$HAR,15:37:24,414812497,-929533987,229445,23399606,37,94,98934,109,25510
$$HAR,15:37:27,414812510,-929534046,229717,23399606,251,94,98934,112,25526
$$HAR,15:37:30,414812517,-929533984,229244,23399606,46,97,98934,116,25532
$$HAR,15:37:33,414812502,-929533947,229366,23399606,248,97,98936,119,25554
$$HAR,15:37:36,414812489,-929533897,229193,23399606,123,94,98936,122,25566
$$HAR,15:37:39,414812511,-929533918,229387,23399606,113,94,98934,126,25580
$$HAR,15:37:42,414812509,-929533883,229123,23399606,59,95,98934,129,25590
$$HAR,15:37:45,414812522,-929533908,229008,23399606,130,95,98934,132,25607
$$HAR,15:37:48,414812526,-929533851,228321,23399606,231,95,98932,135,25620
$$HAR,15:37:51,414812523,-929533808,228049,23399606,60,94,98936,138,25627
$$HAR,15:37:54,414812524,-929533820,227946,23399606,110,94,98936,142,25645
$$HAR,15:37:57,414812529,-929533838,227986,23399606,89,94,98936,145,25665
$$HAR,15:38:00,414812535,-929533843,228017,23399606,129,95,98938,148,25673
$$HAR,15:38:03,414812520,-929533810,228044,23399606,238,94,98936,151,25679
$$HAR,15:38:06,414812523,-929533770,228046,23399606,82,95,98936,155,25699
$$HAR,15:38:09,414812527,-929533719,227788,23399606,54,93,98938,158,25712
$$HAR,15:38:12,414812504,-929533703,227543,23399606,84,93,98936,161,25726
$$HAR,15:38:15,414812475,-929533671,227110,23399606,141,94,98936,164,25727
$$HAR,15:38:18,414812465,-929533694,227159,23399606,221,92,98936,167,25752
$$HAR,15:38:21,414812457,-929533675,226874,23399606,52,93,98934,171,25764
$$HAR,15:38:24,414812458,-929533647,226362,23399606,137,93,98934,174,25778
$$HAR,15:38:27,414812469,-929533624,226576,23399606,200,93,98938,177,25781
$$HAR,15:38:30,414812453,-929533569,226403,23399606,149,93,98936,180,25802
$$HAR,15:38:33,414812444,-929533588,226348,23399606,111,93,98934,184,25813
$$HAR,15:38:36,414812446,-929533616,226440,23399606,87,92,98934,187,25822
$$HAR,15:38:39,414812459,-929533631,226323,23399606,79,92,98934,190,25835
$$HAR,15:38:42,414812454,-929533583,225901,23399606,82,97,98938,193,25848
$$HAR,15:38:45,414812469,-929533546,225550,23399606,93,93,98936,196,25857
$$HAR,15:38:48,414812474,-929533506,225246,23399606,24,93,98936,200,25865
$$HAR,15:38:51,414812474,-929533442,224951,23399606,288,93,98936,203,25888
$$HAR,15:38:54,414812455,-929533374,224695,23399606,205,98,98932,206,25900
$$HAR,15:38:57,414812446,-929533406,225038,23399606,159,93,98932,209,25906
$$HAR,15:39:00,414812435,-929533392,225080,23399606,66,93,98934,213,25927
$$HAR,15:39:03,414812421,-929533392,225152,23399606,68,95,98934,216,25931
$$HAR,15:39:06,414812405,-929533433,225290,23399606,131,92,98932,219,25953
$$HAR,15:39:09,414812399,-929533422,225210,23399606,90,97,98932,223,25963
$$HAR,15:39:12,414812384,-929533399,224787,23399606,104,98,98932,226,25965
$$HAR,15:39:15,414812404,-929533448,225106,23399606,23,97,98932,229,25985
$$HAR,15:39:18,414812419,-929533530,225757,23399606,57,98,98932,233,25997
$$HAR,15:39:21,414812432,-929533581,226115,23399606,170,98,98934,236,26016
$$HAR,15:39:24,414812434,-929533560,226003,23399606,96,108,98934,239,26022
$$HAR,15:39:27,414812419,-929533598,226294,23399606,56,99,98934,243,26033
$$HAR,15:39:30,414812420,-929533609,226781,23399606,108,98,98936,246,26050
$$HAR,15:39:33,414812428,-929533574,226446,23399606,102,100,98938,250,26054
$$HAR,15:39:36,414812433,-929533578,226331,23399606,61,98,98936,253,26071
$$HAR,15:39:39,414812428,-929533581,226402,23399606,104,100,98936,256,26092
$$HAR,15:39:42,414812440,-929533648,227011,23399606,280,97,98938,259,26101
$$HAR,15:39:45,414812409,-929533654,227268,23399606,114,97,98934,263,26109
$$HAR,15:39:48,414812425,-929533678,227581,23399606,141,98,98934,266,26122
$$HAR,15:39:51,414812435,-929533743,227726,23399606,83,98,98936,269,26140
$$HAR,15:39:54,414812419,-929533728,227544,23399606,26,98,98936,272,26148
$$HAR,15:39:57,414812410,-929533763,227652,23399606,244,99,98934,275,26156
$$HAR,15:40:00,414812445,-929533827,228154,23399606,181,98,98934,278,26170
$$HAR,15:40:03,414812445,-929533834,227905,23399606,100,98,98934,282,26182
$$HAR,15:40:06,414812443,-929533870,227933,23399606,107,98,98930,285,26205
$$HAR,15:40:09,414812431,-929533822,227846,23399606,92,98,98934,288,26217
$$HAR,15:40:12,414812443,-929533850,228104,23399606,219,98,98934,291,26224
$$HAR,15:40:15,414812485,-929533955,228665,23399606,130,98,98932,294,26244
$$HAR,15:40:18,414812493,-929533971,228931,23399606,156,98,98934,297,26261
$$HAR,15:40:21,414812501,-929533992,229158,23399606,141,98,98934,300,26275
$$HAR,15:40:24,414812503,-929534000,229279,23399606,115,98,98932,304,26282
$$HAR,15:40:27,414812519,-929533999,229119,23399606,276,105,98936,307,26292
$$HAR,15:40:30,414812542,-929533994,229068,23399606,144,98,98936,310,26307
$$HAR,15:40:33,414812567,-929533971,228929,23399606,141,98,98934,313,26313
$$HAR,15:40:36,414812542,-929533830,228251,23399606,377,98,98934,316,26333
$$HAR,15:40:39,414812510,-929533831,228256,23399606,196,98,98934,319,26350
$$HAR,15:40:42,414812499,-929533800,227819,23399606,235,98,98932,322,26359
$$HAR,15:40:45,414812491,-929533821,228037,23399606,136,98,98934,325,26367
$$HAR,15:40:48,414812467,-929533794,227901,23399606,198,104,98932,328,26380
$$HAR,15:40:51,414812465,-929533797,227727,23399606,117,98,98932,331,26392
$$HAR,15:40:54,414812447,-929533775,227517,23399606,216,97,98932,334,26406
$$HAR,15:40:57,414812464,-929533825,227762,23399606,82,107,98932,337,26419