$$HAR,15:46:05,420279211,-936536094,317711,0,348,342,98040,2259,14732
$$HAR,15:46:08,420278648,-936535949,318904,0,566,342,98040,2258,14732
$$HAR,15:46:11,420278438,-936535794,321937,1152461,1739,343,98042,2257,14726
$$HAR,15:46:14,420278063,-936535710,322907,1152461,657,343,98042,2255,14726
$$HAR,15:46:17,420278024,-936535682,321953,1152461,82,343,98042,2254,14726
$$HAR,15:46:20,420277692,-936535725,320706,14064228,2120,343,98043,2252,14725
$$HAR,15:46:23,420277753,-936535728,319732,9995074,394,344,98042,2251,14724
$$HAR,15:46:26,420277783,-936535696,319574,14010062,303,344,98040,2250,14724
$$HAR,15:46:29,420278103,-936535630,319436,14010062,248,344,98042,2249,14723
$$HAR,15:46:32,420278344,-936535518,319858,14010062,742,344,98040,2247,14727
$$HAR,15:46:35,420278625,-936535419,321291,8973676,563,345,98040,2246,14721
$$HAR,15:46:38,420278900,-936535383,322643,2570459,1663,345,98043,2245,14726
$$HAR,15:46:41,420279166,-936535339,325831,1635960,988,345,98043,2243,14726
$$HAR,15:46:44,420279142,-936535260,326540,1635960,140,346,98040,2242,14723
$$HAR,15:46:47,420279442,-936534984,328851,1635960,1132,346,98042,2241,14723
$$HAR,15:46:50,420279589,-936534909,330965,1635960,406,9999,98042,2240,14725
$$HAR,15:46:53,420279673,-936534814,332116,1635960,406,9999,98040,2238,14724
$$HAR,15:46:56,420279485,-936534272,333010,1635960,1164,347,98040,2237,14723
$$HAR,15:46:59,420279980,-936534051,333750,1635960,460,347,98038,2236,14718
$$HAR,15:47:02,420280379,-936534273,334166,1635960,87,347,98040,2235,14722
$$HAR,15:47:05,420280487,-936534174,332153,7593389,1149,347,98040,2233,14715
$$HAR,15:47:08,420280499,-936534168,331794,7593389,637,348,98040,2232,14720
$$HAR,15:47:11,420280328,-936534215,331331,3402270,111,300,98042,2231,14719
$$HAR,15:47:14,420279952,-936534354,329622,3402270,548,300,98042,2230,14719
$$HAR,15:47:17,420279831,-936534255,332413,2462888,892,300,98040,2228,14718
$$HAR,15:47:20,420279723,-936534199,334179,2462888,317,748,98042,2227,14718
$$HAR,15:47:23,420279571,-936534143,334948,2462888,937,747,98042,2226,14712
$$HAR,15:47:26,420279387,-936533970,335990,2462888,976,746,98045,2225,14712
$$HAR,15:47:29,420278739,-936534399,331877,2462888,474,301,98043,2223,14712
$$HAR,15:47:32,420278380,-936534737,324157,2462888,2599,301,98042,2222,14716
$$HAR,15:47:35,420278225,-936535042,320143,2462888,502,301,98043,2221,14716
$$HAR,15:47:38,420278210,-936535300,319686,2462888,998,301,98043,2220,14716
$$HAR,15:47:41,420278493,-936535432,321972,2462888,631,301,98042,2219,14711
$$HAR,15:47:44,420278547,-936535353,324213,2462888,280,301,98043,2217,14715
$$HAR,15:47:47,420278490,-936535505,326164,2462888,173,302,98042,2216,14710
$$HAR,15:47:50,420278220,-936535538,326354,2462888,314,302,98042,2215,14708
$$HAR,15:47:53,420277863,-936535628,327494,2462888,873,302,98042,2214,14708
$$HAR,15:47:56,420277628,-936535760,328132,6910737,98,302,98040,2213,14707
$$HAR,15:47:59,420277218,-936535847,326009,17496716,2383,302,98042,2212,14707
$$HAR,15:48:02,420277261,-936535794,325324,5934060,1621,302,98042,2210,14706
$$HAR,15:48:05,420277294,-936535781,323221,5934060,980,302,98043,2209,14706
$$HAR,15:48:08,420277397,-936535677,322819,4674163,1206,303,98043,2208,14707
$$HAR,15:48:11,420277388,-936535664,320350,4674163,233,303,98043,2207,14707
$$HAR,15:48:11,420277388,-936535664,320350,4674163,233,303,98043,2206,14700
$$HAR,15:48:11,420277388,-936535664,320350,4674163,233,303,98043,2221,14721
$$HAR,15:48:26,420278275,-936533104,316754,4674163,2107,9999,98043,2233,14647
$$HAR,15:48:29,420280148,-936531450,317077,4674163,3642,1110,98045,2225,14576
$$HAR,15:48:32,420283555,-936531999,321231,4674163,5430,204,98043,2219,14575
$$HAR,15:48:35,420281298,-936531991,311943,4674163,1082,230,98043,2213,14591
$$HAR,15:48:38,420282142,-936532496,308665,4674163,1081,230,98042,2209,14604
$$HAR,15:48:41,420282978,-936533290,304449,4674163,2074,230,98045,2205,14622
$$HAR,15:48:44,420282428,-936533977,327859,1039189,674,357,98042,2202,14635
$$HAR,15:48:47,420282746,-936533992,323040,1039189,989,358,98043,2199,14643
$$HAR,15:48:50,420282523,-936534151,316199,10814784,1943,358,98042,2197,14652
$$HAR,15:48:53,420282708,-936534259,311628,10814784,1402,358,98042,2195,14655
$$HAR,15:48:56,420282941,-936534247,310586,10814784,1225,359,98042,2193,14659
$$HAR,15:48:59,420282724,-936534194,311625,10814784,556,359,98045,2191,14664
$$HAR,15:49:02,420282487,-936534164,312199,10814784,368,359,98045,2190,14669
$$HAR,15:49:05,420282406,-936534327,313330,10814784,1352,360,98045,2188,14673
$$HAR,15:49:08,420281910,-936534311,317173,10814784,235,360,98045,2187,14668
$$HAR,15:49:11,420281559,-936534511,320505,10814784,498,360,98047,2185,14677
$$HAR,15:49:14,420280954,-936534677,324184,10814784,294,361,98047,2184,14675
$$HAR,15:49:17,420280256,-936534836,326021,10814784,1252,361,98043,2183,14675
$$HAR,15:49:20,420279841,-936534929,325059,10814784,695,361,98043,2181,14674
$$HAR,15:49:23,420279938,-936534850,321983,10814784,1038,362,98043,2180,14679
$$HAR,15:49:26,420279823,-936534773,321063,10814784,468,362,98042,2179,14678
$$HAR,15:49:29,420279977,-936534772,319698,10814784,1033,362,98040,2177,14676
$$HAR,15:49:32,420280037,-936534981,318651,10814784,934,363,98042,2176,14678
$$HAR,15:49:35,420279765,-936535010,320289,10814784,2073,363,98040,2175,14676
$$HAR,15:49:38,420279249,-936534719,317044,10814784,2073,9999,98043,2174,14682
$$HAR,15:49:41,420279781,-936534736,316802,10814784,1086,364,98042,2173,14676
$$HAR,15:49:44,420279668,-936534688,316467,10814784,762,364,98042,2171,14675
$$HAR,15:49:47,420280030,-936534593,315531,5540866,1106,364,98043,2170,14675
$$HAR,15:49:50,420279835,-936534587,315783,5540866,1301,365,98043,2169,14674
$$HAR,15:49:53,420279736,-936534816,316972,5540866,1366,365,98043,2167,14678
$$HAR,15:49:56,420279831,-936535186,319553,2207752,846,366,98043,2166,14677
$$HAR,15:49:59,420280513,-936535410,319906,35719864,1510,366,98042,2165,14672
$$HAR,15:50:02,420280934,-936535490,320380,35719864,1584,9999,98043,2164,14676
$$HAR,15:50:05,420281429,-936535545,319634,35719864,1681,541,98040,2162,14674
$$HAR,15:50:08,420282488,-936535310,315160,35719864,3130,540,98038,2161,14669
$$HAR,15:50:11,420283051,-936534869,309780,35719864,2856,538,98038,2160,14671
$$HAR,15:50:14,420283789,-936534571,306695,35719864,2856,9999,98036,2159,14670
$$HAR,15:50:17,420286958,-936535797,298184,35433236,6060,9999,98036,2157,14664
$$HAR,15:50:20,420285314,-936535166,292491,35716216,2660,368,98038,2156,14668
$$HAR,15:50:23,420283831,-936534963,297741,35716216,918,9999,98036,2155,14663
$$HAR,15:50:26,420282668,-936534917,301211,35716216,109,231,98036,2154,14672
$$HAR,15:50:29,420283700,-936535623,295716,35716216,1144,9999,98038,2152,14666
$$HAR,15:50:32,420285755,-936536214,290190,35716216,1775,231,98038,2151,14666
$$HAR,15:50:35,420286147,-936536582,289484,35716216,1775,9999,98040,2150,14670
$$HAR,15:50:38,420286540,-936536951,288777,35716216,1775,9999,98038,2149,14670
$$HAR,15:50:41,420286933,-936537319,288070,35716216,1775,9999,98038,2147,14663
$$HAR,15:50:44,420287195,-936537565,287599,35716216,0,9999,98040,2146,14662
$$HAR,15:50:47,420287195,-936537565,287599,35716216,0,9999,98040,2145,14662
$$HAR,15:50:50,420287195,-936537565,287599,35716216,0,9999,98036,2144,14663
$$HAR,15:50:53,420287195,-936537565,287599,35716216,0,9999,98038,2143,14663
$$HAR,15:50:56,420287195,-936537565,287599,35716216,0,9999,98036,2141,14662
$$HAR,15:50:59,420287195,-936537565,287599,35716216,0,9999,98040,2140,14662
$$HAR,15:51:02,420287195,-936537565,287599,35716216,0,9999,98038,2139,14660
$$HAR,15:51:05,420287195,-936537565,287599,35716216,0,9999,98036,2137,14659
$$HAR,15:51:08,420287195,-936537565,287599,35716216,0,9999,98038,2136,14659
$$HAR,15:51:11,420287195,-936537565,287599,35716216,0,9999,98038,2135,14658
$$HAR,15:51:14,420287195,-936537565,287599,35716216,0,9999,98038,2134,14658
$$HAR,15:51:17,420287195,-936537565,287599,35716216,0,9999,98040,2132,14656
$$HAR,15:51:20,420287195,-936537565,287599,35716216,0,9999,98040,2131,14651
$$HAR,15:51:23,420287195,-936537565,287599,35716216,0,9999,98038,2130,14656
$$HAR,15:51:26,420287195,-936537565,287599,35716216,0,9999,98042,2128,14656
$$HAR,15:51:29,420287195,-936537565,287599,35716216,0,9999,98042,2127,14656
$$HAR,15:51:32,420287195,-936537565,287599,35716216,0,9999,98040,2126,14655
$$HAR,15:51:35,420287195,-936537565,287599,35716216,0,9999,98040,2124,14653
$$HAR,15:51:38,420287195,-936537565,287599,35716216,0,9999,98036,2123,14653
$$HAR,15:51:41,420287195,-936537565,287599,35716216,0,9999,98036,2122,14652
$$HAR,15:51:44,420287195,-936537565,287599,35716216,0,9999,98038,2121,14657
$$HAR,15:51:47,420287195,-936537565,287599,35716216,0,9999,98038,2119,14652
$$HAR,15:51:50,420287195,-936537565,287599,35716216,0,9999,98036,2118,14651
$$HAR,15:51:53,420287195,-936537565,287599,35716216,0,9999,98036,2116,14650
$$HAR,15:51:56,420287195,-936537565,287599,35716216,0,9999,98040,2115,14648
$$HAR,15:51:59,420287195,-936537565,287599,35716216,0,9999,98038,2113,14648
$$HAR,15:52:02,420287195,-936537565,287599,35716216,0,9999,98038,2112,14649
$$HAR,15:52:05,420287195,-936537565,287599,35716216,0,9999,98042,2111,14648
$$HAR,15:52:08,420287195,-936537565,287599,35716216,0,9999,98042,2109,14647
$$HAR,15:52:11,420287195,-936537565,287599,35716216,0,9999,98040,2108,14647
$$HAR,15:52:14,420287195,-936537565,287599,35716216,0,9999,98042,2107,14642
$$HAR,15:52:17,420287195,-936537565,287599,35716216,0,9999,98042,2106,14640
$$HAR,15:52:20,420287195,-936537565,287599,35716216,0,9999,98038,2104,14645
$$HAR,15:52:23,420287195,-936537565,287599,35716216,0,9999,98040,2103,14640
$$HAR,15:52:26,420287195,-936537565,287599,35716216,0,9999,98038,2102,14643
$$HAR,15:52:29,420287195,-936537565,287599,35716216,0,9999,98038,2100,14643
$$HAR,15:52:32,420287195,-936537565,287599,35716216,0,9999,98038,2099,14637
$$HAR,15:52:35,420287195,-936537565,287599,35716216,0,9999,98038,2098,14642
$$HAR,15:52:38,420287195,-936537565,287599,35716216,0,9999,98040,2097,14641
$$HAR,15:52:41,420287195,-936537565,287599,35716216,0,9999,98038,2095,14641
$$HAR,15:52:44,420287195,-936537565,287599,35716216,0,9999,98036,2094,14636
$$HAR,15:52:47,420287195,-936537565,287599,35716216,0,9999,98038,2093,14635
$$HAR,15:52:50,420287195,-936537565,287599,35716216,0,9999,98038,2092,14635
$$HAR,15:52:53,420287195,-936537565,287599,35716216,0,9999,98038,2090,14634
$$HAR,15:52:56,420287195,-936537565,287599,35716216,0,9999,98038,2089,14634
$$HAR,15:52:59,420287195,-936537565,287599,35716216,0,9999,98038,2088,14638
$$HAR,15:53:02,420287195,-936537565,287599,35716216,0,9999,98038,2087,14632
$$HAR,15:53:05,420287195,-936537565,287599,35716216,0,9999,98038,2086,14631
$$HAR,15:53:08,420287195,-936537565,287599,35716216,0,9999,98034,2084,14630
$$HAR,15:53:11,420287195,-936537565,287599,35716216,0,9999,98034,2083,14630
$$HAR,15:53:14,420287195,-936537565,287599,35716216,0,9999,98034,2082,14630
$$HAR,15:53:17,420287195,-936537565,287599,35716216,0,9999,98034,2081,14635
$$HAR,15:53:20,420287195,-936537565,287599,35716216,0,9999,98034,2080,14631
$$HAR,15:53:23,420287195,-936537565,287599,35716216,0,9999,98036,2079,14629
$$HAR,15:53:26,420287195,-936537565,287599,35716216,0,9999,98034,2078,14629
$$HAR,15:53:29,420287195,-936537565,287599,35716216,0,9999,98034,2077,14628
$$HAR,15:53:32,420287195,-936537565,287599,35716216,0,9999,98036,2076,14628
$$HAR,15:53:35,420287195,-936537565,287599,35716216,0,9999,98034,2074,14627
$$HAR,15:53:38,420287195,-936537565,287599,35716216,0,9999,98036,2073,14626
$$HAR,15:53:41,420287195,-936537565,287599,35716216,0,9999,98034,2072,14626
$$HAR,15:53:44,420287195,-936537565,287599,35716216,0,9999,98034,2071,14620
$$HAR,15:53:47,420287195,-936537565,287599,35716216,0,9999,98034,2070,14624
$$HAR,15:53:50,420287195,-936537565,287599,35716216,0,9999,98036,2069,14624
$$HAR,15:53:53,420287195,-936537565,287599,35716216,0,9999,98036,2068,14624
$$HAR,15:53:56,420287195,-936537565,287599,35716216,0,9999,98034,2067,14624
$$HAR,15:53:59,420287195,-936537565,287599,35716216,0,9999,98036,2066,14618
$$HAR,15:54:02,420287195,-936537565,287599,35716216,0,9999,98034,2065,14623
$$HAR,15:54:05,420287195,-936537565,287599,35716216,0,9999,98036,2064,14617
$$HAR,15:54:08,420287195,-936537565,287599,35716216,0,9999,98036,2063,14622
$$HAR,15:54:11,420287195,-936537565,287599,35716216,0,9999,98038,2062,14616
$$HAR,15:54:14,420287195,-936537565,287599,35716216,0,9999,98036,2061,14616
$$HAR,15:54:17,420287195,-936537565,287599,35716216,0,9999,98038,2060,14612
$$HAR,15:54:20,420287195,-936537565,287599,35716216,0,9999,98038,2059,14615
$$HAR,15:54:23,420287195,-936537565,287599,35716216,0,9999,98040,2058,14611
$$HAR,15:54:26,420287195,-936537565,287599,35716216,0,9999,98040,2057,14615
$$HAR,15:54:29,420287195,-936537565,287599,35716216,0,9999,98042,2055,14613
$$HAR,15:54:32,420287195,-936537565,287599,35716216,0,9999,98042,2054,14613
$$HAR,15:54:35,418108613,-942183502,65679630,23628778,250521,405,98040,2053,14612
$$HAR,15:54:38,418070841,-942259314,66639955,23699808,251787,9999,98042,2052,14607
$$HAR,15:54:41,418034187,-942334737,67588473,23699808,251787,9999,98040,2051,14606
$$HAR,15:54:44,418006691,-942351098,68070375,21771082,205557,406,98040,2050,14606
$$HAR,15:54:47,417999629,-942365786,68249210,22062274,164903,407,98038,2049,14605
$$HAR,15:54:50,417980067,-942395859,68659960,22457526,152212,407,98038,2048,14606
$$HAR,15:54:53,417953000,-942428871,69185925,22308360,149764,233,98036,2047,14606
$$HAR,15:54:56,417924871,-942460994,69742653,22106004,146760,233,98036,2046,14604
$$HAR,15:54:59,417907153,-942485139,70213045,21960084,130676,1064,98032,2045,14604
$$HAR,15:55:02,417885906,-942512454,70744049,22018622,125397,9999,98034,2044,14604
$$HAR,15:55:05,417867353,-942547663,70911194,22143280,133465,317,98032,2043,14604
$$HAR,15:55:08,417847738,-942581917,71345057,22326392,133734,317,98034,2042,14598
$$HAR,15:55:11,417825194,-942616415,71818591,22469846,133737,9999,98034,2041,14603
$$HAR,15:55:14,417799806,-942649979,72320685,22469846,133737,9999,98036,2041,14603
$$HAR,15:55:17,417774421,-942683535,72822803,22469846,133737,9999,98034,2040,14603
$$HAR,15:55:20,417749038,-942717082,73324946,22469846,133737,9999,98036,2039,14596
$$HAR,15:55:23,417740578,-942728263,73492333,22469846,0,9999,98036,2037,14595
$$HAR,15:55:26,417740578,-942728263,73492333,22469846,0,9999,98036,2036,14600
$$HAR,15:55:29,417740578,-942728263,73492333,22469846,0,9999,98036,2035,14599
$$HAR,15:55:32,417740578,-942728263,73492333,22469846,0,9999,98036,2034,14599
$$HAR,15:55:35,417740578,-942728263,73492333,22469846,0,9999,98036,2033,14593
$$HAR,15:55:38,417740578,-942728263,73492333,22469846,0,9999,98038,2032,14599
$$HAR,15:55:41,417740578,-942728263,73492333,22469846,0,9999,98036,2031,14598
$$HAR,15:55:44,417740578,-942728263,73492333,22469846,0,9999,98038,2030,14598
$$HAR,15:55:47,417740578,-942728263,73492333,22469846,0,9999,98036,2029,14593
$$HAR,15:55:50,417740578,-942728263,73492333,22469846,0,9999,98036,2028,14597
$$HAR,15:55:53,417740578,-942728263,73492333,22469846,0,9999,98036,2027,14597
$$HAR,15:55:56,417740578,-942728263,73492333,22469846,0,9999,98038,2026,14591
$$HAR,15:55:59,417740578,-942728263,73492333,22469846,0,9999,98034,2025,14596
$$HAR,15:56:02,417740578,-942728263,73492333,22469846,0,9999,98036,2024,14590
$$HAR,15:56:05,417740578,-942728263,73492333,22469846,0,9999,98034,2023,14594
$$HAR,15:56:08,417740578,-942728263,73492333,22469846,0,9999,98034,2022,14588
$$HAR,15:56:11,417740578,-942728263,73492333,22469846,0,9999,98036,2021,14594
$$HAR,15:56:14,417740578,-942728263,73492333,22469846,0,9999,98034,2020,14588
$$HAR,15:56:17,417740578,-942728263,73492333,22469846,0,9999,98036,2019,14587
$$HAR,15:56:20,417740578,-942728263,73492333,22469846,0,9999,98036,2018,14587
$$HAR,15:56:23,417740578,-942728263,73492333,22469846,0,9999,98036,2017,14587
$$HAR,15:56:26,417740578,-942728263,73492333,22469846,0,9999,98036,2016,14592
$$HAR,15:56:29,417740578,-942728263,73492333,22469846,0,9999,98034,2015,14586
$$HAR,15:56:32,417740578,-942728263,73492333,22469846,0,9999,98036,2014,14586
$$HAR,15:56:35,417740578,-942728263,73492333,22469846,0,9999,98034,2013,14585
$$HAR,15:56:38,417740578,-942728263,73492333,22469846,0,9999,98036,2013,14585
$$HAR,15:56:41,417740578,-942728263,73492333,22469846,0,9999,98034,2012,14585
$$HAR,15:56:44,417740578,-942728263,73492333,22469846,0,9999,98036,2011,14589
$$HAR,15:56:47,417740578,-942728263,73492333,22469846,0,9999,98036,2010,14584
$$HAR,15:56:50,417740578,-942728263,73492333,22469846,0,9999,98038,2009,14588
$$HAR,15:56:53,417740578,-942728263,73492333,22469846,0,9999,98036,2008,14583
$$HAR,15:56:56,417740578,-942728263,73492333,22469846,0,9999,98038,2007,14583
$$HAR,15:56:59,417740578,-942728263,73492333,22469846,0,9999,98040,2006,14582
$$HAR,15:57:02,417740578,-942728263,73492333,22469846,0,9999,98036,2005,14582
$$HAR,15:57:05,417740578,-942728263,73492333,22469846,0,9999,98036,2005,14582
$$HAR,15:57:08,417740578,-942728263,73492333,22469846,0,9999,98034,2004,14586
$$HAR,15:57:11,417740578,-942728263,73492333,22469846,0,9999,98036,2003,14586
$$HAR,15:57:14,417740578,-942728263,73492333,22469846,0,9999,98034,2002,14580
$$HAR,15:57:17,417740578,-942728263,73492333,22469846,0,9999,98036,2001,14584
$$HAR,15:57:20,417740578,-942728263,73492333,22469846,0,9999,98034,2000,14586
$$HAR,15:57:23,417740578,-942728263,73492333,22469846,0,9999,98034,1999,14580
$$HAR,15:57:26,417740578,-942728263,73492333,22469846,0,9999,98036,1998,14580
$$HAR,15:57:29,417740578,-942728263,73492333,22469846,0,9999,98034,1998,14576
$$HAR,15:57:32,417740578,-942728263,73492333,22469846,0,9999,98036,1997,14580
$$HAR,15:57:35,417740578,-942728263,73492333,22469846,0,9999,98034,1996,14580
$$HAR,15:57:38,417740578,-942728263,73492333,22469846,0,9999,98034,1995,14579
$$HAR,15:57:41,417740578,-942728263,73492333,22469846,0,9999,98036,1994,14579
$$HAR,15:57:44,417740578,-942728263,73492333,22469846,0,9999,98034,1994,14574
$$HAR,15:57:47,417740578,-942728263,73492333,22469846,0,9999,98036,1993,14577
$$HAR,15:57:50,417740578,-942728263,73492333,22469846,0,9999,98034,1992,14572
$$HAR,15:57:53,417740578,-942728263,73492333,22469846,0,9999,98036,1991,14581
$$HAR,15:57:56,417740578,-942728263,73492333,22469846,0,9999,98034,1990,14576
$$HAR,15:57:59,417740578,-942728263,73492333,22469846,0,9999,98036,1990,14576
$$HAR,15:58:02,417740578,-942728263,73492333,22469846,0,9999,98036,1989,14571
$$HAR,15:58:05,417740578,-942728263,73492333,22469846,0,9999,98036,1988,14575
$$HAR,15:58:08,417740578,-942728263,73492333,22469846,0,9999,98036,1987,14570
$$HAR,15:58:11,417740578,-942728263,73492333,22469846,0,9999,98032,1986,14569
$$HAR,15:58:14,417740578,-942728263,73492333,22469846,0,9999,98036,1986,14569
$$HAR,15:58:17,417740578,-942728263,73492333,22469846,0,9999,98034,1985,14574
$$HAR,15:58:20,417740578,-942728263,73492333,22469846,0,9999,98034,1984,14573
$$HAR,15:58:23,417740578,-942728263,73492333,22469846,0,9999,98036,1983,14573
$$HAR,15:58:26,417740578,-942728263,73492333,22469846,0,9999,98034,1982,14572
$$HAR,15:58:29,417740578,-942728263,73492333,22469846,0,9999,98034,1982,14572
$$HAR,15:58:32,417740578,-942728263,73492333,22469846,0,9999,98036,1981,14572
$$HAR,15:58:35,417740578,-942728263,73492333,22469846,0,9999,98034,1981,14568
$$HAR,15:58:38,417740578,-942728263,73492333,22469846,0,9999,98034,1980,14572
$$HAR,15:58:41,417740578,-942728263,73492333,22469846,0,9999,98036,1979,14572
$$HAR,15:58:44,417740578,-942728263,73492333,22469846,0,9999,98034,1979,14572
$$HAR,15:58:47,417740578,-942728263,73492333,22469846,0,9999,98036,1978,14567
$$HAR,15:58:50,417740578,-942728263,73492333,22469846,0,9999,98036,1977,14571
$$HAR,15:58:53,417740578,-942728263,73492333,22469846,0,9999,98036,1976,14565
$$HAR,15:58:56,417740578,-942728263,73492333,22469846,0,9999,98036,1976,14570
$$HAR,15:58:59,417740578,-942728263,73492333,22469846,0,9999,98034,1975,14569
$$HAR,15:59:02,417740578,-942728263,73492333,22469846,0,9999,98036,1974,14569
$$HAR,15:59:05,417740578,-942728263,73492333,22469846,0,9999,98038,1973,14568
$$HAR,15:59:08,417740578,-942728263,73492333,22469846,0,9999,98036,1972,14563
$$HAR,15:59:11,417740578,-942728263,73492333,22469846,0,9999,98038,1971,14567
$$HAR,15:59:14,417740578,-942728263,73492333,22469846,0,9999,98036,1970,14567
$$HAR,15:59:17,417740578,-942728263,73492333,22469846,0,9999,98038,1969,14562
$$HAR,15:59:20,417740578,-942728263,73492333,22469846,0,9999,98032,1968,14567
$$HAR,15:59:23,417740578,-942728263,73492333,22469846,0,9999,98034,1967,14562
$$HAR,15:59:26,417740578,-942728263,73492333,22469846,0,9999,98032,1967,14567
$$HAR,15:59:29,417740578,-942728263,73492333,22469846,0,9999,98034,1966,14566
$$HAR,15:59:32,417740578,-942728263,73492333,22469846,0,9999,98030,1965,14566
$$HAR,15:59:35,417740578,-942728263,73492333,22469846,0,9999,98032,1964,14565
$$HAR,15:59:38,417740578,-942728263,73492333,22469846,0,9999,98032,1963,14565
$$HAR,15:59:41,417740578,-942728263,73492333,22469846,0,9999,98030,1962,14564
$$HAR,15:59:44,417740578,-942728263,73492333,22469846,0,9999,98032,1962,14564
$$HAR,15:59:47,417740578,-942728263,73492333,22469846,0,9999,98030,1961,14564
$$HAR,15:59:50,417740578,-942728263,73492333,22469846,0,9999,98032,1960,14564
$$HAR,15:59:53,417740578,-942728263,73492333,22469846,0,9999,98032,1959,14562
$$HAR,15:59:56,417740578,-942728263,73492333,22469846,0,9999,98032,1958,14562
$$HAR,15:59:59,417740578,-942728263,73492333,22469846,0,9999,98034,1958,14562
$$HAR,16:00:02,417740578,-942728263,73492333,22469846,0,9999,98030,1957,14561
$$HAR,16:00:05,417740578,-942728263,73492333,22469846,0,9999,98030,1956,14566
$$HAR,16:00:08,417740578,-942728263,73492333,22469846,0,9999,98030,1955,14560
$$HAR,16:00:11,417740578,-942728263,73492333,22469846,0,9999,98028,1956,14566
$$HAR,16:00:14,417740578,-942728263,73492333,22469846,0,9999,98028,1956,14556
$$HAR,16:00:17,417740578,-942728263,73492333,22469846,0,9999,98028,1955,14551
$$HAR,16:00:20,417740578,-942728263,73492333,22469846,0,9999,98030,1953,14550
$$HAR,16:00:23,417740578,-942728263,73492333,22469846,0,9999,98032,1952,14555
$$HAR,16:00:26,417740578,-942728263,73492333,22469846,0,9999,98034,1952,14555
$$HAR,16:00:29,417740578,-942728263,73492333,22469846,0,9999,98032,1951,14549
$$HAR,16:00:32,417740578,-942728263,73492333,22469846,0,9999,98034,1950,14554
$$HAR,16:00:35,417740578,-942728263,73492333,22469846,0,9999,98030,1949,14554
$$HAR,16:00:38,417740578,-942728263,73492333,22469846,0,9999,98032,1948,14553
$$HAR,16:00:41,417740578,-942728263,73492333,22469846,0,9999,98030,1947,14553
$$HAR,16:00:44,417740578,-942728263,73492333,22469846,0,9999,98032,1946,14552
$$HAR,16:00:47,417740578,-942728263,73492333,22469846,0,9999,98032,1946,14557
$$HAR,16:00:50,417740578,-942728263,73492333,22469846,0,9999,98032,1945,14562
$$HAR,16:00:53,417740578,-942728263,73492333,22469846,0,9999,98032,1944,14560
$$HAR,16:00:56,417740578,-942728263,73492333,22469846,0,9999,98030,1943,14560
$$HAR,16:00:59,417740578,-942728263,73492333,22469846,0,9999,98032,1942,14555
$$HAR,16:01:02,417740578,-942728263,73492333,22469846,0,9999,98032,1942,14555
$$HAR,16:01:05,417740578,-942728263,73492333,22469846,0,9999,98030,1941,14560
$$HAR,16:01:08,417740578,-942728263,73492333,22469846,0,9999,98032,1940,14555
$$HAR,16:01:11,417740578,-942728263,73492333,22469846,0,9999,98030,1939,14553
$$HAR,16:01:14,417740578,-942728263,73492333,22469846,0,9999,98030,1938,14553
$$HAR,16:01:17,417740578,-942728263,73492333,22469846,0,9999,98032,1938,14553
$$HAR,16:01:20,417740578,-942728263,73492333,22469846,0,9999,98030,1937,14552
$$HAR,16:01:23,417740578,-942728263,73492333,22469846,0,9999,98032,1936,14554
$$HAR,16:01:26,417740578,-942728263,73492333,22469846,0,9999,98030,1935,14553
$$HAR,16:01:29,417740578,-942728263,73492333,22469846,0,9999,98030,1934,14552
$$HAR,16:01:32,417740578,-942728263,73492333,22469846,0,9999,98028,1934,14552
$$HAR,16:01:35,417740578,-942728263,73492333,22469846,0,9999,98030,1933,14552
$$HAR,16:01:38,417740578,-942728263,73492333,22469846,0,9999,98030,1932,14552
$$HAR,16:01:41,417740578,-942728263,73492333,22469846,0,9999,98030,1931,14550
$$HAR,16:01:44,417740578,-942728263,73492333,22469846,0,9999,98030,1931,14550
$$HAR,16:01:47,417740578,-942728263,73492333,22469846,0,9999,98026,1930,14550
$$HAR,16:01:50,417740578,-942728263,73492333,22469846,0,9999,98028,1929,14555
$$HAR,16:01:53,417740578,-942728263,73492333,22469846,0,9999,98030,1928,14549
$$HAR,16:01:56,417740578,-942728263,73492333,22469846,0,9999,98030,1927,14553
$$HAR,16:01:59,417740578,-942728263,73492333,22469846,0,9999,98030,1927,14549
$$HAR,16:02:02,417740578,-942728263,73492333,22469846,0,9999,98028,1926,14548
$$HAR,16:02:05,417740578,-942728263,73492333,22469846,0,9999,98030,1925,14548
$$HAR,16:02:08,417740578,-942728263,73492333,22469846,0,9999,98028,1924,14547
$$HAR,16:02:11,417740578,-942728263,73492333,22469846,0,9999,98030,1923,14552
$$HAR,16:02:14,417740578,-942728263,73492333,22469846,0,9999,98032,1922,14546
$$HAR,16:02:17,417740578,-942728263,73492333,22469846,0,9999,98030,1921,14546
$$HAR,16:02:20,417740578,-942728263,73492333,22469846,0,9999,98032,1921,14550
$$HAR,16:02:23,417740578,-942728263,73492333,22469846,0,9999,98030,1920,14552
$$HAR,16:02:26,417740578,-942728263,73492333,22469846,0,9999,98032,1919,14545
$$HAR,16:02:29,417740578,-942728263,73492333,22469846,0,9999,98030,1918,14545
$$HAR,16:02:32,417740578,-942728263,73492333,22469846,0,9999,98032,1917,14545
$$HAR,16:02:35,417740578,-942728263,73492333,22469846,0,9999,98032,1917,14545
$$HAR,16:02:38,417740578,-942728263,73492333,22469846,0,9999,98030,1916,14545
$$HAR,16:02:41,417740578,-942728263,73492333,22469846,0,9999,98032,1915,14544
$$HAR,16:02:44,417740578,-942728263,73492333,22469846,0,9999,98032,1914,14544
$$HAR,16:02:47,417740578,-942728263,73492333,22469846,0,9999,98028,1913,14538
$$HAR,16:02:50,417740578,-942728263,73492333,22469846,0,9999,98030,1913,14547
$$HAR,16:02:53,417740578,-942728263,73492333,22469846,0,9999,98028,1912,14542
$$HAR,16:02:56,417740578,-942728263,73492333,22469846,0,9999,98030,1911,14541
$$HAR,16:02:59,417740578,-942728263,73492333,22469846,0,9999,98032,1910,14541
$$HAR,16:03:02,417740578,-942728263,73492333,22469846,0,9999,98028,1909,14536
$$HAR,16:03:05,417740578,-942728263,73492333,22469846,0,9999,98028,1909,14541
$$HAR,16:03:08,417740578,-942728263,73492333,22469846,0,9999,98026,1908,14540
$$HAR,16:03:11,417740578,-942728263,73492333,22469846,0,9999,98026,1907,14540
$$HAR,16:03:14,417740578,-942728263,73492333,22469846,0,9999,98026,1906,14539
$$HAR,16:03:17,417740578,-942728263,73492333,22469846,0,9999,98026,1905,14534
$$HAR,16:03:20,417740578,-942728263,73492333,22469846,0,9999,98026,1905,14539
$$HAR,16:03:23,417740578,-942728263,73492333,22469846,0,9999,98024,1904,14534
$$HAR,16:03:26,417740578,-942728263,73492333,22469846,0,9999,98026,1903,14539
$$HAR,16:03:29,417740578,-942728263,73492333,22469846,0,9999,98026,1902,14538
$$HAR,16:03:32,417740578,-942728263,73492333,22469846,0,9999,98028,1901,14538
$$HAR,16:03:35,417740578,-942728263,73492333,22469846,0,9999,98026,1900,14533
$$HAR,16:03:38,417740578,-942728263,73492333,22469846,0,9999,98028,1900,14538
$$HAR,16:03:41,417740578,-942728263,73492333,22469846,0,9999,98030,1899,14537
$$HAR,16:03:44,417740578,-942728263,73492333,22469846,0,9999,98030,1898,14537
$$HAR,16:03:47,417740578,-942728263,73492333,22469846,0,9999,98030,1897,14531
$$HAR,16:03:50,417740578,-942728263,73492333,22469846,0,9999,98032,1897,14531
$$HAR,16:03:53,417740578,-942728263,73492333,22469846,0,9999,98028,1896,14536
$$HAR,16:03:56,417740578,-942728263,73492333,22469846,0,9999,98030,1895,14530
$$HAR,16:03:59,417740578,-942728263,73492333,22469846,0,9999,98028,1894,14529
$$HAR,16:04:02,417740578,-942728263,73492333,22469846,0,9999,98030,1893,14528
$$HAR,16:04:05,417740578,-942728263,73492333,22469846,0,9999,98028,1893,14533
$$HAR,16:04:08,417740578,-942728263,73492333,22469846,0,9999,98030,1892,14528
$$HAR,16:04:11,417740578,-942728263,73492333,22469846,0,9999,98032,1891,14528
$$HAR,16:04:14,417740578,-942728263,73492333,22469846,0,9999,98028,1890,14532
$$HAR,16:04:17,417740578,-942728263,73492333,22469846,0,9999,98030,1889,14528
$$HAR,16:04:20,417740578,-942728263,73492333,22469846,0,9999,98028,1889,14532
$$HAR,16:04:23,417740578,-942728263,73492333,22469846,0,9999,98030,1888,14523
$$HAR,16:04:26,417740578,-942728263,73492333,22469846,0,9999,98032,1887,14528
$$HAR,16:04:29,417740578,-942728263,73492333,22469846,0,9999,98030,1886,14527
$$HAR,16:04:32,417740578,-942728263,73492333,22469846,0,9999,98030,1885,14527
$$HAR,16:04:35,417740578,-942728263,73492333,22469846,0,9999,98028,1885,14527
$$HAR,16:04:38,417740578,-942728263,73492333,22469846,0,9999,98030,1884,14530
$$HAR,16:04:41,417740578,-942728263,73492333,22469846,0,9999,98030,1883,14530
$$HAR,16:04:44,417740578,-942728263,73492333,22469846,0,9999,98030,1882,14524
$$HAR,16:04:47,417740578,-942728263,73492333,22469846,0,9999,98030,1882,14524
$$HAR,16:04:50,417740578,-942728263,73492333,22469846,0,9999,98030,1881,14524
$$HAR,16:04:53,417740578,-942728263,73492333,22469846,0,9999,98028,1880,14524
$$HAR,16:04:56,417740578,-942728263,73492333,22469846,0,9999,98030,1879,14524
$$HAR,16:04:59,417740578,-942728263,73492333,22469846,0,9999,98028,1879,14524
$$HAR,16:05:02,417740578,-942728263,73492333,22469846,0,9999,98028,1878,14524
$$HAR,16:05:05,417740578,-942728263,73492333,22469846,0,9999,98030,1877,14521
$$HAR,16:05:08,417740578,-942728263,73492333,22469846,0,9999,98028,1877,14517
$$HAR,16:05:11,417740578,-942728263,73492333,22469846,0,9999,98028,1876,14521
$$HAR,16:05:14,417740578,-942728263,73492333,22469846,0,9999,98030,1876,14521
$$HAR,16:05:17,417740578,-942728263,73492333,22469846,0,9999,98030,1875,14520
$$HAR,16:05:20,417740578,-942728263,73492333,22469846,0,9999,98028,1875,14516
$$HAR,16:05:23,417740578,-942728263,73492333,22469846,0,9999,98028,1874,14516
$$HAR,16:05:26,417740578,-942728263,73492333,22469846,0,9999,98030,1873,14520
$$HAR,16:05:29,417740578,-942728263,73492333,22469846,0,9999,98028,1873,14520
$$HAR,16:05:32,417740578,-942728263,73492333,22469846,0,9999,98030,1872,14521
$$HAR,16:05:35,417740578,-942728263,73492333,22469846,0,9999,98028,1872,14516
$$HAR,16:05:38,417740578,-942728263,73492333,22469846,0,9999,98028,1871,14520
$$HAR,16:05:41,417740578,-942728263,73492333,22469846,0,9999,98022,1871,14515
$$HAR,16:05:44,417740578,-942728263,73492333,22469846,0,9999,98024,1870,14520
$$HAR,16:05:47,417740578,-942728263,73492333,22469846,0,9999,98024,1870,14520
$$HAR,16:05:50,417740578,-942728263,73492333,22469846,0,9999,98022,1869,14514
$$HAR,16:05:53,417740578,-942728263,73492333,22469846,0,9999,98024,1869,14514
$$HAR,16:05:56,417740578,-942728263,73492333,22469846,0,9999,98024,1868,14513
$$HAR,16:05:59,417740578,-942728263,73492333,22469846,0,9999,98024,1868,14513
$$HAR,16:06:02,417740578,-942728263,73492333,22469846,0,9999,98026,1868,14513
$$HAR,16:06:05,417740578,-942728263,73492333,22469846,0,9999,98028,1867,14513
$$HAR,16:06:08,417740578,-942728263,73492333,22469846,0,9999,98026,1867,14513
$$HAR,16:06:11,417740578,-942728263,73492333,22469846,0,9999,98026,1867,14509
$$HAR,16:06:14,417740578,-942728263,73492333,22469846,0,9999,98026,1866,14512
$$HAR,16:06:17,417740578,-942728263,73492333,22469846,0,9999,98026,1866,14512
$$HAR,16:06:20,417740578,-942728263,73492333,22469846,0,9999,98028,1866,14512
$$HAR,16:06:23,417740578,-942728263,73492333,22469846,0,9999,98028,1865,14508
$$HAR,16:06:26,417740578,-942728263,73492333,22469846,0,9999,98026,1865,14503
$$HAR,16:06:29,417740578,-942728263,73492333,22469846,0,9999,98026,1864,14512
$$HAR,16:06:32,417740578,-942728263,73492333,22469846,0,9999,98026,1864,14507
$$HAR,16:06:35,417740578,-942728263,73492333,22469846,0,9999,98024,1863,14502
$$HAR,16:06:38,417740578,-942728263,73492333,22469846,0,9999,98026,1862,14501
$$HAR,16:06:41,417740578,-942728263,73492333,22469846,0,9999,98028,1862,14501
$$HAR,16:06:44,417740578,-942728263,73492333,22469846,0,9999,98026,1861,14506
$$HAR,16:06:47,417740578,-942728263,73492333,22469846,0,9999,98026,1861,14506
$$HAR,16:06:50,417740578,-942728263,73492333,22469846,0,9999,98026,1860,14501
$$HAR,16:06:53,417740578,-942728263,73492333,22469846,0,9999,98026,1859,14504
$$HAR,16:06:56,417740578,-942728263,73492333,22469846,0,9999,98024,1859,14504
$$HAR,16:06:59,417740578,-942728263,73492333,22469846,0,9999,98026,1859,14499
$$HAR,16:07:02,417740578,-942728263,73492333,22469846,0,9999,98026,1858,14499
$$HAR,16:07:05,417740578,-942728263,73492333,22469846,0,9999,98026,1858,14499
$$HAR,16:07:08,417740578,-942728263,73492333,22469846,0,9999,98028,1858,14499
$$HAR,16:07:11,417740578,-942728263,73492333,22469846,0,9999,98026,1857,14494
$$HAR,16:07:14,417740578,-942728263,73492333,22469846,0,9999,98026,1857,14499
$$HAR,16:07:17,417740578,-942728263,73492333,22469846,0,9999,98026,1856,14495
$$HAR,16:07:20,417740578,-942728263,73492333,22469846,0,9999,98026,1855,14499
$$HAR,16:07:23,417740578,-942728263,73492333,22469846,0,9999,98024,1855,14499
$$HAR,16:07:26,417740578,-942728263,73492333,22469846,0,9999,98026,1854,14499
$$HAR,16:07:29,417740578,-942728263,73492333,22469846,0,9999,98026,1854,14499
$$HAR,16:07:32,417740578,-942728263,73492333,22469846,0,9999,98026,1853,14498
$$HAR,16:07:35,417740578,-942728263,73492333,22469846,0,9999,98026,1853,14498
$$HAR,16:07:38,417740578,-942728263,73492333,22469846,0,9999,98028,1852,14498
$$HAR,16:07:41,417740578,-942728263,73492333,22469846,0,9999,98028,1852,14498
$$HAR,16:07:44,417740578,-942728263,73492333,22469846,0,9999,98030,1852,14498
$$HAR,16:07:47,417740578,-942728263,73492333,22469846,0,9999,97991,1851,14497
$$HAR,16:07:50,417740578,-942728263,73492333,22469846,0,9999,97873,1850,14496
$$HAR,16:07:53,417740578,-942728263,73492333,22469846,0,9999,97732,1850,14496
$$HAR,16:07:56,417740578,-942728263,73492333,22469846,0,9999,97551,1850,14491
$$HAR,16:07:59,417740578,-942728263,73492333,22469846,0,9999,97368,1849,14491
$$HAR,16:08:02,417740578,-942728263,73492333,22469846,0,9999,97162,1849,14491
$$HAR,16:08:05,417740578,-942728263,73492333,22469846,0,9999,96957,1848,14490
$$HAR,16:08:08,417740578,-942728263,73492333,22469846,0,9999,96749,1848,14481
$$HAR,16:08:11,417740578,-942728263,73492333,22469846,0,9999,96527,1847,14481
$$HAR,16:08:14,417740578,-942728263,73492333,22469846,0,9999,96315,1847,14476
$$HAR,16:08:17,417740578,-942728263,73492333,22469846,0,9999,96107,1846,14475
$$HAR,16:08:20,417740578,-942728263,73492333,22469846,0,9999,95907,1845,14470
$$HAR,16:08:23,417740578,-942728263,73492333,22469846,0,9999,95713,1845,14470
$$HAR,16:08:26,417740578,-942728263,73492333,22469846,0,9999,95490,1844,14469
$$HAR,16:08:29,417740578,-942728263,73492333,22469846,0,9999,95274,1843,14459
$$HAR,16:08:32,417740578,-942728263,73492333,22469846,0,9999,95047,1844,14464
$$HAR,16:08:35,417740578,-942728263,73492333,22469846,0,9999,94823,1845,14460
$$HAR,16:08:38,417740578,-942728263,73492333,22469846,0,9999,94616,1844,14450
$$HAR,16:08:41,417740578,-942728263,73492333,22469846,0,9999,94400,1843,14449
$$HAR,16:08:44,417740578,-942728263,73492333,22469846,0,9999,94171,1844,14445
$$HAR,16:08:47,417740578,-942728263,73492333,22469846,0,9999,93953,1843,14435
$$HAR,16:08:50,417740578,-942728263,73492333,22469846,0,9999,93738,1843,14435
$$HAR,16:08:53,417740578,-942728263,73492333,22469846,0,9999,93520,1842,14429
$$HAR,16:08:56,417740578,-942728263,73492333,22469846,0,9999,93303,1842,14419
$$HAR,16:08:59,417740578,-942728263,73492333,22469846,0,9999,93095,1841,14419
$$HAR,16:09:02,417740578,-942728263,73492333,22469846,0,9999,92883,1841,14419
$$HAR,16:09:05,417740578,-942728263,73492333,22469846,0,9999,92680,1842,14419
$$HAR,16:09:08,417740578,-942728263,73492333,22469846,0,9999,92460,1841,14410
$$HAR,16:09:11,417740578,-942728263,73492333,22469846,0,9999,92263,1842,14410
$$HAR,16:09:14,417740578,-942728263,73492333,22469846,0,9999,92072,1842,14405
$$HAR,16:09:17,417740578,-942728263,73492333,22469846,0,9999,91861,1843,14406
$$HAR,16:09:20,417740578,-942728263,73492333,22469846,0,9999,91653,1843,14396
$$HAR,16:09:23,417740578,-942728263,73492333,22469846,0,9999,91448,1842,14391
$$HAR,16:09:26,417740578,-942728263,73492333,22469846,0,9999,91229,1841,14386
$$HAR,16:09:29,417740578,-942728263,73492333,22469846,0,9999,91017,1841,14386
$$HAR,16:09:32,417740578,-942728263,73492333,22469846,0,9999,90801,1839,14377
$$HAR,16:09:35,417740578,-942728263,73492333,22469846,0,9999,90576,1837,14371
$$HAR,16:09:38,417740578,-942728263,73492333,22469846,0,9999,90357,1836,14371
$$HAR,16:09:41,417740578,-942728263,73492333,22469846,0,9999,90154,1835,14385
$$HAR,16:09:44,417740578,-942728263,73492333,22469846,0,9999,89950,1835,14385
$$HAR,16:09:47,417740578,-942728263,73492333,22469846,0,9999,89733,1835,14380
$$HAR,16:09:50,417740578,-942728263,73492333,22469846,0,9999,89527,1834,14369
$$HAR,16:09:53,417740578,-942728263,73492333,22469846,0,9999,89310,1833,14373
$$HAR,16:09:56,417740578,-942728263,73492333,22469846,0,9999,89103,1831,14373
$$HAR,16:09:59,417740578,-942728263,73492333,22469846,0,9999,88884,1831,14373
$$HAR,16:10:02,417740578,-942728263,73492333,22469846,0,9999,88672,1829,14368
$$HAR,16:10:05,417740578,-942728263,73492333,22469846,0,9999,88463,1830,14368
$$HAR,16:10:08,417740578,-942728263,73492333,22469846,0,9999,88255,1829,14363
$$HAR,16:10:11,417740578,-942728263,73492333,22469846,0,9999,88042,1828,14362
$$HAR,16:10:14,417740578,-942728263,73492333,22469846,0,9999,87852,1827,14362
$$HAR,16:10:17,417740578,-942728263,73492333,22469846,0,9999,87641,1828,14366
$$HAR,16:10:20,417740578,-942728263,73492333,22469846,0,9999,87440,1827,14357
$$HAR,16:10:23,417740578,-942728263,73492333,22469846,0,9999,87228,1825,14356
$$HAR,16:10:26,417740578,-942728263,73492333,22469846,0,9999,87013,1824,14361
$$HAR,16:10:29,417740578,-942728263,73492333,22469846,0,9999,86802,1823,14365
$$HAR,16:10:32,417740578,-942728263,73492333,22469846,0,9999,86583,1823,14370
$$HAR,16:10:35,417740578,-942728263,73492333,22469846,0,9999,86378,1823,14365
$$HAR,16:10:38,417740578,-942728263,73492333,22469846,0,9999,86172,1822,14360
$$HAR,16:10:41,417740578,-942728263,73492333,22469846,0,9999,85978,1821,14360
$$HAR,16:10:44,417740578,-942728263,73492333,22469846,0,9999,85779,1821,14364
$$HAR,16:10:47,417740578,-942728263,73492333,22469846,0,9999,85576,1821,14360
$$HAR,16:10:50,417740578,-942728263,73492333,22469846,0,9999,85371,1820,14360
$$HAR,16:10:53,417740578,-942728263,73492333,22469846,0,9999,85165,1821,14360
$$HAR,16:10:56,417740578,-942728263,73492333,22469846,0,9999,84954,1819,14354
$$HAR,16:10:59,417740578,-942728263,73492333,22469846,0,9999,84747,1818,14358
$$HAR,16:11:02,417740578,-942728263,73492333,22469846,0,9999,84550,1816,14358
$$HAR,16:11:05,417740578,-942728263,73492333,22469846,0,9999,84353,1815,14361
$$HAR,16:11:08,417740578,-942728263,73492333,22469846,0,9999,84148,1814,14361
$$HAR,16:11:11,417740578,-942728263,73492333,22469846,0,9999,83949,1815,14365
$$HAR,16:11:14,417740578,-942728263,73492333,22469846,0,9999,83746,1814,14365
$$HAR,16:11:17,417740578,-942728263,73492333,22469846,0,9999,83543,1815,14365
$$HAR,16:11:20,417740578,-942728263,73492333,22469846,0,9999,83340,1815,14361
$$HAR,16:11:23,417740578,-942728263,73492333,22469846,0,9999,83132,1815,14356
$$HAR,16:11:26,417740578,-942728263,73492333,22469846,0,9999,82933,1813,14351
$$HAR,16:11:29,417740578,-942728263,73492333,22469846,0,9999,82722,1812,14351
$$HAR,16:11:32,417740578,-942728263,73492333,22469846,0,9999,82521,1810,14354
$$HAR,16:11:35,417740578,-942728263,73492333,22469846,0,9999,82333,1809,14354
$$HAR,16:11:38,417740578,-942728263,73492333,22469846,0,9999,82122,1809,14363
$$HAR,16:11:41,417740578,-942728263,73492333,22469846,0,9999,81925,1809,14363
$$HAR,16:11:44,417740578,-942728263,73492333,22469846,0,9999,81724,1808,14354
$$HAR,16:11:47,417740578,-942728263,73492333,22469846,0,9999,81529,1809,14359
$$HAR,16:11:50,417740578,-942728263,73492333,22469846,0,9999,81327,1808,14354
$$HAR,16:11:53,417740578,-942728263,73492333,22469846,0,9999,81132,1809,14354
$$HAR,16:11:56,417740578,-942728263,73492333,22469846,0,9999,80935,1809,14349
$$HAR,16:11:59,417740578,-942728263,73492333,22469846,0,9999,80730,1808,14344
$$HAR,16:12:02,417740578,-942728263,73492333,22469846,0,9999,80538,1807,14335
$$HAR,16:12:05,417740578,-942728263,73492333,22469846,0,9999,80339,1806,14339
$$HAR,16:12:08,417740578,-942728263,73492333,22469846,0,9999,80148,1805,14343
$$HAR,16:12:11,417740578,-942728263,73492333,22469846,0,9999,79951,1804,14342
$$HAR,16:12:11,417740578,-942728263,73492333,22469846,0,9999,79754,1803,14342
$$HAR,16:12:17,417740578,-942728263,73492333,22469846,0,9999,79556,1804,14352
$$HAR,16:12:20,417740578,-942728263,73492333,22469846,0,9999,79369,1803,14342
$$HAR,16:12:23,417740578,-942728263,73492333,22469846,0,9999,79180,1802,14336
$$HAR,16:12:26,417740578,-942728263,73492333,22469846,0,9999,78981,1801,14341
$$HAR,16:12:29,417740578,-942728263,73492333,22469846,0,9999,78773,1801,14341
$$HAR,16:12:32,417740578,-942728263,73492333,22469846,0,9999,78580,1801,14346
$$HAR,16:12:35,417740578,-942728263,73492333,22469846,0,9999,78397,1801,14341
$$HAR,16:12:38,417740578,-942728263,73492333,22469846,0,9999,78194,1800,14341
$$HAR,16:12:41,417740578,-942728263,73492333,22469846,0,9999,78013,1799,14340
$$HAR,16:12:46,417740578,-942728263,73492333,22469846,0,9999,77781,1798,14349
$$HAR,16:12:49,417740578,-942728263,73492333,22469846,0,9999,77577,1797,14343
$$HAR,16:12:52,417740578,-942728263,73492333,22469846,0,9999,77378,1797,14348
$$HAR,16:12:55,417740578,-942728263,73492333,22469846,0,9999,77176,1796,14343
$$HAR,16:12:58,417740578,-942728263,73492333,22469846,0,9999,76975,1794,14337
$$HAR,16:13:01,417740578,-942728263,73492333,22469846,0,9999,76776,1793,14337
$$HAR,16:13:04,417740578,-942728263,73492333,22469846,0,9999,76586,1791,14337
$$HAR,16:13:07,417740578,-942728263,73492333,22469846,0,9999,76393,1792,14347
$$HAR,16:13:10,417740578,-942728263,73492333,22469846,0,9999,76208,1793,14346
$$HAR,16:13:13,417740578,-942728263,73492333,22469846,0,9999,76021,1791,14337
$$HAR,16:13:16,417740578,-942728263,73492333,22469846,0,9999,75838,1790,14337
$$HAR,16:13:19,417740578,-942728263,73492333,22469846,0,9999,75640,1788,14336
$$HAR,16:13:22,417740578,-942728263,73492333,22469846,0,9999,75459,1787,14336
$$HAR,16:13:25,417740578,-942728263,73492333,22469846,0,9999,75266,1788,14340
$$HAR,16:13:28,417740578,-942728263,73492333,22469846,0,9999,75074,1788,14340
$$HAR,16:13:31,417740578,-942728263,73492333,22469846,0,9999,74899,1787,14336
$$HAR,16:13:34,417740578,-942728263,73492333,22469846,0,9999,74732,1786,14330
$$HAR,16:13:37,417740578,-942728263,73492333,22469846,0,9999,74545,1785,14330
$$HAR,16:13:40,417740578,-942728263,73492333,22469846,0,9999,74357,1784,14333
$$HAR,16:13:43,417740578,-942728263,73492333,22469846,0,9999,74174,1783,14333
$$HAR,16:13:46,417740578,-942728263,73492333,22469846,0,9999,73981,1782,14333
$$HAR,16:13:49,417740578,-942728263,73492333,22469846,0,9999,73804,1781,14328
$$HAR,16:13:52,417740578,-942728263,73492333,22469846,0,9999,73626,1780,14328
$$HAR,16:13:55,417740578,-942728263,73492333,22469846,0,9999,73446,1780,14337
$$HAR,16:13:58,417740578,-942728263,73492333,22469846,0,9999,73266,1780,14333
$$HAR,16:14:01,417740578,-942728263,73492333,22469846,0,9999,73091,1781,14328
$$HAR,16:14:04,417740578,-942728263,73492333,22469846,0,9999,72912,1781,14323
$$HAR,16:14:07,417740578,-942728263,73492333,22469846,0,9999,72725,1779,14317
$$HAR,16:14:10,417740578,-942728263,73492333,22469846,0,9999,72537,1779,14312
$$HAR,16:14:13,417740578,-942728263,73492333,22469846,0,9999,72362,1779,14307
$$HAR,16:14:16,417740578,-942728263,73492333,22469846,0,9999,72185,1778,14307
$$HAR,16:14:19,417740578,-942728263,73492333,22469846,0,9999,72020,1776,14302
$$HAR,16:14:22,417740578,-942728263,73492333,22469846,0,9999,71851,1775,14302
$$HAR,16:14:25,417740578,-942728263,73492333,22469846,0,9999,71682,1774,14302
$$HAR,16:14:28,417740578,-942728263,73492333,22469846,0,9999,71513,1773,14302
$$HAR,16:14:31,417740578,-942728263,73492333,22469846,0,9999,71331,1772,14297
$$HAR,16:14:34,417740578,-942728263,73492333,22469846,0,9999,71166,1772,14302
$$HAR,16:14:37,417740578,-942728263,73492333,22469846,0,9999,70989,1771,14291
$$HAR,16:14:40,417740578,-942728263,73492333,22469846,0,9999,70827,1769,14291
$$HAR,16:14:43,417740578,-942728263,73492333,22469846,0,9999,70649,1767,14285
$$HAR,16:14:46,417740578,-942728263,73492333,22469846,0,9999,70476,1766,14284
$$HAR,16:14:49,417740578,-942728263,73492333,22469846,0,9999,70302,1763,14282
$$HAR,16:14:52,417740578,-942728263,73492333,22469846,0,9999,70132,1761,14281
$$HAR,16:14:55,417740578,-942728263,73492333,22469846,0,9999,69956,1759,14286
$$HAR,16:14:58,417740578,-942728263,73492333,22469846,0,9999,69775,1758,14296
$$HAR,16:15:01,417740578,-942728263,73492333,22469846,0,9999,69602,1756,14295
$$HAR,16:15:04,417740578,-942728263,73492333,22469846,0,9999,69424,1754,14303
$$HAR,16:15:07,417740578,-942728263,73492333,22469846,0,9999,69261,1752,14297
$$HAR,16:15:10,417740578,-942728263,73492333,22469846,0,9999,69088,1751,14301
$$HAR,16:15:13,417740578,-942728263,73492333,22469846,0,9999,68905,1749,14306
$$HAR,16:15:16,417740578,-942728263,73492333,22469846,0,9999,68733,1748,14305
$$HAR,16:15:19,417740578,-942728263,73492333,22469846,0,9999,68571,1746,14309
$$HAR,16:15:19,417740578,-942728263,73492333,22469846,0,9999,68408,1746,14309
$$HAR,16:15:19,417740578,-942728263,73492333,22469846,0,9999,68252,1747,14305
$$HAR,16:15:19,417740578,-942728263,73492333,22469846,0,9999,68072,1744,14294
$$HAR,16:15:19,417740578,-942728263,73492333,22469846,0,9999,67908,1742,14298
$$HAR,16:15:34,417740578,-942728263,73492333,22469846,0,9999,67741,1742,14293
$$HAR,16:15:37,417740578,-942728263,73492333,22469846,0,9999,67586,1740,14293
$$HAR,16:15:40,417740578,-942728263,73492333,22469846,0,9999,67421,1739,14292
$$HAR,16:15:43,417740578,-942728263,73492333,22469846,0,9999,67256,1739,14292
$$HAR,16:15:46,417740578,-942728263,73492333,22469846,0,9999,67089,1738,14287
$$HAR,16:15:49,417740578,-942728263,73492333,22469846,0,9999,66938,1737,14286
$$HAR,16:15:52,417740578,-942728263,73492333,22469846,0,9999,66785,1737,14277
$$HAR,16:15:55,417740578,-942728263,73492333,22469846,0,9999,66610,1733,14269
$$HAR,16:15:58,417740578,-942728263,73492333,22469846,0,9999,66454,1732,14274
$$HAR,16:16:01,417740578,-942728263,73492333,22469846,0,9999,66292,1729,14264
$$HAR,16:16:04,417740578,-942728263,73492333,22469846,0,9999,66122,1726,14263
$$HAR,16:16:07,417740578,-942728263,73492333,22469846,0,9999,65961,1725,14267
$$HAR,16:16:07,417740578,-942728263,73492333,22469846,0,9999,65799,1722,14256
$$HAR,16:16:13,417740578,-942728263,73492333,22469846,0,9999,65623,1721,14270
$$HAR,16:16:16,417740578,-942728263,73492333,22469846,0,9999,65453,1719,14269
$$HAR,16:16:19,417740578,-942728263,73492333,22469846,0,9999,65287,1717,14264
$$HAR,16:16:22,417740578,-942728263,73492333,22469846,0,9999,65113,1714,14261
$$HAR,16:16:25,417740578,-942728263,73492333,22469846,0,9999,64937,1712,14271
$$HAR,16:16:28,417740578,-942728263,73492333,22469846,0,9999,64779,1711,14275
$$HAR,16:16:31,417740578,-942728263,73492333,22469846,0,9999,64607,1709,14266
$$HAR,16:16:34,417740578,-942728263,73492333,22469846,0,9999,64438,1708,14270
$$HAR,16:16:37,417740578,-942728263,73492333,22469846,0,9999,64273,1708,14275
$$HAR,16:16:40,417740578,-942728263,73492333,22469846,0,9999,64095,1708,14270
$$HAR,16:16:43,417740578,-942728263,73492333,22469846,0,9999,63928,1706,14258
$$HAR,16:16:46,417740578,-942728263,73492333,22469846,0,9999,63761,1703,14248
$$HAR,16:16:49,417740578,-942728263,73492333,22469846,0,9999,63587,1702,14257
$$HAR,16:16:55,417740578,-942728263,73492333,22469846,0,9999,63383,1700,14257
$$HAR,16:16:58,417740578,-942728263,73492333,22469846,0,9999,63193,1698,14260
$$HAR,16:17:01,417740578,-942728263,73492333,22469846,0,9999,63001,1695,14259
$$HAR,16:17:04,417740578,-942728263,73492333,22469846,0,9999,62811,1694,14264
$$HAR,16:17:07,417740578,-942728263,73492333,22469846,0,9999,62622,1693,14258
$$HAR,16:17:10,417740578,-942728263,73492333,22469846,0,9999,62458,1691,14243
$$HAR,16:17:13,417740578,-942728263,73492333,22469846,0,9999,62282,1690,14239
$$HAR,16:17:16,417740578,-942728263,73492333,22469846,0,9999,62104,1687,14236
$$HAR,16:17:19,417740578,-942728263,73492333,22469846,0,9999,61942,1687,14231
$$HAR,16:17:22,417740578,-942728263,73492333,22469846,0,9999,61784,1684,14211
$$HAR,16:17:25,417740578,-942728263,73492333,22469846,0,9999,61612,1682,14215
$$HAR,16:17:28,417740578,-942728263,73492333,22469846,0,9999,61444,1681,14220
$$HAR,16:17:31,417740578,-942728263,73492333,22469846,0,9999,61289,1678,14209
$$HAR,16:17:34,417740578,-942728263,73492333,22469846,0,9999,61125,1677,14213
$$HAR,16:17:37,417740578,-942728263,73492333,22469846,0,9999,60957,1675,14208
$$HAR,16:17:40,417740578,-942728263,73492333,22469846,0,9999,60797,1672,14202
$$HAR,16:17:43,417740578,-942728263,73492333,22469846,0,9999,60637,1669,14205
$$HAR,16:17:46,417740578,-942728263,73492333,22469846,0,9999,60477,1666,14198
$$HAR,16:17:49,417740578,-942728263,73492333,22469846,0,9999,60317,1663,14204
$$HAR,16:17:52,417740578,-942728263,73492333,22469846,0,9999,60161,1662,14212
$$HAR,16:17:55,417740578,-942728263,73492333,22469846,0,9999,59995,1661,14218
$$HAR,16:17:58,417740578,-942728263,73492333,22469846,0,9999,59839,1658,14206
$$HAR,16:18:01,417740578,-942728263,73492333,22469846,0,9999,59687,1657,14200
$$HAR,16:18:01,417740578,-942728263,73492333,22469846,0,9999,59525,1653,14198
$$HAR,16:18:07,417740578,-942728263,73492333,22469846,0,9999,59357,1652,14208
$$HAR,16:18:10,417740578,-942728263,73492333,22469846,0,9999,59185,1651,14207
$$HAR,16:18:13,417740578,-942728263,73492333,22469846,0,9999,59017,1648,14197
$$HAR,16:18:13,417740578,-942728263,73492333,22469846,0,9999,58845,1645,14196
$$HAR,16:18:13,417740578,-942728263,73492333,22469846,0,9999,58682,1641,14203
$$HAR,16:18:22,417740578,-942728263,73492333,22469846,0,9999,58506,1638,14202
$$HAR,16:18:28,417740578,-942728263,73492333,22469846,0,9999,58287,1636,14220
$$HAR,16:18:31,417740578,-942728263,73492333,22469846,0,9999,58090,1635,14224
$$HAR,16:18:34,417740578,-942728263,73492333,22469846,0,9999,57900,1632,14219
$$HAR,16:18:37,417740578,-942728263,73492333,22469846,0,9999,57714,1629,14218
$$HAR,16:18:40,417740578,-942728263,73492333,22469846,0,9999,57543,1628,14222
$$HAR,16:18:43,417740578,-942728263,73492333,22469846,0,9999,57375,1628,14222
$$HAR,16:18:46,417740578,-942728263,73492333,22469846,0,9999,57202,1625,14207
$$HAR,16:18:49,417740578,-942728263,73492333,22469846,0,9999,57030,1623,14205
$$HAR,16:18:52,417740578,-942728263,73492333,22469846,0,9999,56854,1621,14205
$$HAR,16:18:55,417740578,-942728263,73492333,22469846,0,9999,56683,1618,14198
$$HAR,16:18:58,417740578,-942728263,73492333,22469846,0,9999,56519,1615,14197
$$HAR,16:19:01,417740578,-942728263,73492333,22469846,0,9999,56350,1612,14201
$$HAR,16:19:04,417740578,-942728263,73492333,22469846,0,9999,56185,1609,14195
$$HAR,16:19:10,417740578,-942728263,73492333,22469846,0,9999,55956,1605,14203
$$HAR,16:19:13,417740578,-942728263,73492333,22469846,0,9999,55758,1605,14212
$$HAR,16:19:16,417740578,-942728263,73492333,22469846,0,9999,55580,1603,14206
$$HAR,16:19:19,417740578,-942728263,73492333,22469846,0,9999,55402,1599,14200
$$HAR,16:19:22,417740578,-942728263,73492333,22469846,0,9999,55229,1599,14200
$$HAR,16:19:25,417740578,-942728263,73492333,22469846,0,9999,55064,1596,14185
$$HAR,16:19:28,417740578,-942728263,73492333,22469846,0,9999,54907,1592,14183
$$HAR,16:19:31,417740578,-942728263,73492333,22469846,0,9999,54734,1589,14182
$$HAR,16:19:34,417740578,-942728263,73492333,22469846,0,9999,54584,1586,14175
$$HAR,16:19:37,417740578,-942728263,73492333,22469846,0,9999,54421,1586,14180
$$HAR,16:19:40,417740578,-942728263,73492333,22469846,0,9999,54263,1584,14176
$$HAR,16:19:43,417740578,-942728263,73492333,22469846,0,9999,54115,1581,14165
$$HAR,16:19:46,417740578,-942728263,73492333,22469846,0,9999,53960,1578,14163
$$HAR,16:19:49,417740578,-942728263,73492333,22469846,0,9999,53805,1577,14167
$$HAR,16:19:52,417740578,-942728263,73492333,22469846,0,9999,53652,1575,14166
$$HAR,16:19:55,417740578,-942728263,73492333,22469846,0,9999,53497,1573,14161
$$HAR,16:19:58,417740578,-942728263,73492333,22469846,0,9999,53343,1571,14160
$$HAR,16:20:01,417740578,-942728263,73492333,22469846,0,9999,53183,1569,14149
$$HAR,16:20:04,417740578,-942728263,73492333,22469846,0,9999,53030,1567,14154
$$HAR,16:20:07,417740578,-942728263,73492333,22469846,0,9999,52873,1565,14149
$$HAR,16:20:10,417740578,-942728263,73492333,22469846,0,9999,52715,1564,14143
$$HAR,16:20:13,417740578,-942728263,73492333,22469846,0,9999,52557,1562,14147
$$HAR,16:20:16,417740578,-942728263,73492333,22469846,0,9999,52405,1561,14137
$$HAR,16:20:19,417740578,-942728263,73492333,22469846,0,9999,52261,1561,14137
$$HAR,16:20:22,417740578,-942728263,73492333,22469846,0,9999,52104,1558,14117
$$HAR,16:20:25,417740578,-942728263,73492333,22469846,0,9999,51945,1556,14121
$$HAR,16:20:28,417740578,-942728263,73492333,22469846,0,9999,51790,1553,14109
$$HAR,16:20:28,417740578,-942728263,73492333,22469846,0,9999,51631,1551,14110
$$HAR,16:20:34,417740578,-942728263,73492333,22469846,0,9999,51479,1548,14108
$$HAR,16:20:37,417740578,-942728263,73492333,22469846,0,9999,51326,1547,14113
$$HAR,16:20:40,417740578,-942728263,73492333,22469846,0,9999,51181,1546,14107
$$HAR,16:20:43,417740578,-942728263,73492333,22469846,0,9999,51039,1544,14102
$$HAR,16:20:49,417740578,-942728263,73492333,22469846,0,9999,50845,1540,14096
$$HAR,16:20:52,417740578,-942728263,73492333,22469846,0,9999,50672,1536,14105
$$HAR,16:20:55,417740578,-942728263,73492333,22469846,0,9999,50497,1534,14109
$$HAR,16:20:58,417740578,-942728263,73492333,22469846,0,9999,50328,1532,14107
$$HAR,16:21:01,417740578,-942728263,73492333,22469846,0,9999,50153,1528,14096
$$HAR,16:21:04,417740578,-942728263,73492333,22469846,0,9999,49986,1526,14099
$$HAR,16:21:07,417740578,-942728263,73492333,22469846,0,9999,49834,1523,14089
$$HAR,16:21:10,417740578,-942728263,73492333,22469846,0,9999,49674,1521,14088
$$HAR,16:21:13,417740578,-942728263,73492333,22469846,0,9999,49515,1518,14083
$$HAR,16:21:16,417740578,-942728263,73492333,22469846,0,9999,49359,1516,14082
$$HAR,16:21:19,417740578,-942728263,73492333,22469846,0,9999,49207,1513,14075
$$HAR,16:21:22,417740578,-942728263,73492333,22469846,0,9999,49056,1511,14074
$$HAR,16:21:25,417740578,-942728263,73492333,22469846,0,9999,48907,1510,14065
$$HAR,16:21:28,417740578,-942728263,73492333,22469846,0,9999,48752,1508,14063
$$HAR,16:21:31,417740578,-942728263,73492333,22469846,0,9999,48605,1506,14062
$$HAR,16:21:34,417740578,-942728263,73492333,22469846,0,9999,48464,1503,14053
$$HAR,16:21:37,417740578,-942728263,73492333,22469846,0,9999,48311,1501,14052
$$HAR,16:21:40,417740578,-942728263,73492333,22469846,0,9999,48169,1499,14046
$$HAR,16:21:43,417740578,-942728263,73492333,22469846,0,9999,48006,1497,14040
$$HAR,16:21:46,417740578,-942728263,73492333,22469846,0,9999,47855,1495,14039
$$HAR,16:21:49,417740578,-942728263,73492333,22469846,0,9999,47718,1493,14034
$$HAR,16:21:52,417740578,-942728263,73492333,22469846,0,9999,47575,1490,14032
$$HAR,16:21:55,417740578,-942728263,73492333,22469846,0,9999,47428,1488,14028
$$HAR,16:21:58,417740578,-942728263,73492333,22469846,0,9999,47278,1486,14027
$$HAR,16:22:01,417740578,-942728263,73492333,22469846,0,9999,47137,1483,14016
$$HAR,16:22:04,417740578,-942728263,73492333,22469846,0,9999,46982,1480,14010
$$HAR,16:22:07,417740578,-942728263,73492333,22469846,0,9999,46838,1477,14009
$$HAR,16:22:10,417740578,-942728263,73492333,22469846,0,9999,46694,1475,14002
$$HAR,16:22:13,417740578,-942728263,73492333,22469846,0,9999,46554,1472,14007
$$HAR,16:22:16,417740578,-942728263,73492333,22469846,0,9999,46407,1469,14002
$$HAR,16:22:19,417740578,-942728263,73492333,22469846,0,9999,46262,1467,14001
$$HAR,16:22:25,417740578,-942728263,73492333,22469846,0,9999,46078,1462,13997
$$HAR,16:22:28,417740578,-942728263,73492333,22469846,0,9999,45914,1458,14001
$$HAR,16:22:31,417740578,-942728263,73492333,22469846,0,9999,45754,1456,14006
$$HAR,16:22:34,417740578,-942728263,73492333,22469846,0,9999,45603,1453,14003
$$HAR,16:22:37,417740578,-942728263,73492333,22469846,0,9999,45454,1450,13998
$$HAR,16:22:40,417740578,-942728263,73492333,22469846,0,9999,45309,1447,13992
$$HAR,16:22:43,417740578,-942728263,73492333,22469846,0,9999,45174,1444,13989
$$HAR,16:22:46,417740578,-942728263,73492333,22469846,0,9999,45035,1441,13989
$$HAR,16:22:49,417740578,-942728263,73492333,22469846,0,9999,44891,1439,13989
$$HAR,16:22:52,417740578,-942728263,73492333,22469846,0,9999,44748,1436,13989
$$HAR,16:22:55,417740578,-942728263,73492333,22469846,0,9999,44613,1433,13977
$$HAR,16:22:58,417740578,-942728263,73492333,22469846,0,9999,44481,1430,13975
$$HAR,16:23:01,417740578,-942728263,73492333,22469846,0,9999,44341,1427,13969
$$HAR,16:23:04,417740578,-942728263,73492333,22469846,0,9999,44203,1425,13964
$$HAR,16:23:04,417740578,-942728263,73492333,22469846,0,9999,44064,1422,13963
$$HAR,16:23:10,417740578,-942728263,73492333,22469846,0,9999,43930,1419,13961
$$HAR,16:23:13,417740578,-942728263,73492333,22469846,0,9999,43779,1416,13961
$$HAR,16:23:16,417740578,-942728263,73492333,22469846,0,9999,43637,1413,13954
$$HAR,16:23:19,417740578,-942728263,73492333,22469846,0,9999,43496,1410,13949
$$HAR,16:23:19,417740578,-942728263,73492333,22469846,0,9999,43358,1407,13943
$$HAR,16:23:25,417740578,-942728263,73492333,22469846,0,9999,43219,1404,13946
$$HAR,16:23:28,417740578,-942728263,73492333,22469846,0,9999,43080,1401,13941
$$HAR,16:23:31,417740578,-942728263,73492333,22469846,0,9999,42949,1398,13939
$$HAR,16:23:34,417740578,-942728263,73492333,22469846,0,9999,42804,1395,13933
$$HAR,16:23:37,417740578,-942728263,73492333,22469846,0,9999,42661,1392,13928
$$HAR,16:23:40,417740578,-942728263,73492333,22469846,0,9999,42523,1389,13927
$$HAR,16:23:43,417740578,-942728263,73492333,22469846,0,9999,42390,1384,13915
$$HAR,16:23:46,417740578,-942728263,73492333,22469846,0,9999,42260,1379,13917
$$HAR,16:23:49,417740578,-942728263,73492333,22469846,0,9999,42132,1374,13921
$$HAR,16:23:52,417740578,-942728263,73492333,22469846,0,9999,41994,1369,13923
$$HAR,16:23:55,417740578,-942728263,73492333,22469846,0,9999,41866,1365,13926
$$HAR,16:23:58,417740578,-942728263,73492333,22469846,0,9999,41735,1361,13928
$$HAR,16:24:01,417740578,-942728263,73492333,22469846,0,9999,41608,1360,13944
$$HAR,16:24:04,417740578,-942728263,73492333,22469846,0,9999,41476,1358,13943
$$HAR,16:24:07,417740578,-942728263,73492333,22469846,0,9999,41342,1356,13937
$$HAR,16:24:10,417740578,-942728263,73492333,22469846,0,9999,41214,1354,13932
$$HAR,16:24:13,417740578,-942728263,73492333,22469846,0,9999,41077,1352,13922
$$HAR,16:24:16,417740578,-942728263,73492333,22469846,0,9999,40941,1350,13919
$$HAR,16:24:19,417740578,-942728263,73492333,22469846,0,9999,40810,1347,13914
$$HAR,16:24:22,417740578,-942728263,73492333,22469846,0,9999,40677,1344,13904
$$HAR,16:24:25,417740578,-942728263,73492333,22469846,0,9999,40544,1341,13903
$$HAR,16:24:28,417740578,-942728263,73492333,22469846,0,9999,40413,1338,13901
$$HAR,16:24:31,417740578,-942728263,73492333,22469846,0,9999,40286,1335,13890
$$HAR,16:24:34,417740578,-942728263,73492333,22469846,0,9999,40155,1331,13888
$$HAR,16:24:37,417740578,-942728263,73492333,22469846,0,9999,40030,1328,13879
$$HAR,16:24:40,417740578,-942728263,73492333,22469846,0,9999,39903,1325,13877
$$HAR,16:24:43,417740578,-942728263,73492333,22469846,0,9999,39780,1322,13871
$$HAR,16:24:43,417740578,-942728263,73492333,22469846,0,9999,39650,1318,13875
$$HAR,16:24:49,417740578,-942728263,73492333,22469846,0,9999,39533,1315,13873
$$HAR,16:24:52,417740578,-942728263,73492333,22469846,0,9999,39411,1312,13868
$$HAR,16:24:55,417740578,-942728263,73492333,22469846,0,9999,39286,1309,13867
$$HAR,16:24:58,417740578,-942728263,73492333,22469846,0,9999,39158,1306,13857
$$HAR,16:25:01,417740578,-942728263,73492333,22469846,0,9999,39032,1300,13845
$$HAR,16:25:04,417740578,-942728263,73492333,22469846,0,9999,38908,1297,13853
$$HAR,16:25:07,417740578,-942728263,73492333,22469846,0,9999,38780,1294,13862
$$HAR,16:25:10,417740578,-942728263,73492333,22469846,0,9999,38664,1291,13860
$$HAR,16:25:13,417740578,-942728263,73492333,22469846,0,9999,38547,1288,13845
$$HAR,16:25:16,417740578,-942728263,73492333,22469846,0,9999,38428,1284,13847
$$HAR,16:25:19,417740578,-942728263,73492333,22469846,0,9999,38306,1280,13838
$$HAR,16:25:22,417740578,-942728263,73492333,22469846,0,9999,38183,1277,13840
$$HAR,16:25:25,417740578,-942728263,73492333,22469846,0,9999,38064,1273,13829
$$HAR,16:25:30,417740578,-942728263,73492333,22469846,0,9999,37912,1268,13832
$$HAR,16:25:33,417740578,-942728263,73492333,22469846,0,9999,37768,1265,13841
$$HAR,16:25:36,417740578,-942728263,73492333,22469846,0,9999,37634,1261,13839
$$HAR,16:25:39,417740578,-942728263,73492333,22469846,0,9999,37510,1258,13829
$$HAR,16:25:42,417740578,-942728263,73492333,22469846,0,9999,37377,1254,13826
$$HAR,16:25:45,417740578,-942728263,73492333,22469846,0,9999,37242,1251,13820
$$HAR,16:25:48,417740578,-942728263,73492333,22469846,0,9999,37122,1246,13814
$$HAR,16:25:51,417740578,-942728263,73492333,22469846,0,9999,36997,1243,13813
$$HAR,16:25:54,417740578,-942728263,73492333,22469846,0,9999,36866,1238,13806
$$HAR,16:25:57,417740578,-942728263,73492333,22469846,0,9999,36741,1232,13800
$$HAR,16:26:00,417740578,-942728263,73492333,22469846,0,9999,36627,1228,13803
$$HAR,16:26:03,417740578,-942728263,73492333,22469846,0,9999,36502,1225,13801
$$HAR,16:26:06,417740578,-942728263,73492333,22469846,0,9999,36372,1222,13800
$$HAR,16:26:09,417740578,-942728263,73492333,22469846,0,9999,36243,1217,13788
$$HAR,16:26:12,417740578,-942728263,73492333,22469846,0,9999,36114,1214,13797
$$HAR,16:26:15,417740578,-942728263,73492333,22469846,0,9999,35992,1209,13791
$$HAR,16:26:20,417740578,-942728263,73492333,22469846,0,9999,35846,1203,13793
$$HAR,16:26:23,417740578,-942728263,73492333,22469846,0,9999,35702,1200,13803
$$HAR,16:26:26,417740578,-942728263,73492333,22469846,0,9999,35567,1195,13794
$$HAR,16:26:29,417740578,-942728263,73492333,22469846,0,9999,35444,1192,13798
$$HAR,16:26:32,417740578,-942728263,73492333,22469846,0,9999,35318,1189,13793
$$HAR,16:26:35,417740578,-942728263,73492333,22469846,0,9999,35190,1186,13790
$$HAR,16:26:38,417740578,-942728263,73492333,22469846,0,9999,35066,1183,13786
$$HAR,16:26:41,417740578,-942728263,73492333,22469846,0,9999,34935,1180,13780
$$HAR,16:26:44,417740578,-942728263,73492333,22469846,0,9999,34805,1177,13773
$$HAR,16:26:47,417740578,-942728263,73492333,22469846,0,9999,34680,1173,13766
$$HAR,16:26:50,417740578,-942728263,73492333,22469846,0,9999,34556,1168,13756
$$HAR,16:26:53,417740578,-942728263,73492333,22469846,0,9999,34439,1164,13759
$$HAR,16:26:56,417740578,-942728263,73492333,22469846,0,9999,34326,1161,13754
$$HAR,16:27:01,417740578,-942728263,73492333,22469846,0,9999,34177,1154,13741
$$HAR,16:27:04,417740578,-942728263,73492333,22469846,0,9999,34056,1148,13753
$$HAR,16:27:07,417740578,-942728263,73492333,22469846,0,9999,33936,1142,13745
$$HAR,16:27:10,417740578,-942728263,73492333,22469846,0,9999,33808,1139,13749
$$HAR,16:27:13,417740578,-942728263,73492333,22469846,0,9999,33687,1136,13754
$$HAR,16:27:16,417740578,-942728263,73492333,22469846,0,9999,33567,1131,13741
$$HAR,16:27:19,417740578,-942728263,73492333,22469846,0,9999,33455,1126,13739
$$HAR,16:27:22,417740578,-942728263,73492333,22469846,0,9999,33334,1123,13743
$$HAR,16:27:25,417740578,-942728263,73492333,22469846,0,9999,33219,1120,13739
$$HAR,16:27:28,417740578,-942728263,73492333,22469846,0,9999,33109,1116,13731
$$HAR,16:27:31,417740578,-942728263,73492333,22469846,0,9999,32998,1111,13724
$$HAR,16:27:34,417740578,-942728263,73492333,22469846,0,9999,32884,1106,13722
$$HAR,16:27:37,417740578,-942728263,73492333,22469846,0,9999,32781,1104,13731
$$HAR,16:27:40,417740578,-942728263,73492333,22469846,0,9999,32667,1101,13730
$$HAR,16:27:43,417740578,-942728263,73492333,22469846,0,9999,32546,1096,13710
$$HAR,16:27:46,417740578,-942728263,73492333,22469846,0,9999,32436,1091,13707
$$HAR,16:27:49,417740578,-942728263,73492333,22469846,0,9999,32318,1086,13706
$$HAR,16:27:52,417740578,-942728263,73492333,22469846,0,9999,32209,1081,13704
$$HAR,16:27:55,417740578,-942728263,73492333,22469846,0,9999,32096,1079,13712
$$HAR,16:28:01,417740578,-942728263,73492333,22469846,0,9999,31957,1074,13705
$$HAR,16:28:04,417740578,-942728263,73492333,22469846,0,9999,31823,1071,13709
$$HAR,16:28:07,417740578,-942728263,73492333,22469846,0,9999,31698,1068,13713
$$HAR,16:28:10,417740578,-942728263,73492333,22469846,0,9999,31568,1065,13703
$$HAR,16:28:13,417740578,-942728263,73492333,22469846,0,9999,31450,1062,13697
$$HAR,16:28:16,417740578,-942728263,73492333,22469846,0,9999,31334,1059,13686
$$HAR,16:28:19,417740578,-942728263,73492333,22469846,0,9999,31215,1055,13676
$$HAR,16:28:22,417740578,-942728263,73492333,22469846,0,9999,31103,1051,13669
$$HAR,16:28:25,417740578,-942728263,73492333,22469846,0,9999,30990,1046,13654
$$HAR,16:28:28,417740578,-942728263,73492333,22469846,0,9999,30872,1043,13648
$$HAR,16:28:31,417740578,-942728263,73492333,22469846,0,9999,30759,1038,13642
$$HAR,16:28:34,417740578,-942728263,73492333,22469846,0,9999,30640,1032,13630
$$HAR,16:28:37,417740578,-942728263,73492333,22469846,0,9999,30530,1030,13634
$$HAR,16:28:40,417740578,-942728263,73492333,22469846,0,9999,30413,1025,13622
$$HAR,16:28:43,417740578,-942728263,73492333,22469846,0,9999,30303,1020,13616
$$HAR,16:28:46,417740578,-942728263,73492333,22469846,0,9999,30195,1017,13624
$$HAR,16:28:46,417740578,-942728263,73492333,22469846,0,9999,30089,1015,13614
$$HAR,16:28:52,417740578,-942728263,73492333,22469846,0,9999,29973,1012,13612
$$HAR,16:28:55,417740578,-942728263,73492333,22469846,0,9999,29867,1006,13597
$$HAR,16:28:58,417740578,-942728263,73492333,22469846,0,9999,29772,1000,13590
$$HAR,16:29:01,417740578,-942728263,73492333,22469846,0,9999,29662,998,13594
$$HAR,16:29:04,417740578,-942728263,73492333,22469846,0,9999,29549,993,13586
$$HAR,16:29:07,417740578,-942728263,73492333,22469846,0,9999,29444,988,13581
$$HAR,16:29:10,417740578,-942728263,73492333,22469846,0,9999,29325,983,13579
$$HAR,16:29:13,417740578,-942728263,73492333,22469846,0,9999,29213,977,13571
$$HAR,16:29:16,417740578,-942728263,73492333,22469846,0,9999,29111,973,13575
$$HAR,16:29:19,417740578,-942728263,73492333,22469846,0,9999,29003,971,13579
$$HAR,16:29:22,417740578,-942728263,73492333,22469846,0,9999,28908,967,13578
$$HAR,16:29:25,417740578,-942728263,73492333,22469846,0,9999,28806,965,13572
$$HAR,16:29:28,417740578,-942728263,73492333,22469846,0,9999,28712,962,13570
$$HAR,16:29:31,417740578,-942728263,73492333,22469846,0,9999,28612,959,13561
$$HAR,16:29:34,417740578,-942728263,73492333,22469846,0,9999,28512,953,13549
$$HAR,16:29:37,417740578,-942728263,73492333,22469846,0,9999,28411,948,13542
$$HAR,16:29:40,417740578,-942728263,73492333,22469846,0,9999,28310,945,13545
$$HAR,16:29:43,417740578,-942728263,73492333,22469846,0,9999,28197,940,13535
$$HAR,16:29:46,417740578,-942728263,73492333,22469846,0,9999,28093,938,13534
$$HAR,16:29:49,417740578,-942728263,73492333,22469846,0,9999,27988,932,13522
$$HAR,16:29:52,417740578,-942728263,73492333,22469846,0,9999,27890,926,13516
$$HAR,16:29:55,417740578,-942728263,73492333,22469846,0,9999,27793,921,13514
$$HAR,16:29:58,417740578,-942728263,73492333,22469846,0,9999,27689,915,13511
$$HAR,16:30:04,417740578,-942728263,73492333,22469846,0,9999,27561,908,13504
$$HAR,16:30:07,417740578,-942728263,73492333,22469846,0,9999,27437,902,13506
$$HAR,16:30:10,417740578,-942728263,73492333,22469846,0,9999,27319,897,13509
$$HAR,16:30:13,417740578,-942728263,73492333,22469846,0,9999,27200,891,13507
$$HAR,16:30:16,417740578,-942728263,73492333,22469846,0,9999,27092,886,13505
$$HAR,16:30:19,417740578,-942728263,73492333,22469846,0,9999,26978,881,13504
$$HAR,16:30:22,417740578,-942728263,73492333,22469846,0,9999,26870,876,13497
$$HAR,16:30:25,417740578,-942728263,73492333,22469846,0,9999,26767,872,13505
$$HAR,16:30:28,417740578,-942728263,73492333,22469846,0,9999,26662,867,13498
$$HAR,16:30:31,417740578,-942728263,73492333,22469846,0,9999,26561,862,13493
$$HAR,16:30:34,417740578,-942728263,73492333,22469846,0,9999,26460,858,13495
$$HAR,16:30:37,417740578,-942728263,73492333,22469846,0,9999,26370,854,13489
$$HAR,16:30:40,417740578,-942728263,73492333,22469846,0,9999,26276,850,13482
$$HAR,16:30:43,417740578,-942728263,73492333,22469846,0,9999,26173,846,13482
$$HAR,16:30:48,417740578,-942728263,73492333,22469846,0,9999,26047,840,13471
$$HAR,16:30:51,417740578,-942728263,73492333,22469846,0,9999,25935,835,13477
$$HAR,16:30:54,417740578,-942728263,73492333,22469846,0,9999,25821,834,13477
$$HAR,16:30:57,417740578,-942728263,73492333,22469846,0,9999,25706,829,13467
$$HAR,16:31:00,417740578,-942728263,73492333,22469846,0,9999,25599,824,13459
$$HAR,16:31:03,417740578,-942728263,73492333,22469846,0,9999,25493,822,13459
$$HAR,16:31:06,417740578,-942728263,73492333,22469846,0,9999,25393,820,13449
$$HAR,16:31:09,417740578,-942728263,73492333,22469846,0,9999,25302,817,13437
$$HAR,16:31:12,417740578,-942728263,73492333,22469846,0,9999,25204,811,13423
$$HAR,16:31:15,417740578,-942728263,73492333,22469846,0,9999,25112,805,13412
$$HAR,16:31:18,417740578,-942728263,73492333,22469846,0,9999,25026,800,13407
$$HAR,16:31:21,417740578,-942728263,73492333,22469846,0,9999,24934,798,13414
$$HAR,16:31:24,417740578,-942728263,73492333,22469846,0,9999,24844,795,13403
$$HAR,16:31:27,417740578,-942728263,73492333,22469846,0,9999,24762,789,13388
$$HAR,16:31:30,417740578,-942728263,73492333,22469846,0,9999,24674,787,13382
$$HAR,16:31:33,417740578,-942728263,73492333,22469846,0,9999,24586,784,13381
$$HAR,16:31:36,417740578,-942728263,73492333,22469846,0,9999,24499,780,13367
$$HAR,16:31:39,417740578,-942728263,73492333,22469846,0,9999,24407,773,13353
$$HAR,16:31:42,417740578,-942728263,73492333,22469846,0,9999,24317,768,13347
$$HAR,16:31:45,417740578,-942728263,73492333,22469846,0,9999,24225,762,13336
$$HAR,16:31:48,417740578,-942728263,73492333,22469846,0,9999,24126,756,13338
$$HAR,16:31:51,417740578,-942728263,73492333,22469846,0,9999,24038,751,13327
$$HAR,16:31:54,417740578,-942728263,73492333,22469846,0,9999,23948,749,13341
$$HAR,16:31:57,417740578,-942728263,73492333,22469846,0,9999,23856,745,13330
$$HAR,16:32:00,417740578,-942728263,73492333,22469846,0,9999,23769,743,13329
$$HAR,16:32:03,417740578,-942728263,73492333,22469846,0,9999,23678,737,13312
$$HAR,16:32:06,417740578,-942728263,73492333,22469846,0,9999,23587,731,13306
$$HAR,16:32:09,417740578,-942728263,73492333,22469846,0,9999,23504,726,13299
$$HAR,16:32:12,417740578,-942728263,73492333,22469846,0,9999,23411,720,13294
$$HAR,16:32:15,417740578,-942728263,73492333,22469846,0,9999,23318,715,13286
$$HAR,16:32:18,417740578,-942728263,73492333,22469846,0,9999,23224,711,13284
$$HAR,16:32:21,417740578,-942728263,73492333,22469846,0,9999,23132,705,13282
$$HAR,16:32:24,417740578,-942728263,73492333,22469846,0,9999,23036,701,13282
$$HAR,16:32:27,417740578,-942728263,73492333,22469846,0,9999,22944,696,13276
$$HAR,16:32:30,417740578,-942728263,73492333,22469846,0,9999,22856,694,13283
$$HAR,16:32:33,417740578,-942728263,73492333,22469846,0,9999,22755,688,13277
$$HAR,16:32:36,417740578,-942728263,73492333,22469846,0,9999,22654,683,13261
$$HAR,16:32:39,417740578,-942728263,73492333,22469846,0,9999,22559,678,13255
$$HAR,16:32:42,417740578,-942728263,73492333,22469846,0,9999,22456,676,13264
$$HAR,16:32:45,417740578,-942728263,73492333,22469846,0,9999,22350,671,13248
$$HAR,16:32:48,417740578,-942728263,73492333,22469846,0,9999,22244,666,13237
$$HAR,16:32:51,417740578,-942728263,73492333,22469846,0,9999,22140,660,13230
$$HAR,16:32:54,417740578,-942728263,73492333,22469846,0,9999,22041,655,13224
$$HAR,16:32:57,417740578,-942728263,73492333,22469846,0,9999,21948,652,13228
$$HAR,16:33:00,417740578,-942728263,73492333,22469846,0,9999,21861,649,13222
$$HAR,16:33:03,417740578,-942728263,73492333,22469846,0,9999,21755,647,13221
$$HAR,16:33:06,417740578,-942728263,73492333,22469846,0,9999,21655,644,13215
$$HAR,16:33:09,417740578,-942728263,73492333,22469846,0,9999,21564,641,13204
$$HAR,16:33:12,417740578,-942728263,73492333,22469846,0,9999,21475,637,13194
$$HAR,16:33:15,417740578,-942728263,73492333,22469846,0,9999,21391,630,13168
$$HAR,16:33:18,417740578,-942728263,73492333,22469846,0,9999,21295,623,13163
$$HAR,16:33:21,417740578,-942728263,73492333,22469846,0,9999,21208,617,13150
$$HAR,16:33:24,417740578,-942728263,73492333,22469846,0,9999,21124,611,13147
$$HAR,16:33:27,417740578,-942728263,73492333,22469846,0,9999,21045,605,13147
$$HAR,16:33:30,417740578,-942728263,73492333,22469846,0,9999,20953,599,13139
$$HAR,16:33:33,417740578,-942728263,73492333,22469846,0,9999,20866,594,13137
$$HAR,16:33:36,417740578,-942728263,73492333,22469846,0,9999,20779,589,13131
$$HAR,16:33:39,417740578,-942728263,73492333,22469846,0,9999,20682,584,13129
$$HAR,16:33:42,417740578,-942728263,73492333,22469846,0,9999,20587,579,13123
$$HAR,16:33:45,417740578,-942728263,73492333,22469846,0,9999,20502,574,13118
$$HAR,16:33:48,417740578,-942728263,73492333,22469846,0,9999,20415,569,13116
$$HAR,16:33:51,417740578,-942728263,73492333,22469846,0,9999,20324,563,13108
$$HAR,16:33:54,417740578,-942728263,73492333,22469846,0,9999,20235,558,13103
$$HAR,16:33:57,417740578,-942728263,73492333,22469846,0,9999,20152,556,13106
$$HAR,16:34:00,417740578,-942728263,73492333,22469846,0,9999,20077,551,13095
$$HAR,16:34:03,417740578,-942728263,73492333,22469846,0,9999,19990,549,13095
$$HAR,16:34:06,417740578,-942728263,73492333,22469846,0,9999,19908,547,13095
$$HAR,16:34:09,417740578,-942728263,73492333,22469846,0,9999,19830,544,13080
$$HAR,16:34:12,417740578,-942728263,73492333,22469846,0,9999,19745,540,13070
$$HAR,16:34:15,417740578,-942728263,73492333,22469846,0,9999,19663,533,13052
$$HAR,16:34:18,417740578,-942728263,73492333,22469846,0,9999,19568,527,13038
$$HAR,16:34:21,417740578,-942728263,73492333,22469846,0,9999,19477,523,13027
$$HAR,16:34:24,417740578,-942728263,73492333,22469846,0,9999,19393,519,13025
$$HAR,16:34:27,417740578,-942728263,73492333,22469846,0,9999,19314,513,13009
$$HAR,16:34:30,417740578,-942728263,73492333,22469846,0,9999,19223,507,12994
$$HAR,16:34:33,417740578,-942728263,73492333,22469846,0,9999,19129,500,12986
$$HAR,16:34:36,417740578,-942728263,73492333,22469846,0,9999,19041,494,12980
$$HAR,16:34:39,417740578,-942728263,73492333,22469846,0,9999,18959,488,12973
$$HAR,16:34:42,417740578,-942728263,73492333,22469846,0,9999,18876,482,12971
$$HAR,16:34:45,417740578,-942728263,73492333,22469846,0,9999,18791,476,12965
$$HAR,16:34:48,417740578,-942728263,73492333,22469846,0,9999,18715,471,12962
$$HAR,16:34:51,417740578,-942728263,73492333,22469846,0,9999,18640,466,12956
$$HAR,16:34:54,417740578,-942728263,73492333,22469846,0,9999,18568,461,12951
$$HAR,16:34:57,417740578,-942728263,73492333,22469846,0,9999,18495,455,12952
$$HAR,16:35:00,417740578,-942728263,73492333,22469846,0,9999,18415,454,12957
$$HAR,16:35:03,417740578,-942728263,73492333,22469846,0,9999,18337,450,12946
$$HAR,16:35:06,417740578,-942728263,73492333,22469846,0,9999,18259,444,12931
$$HAR,16:35:09,417740578,-942728263,73492333,22469846,0,9999,18173,438,12924
$$HAR,16:35:12,417740578,-942728263,73492333,22469846,0,9999,18090,432,12913
$$HAR,16:35:15,417740578,-942728263,73492333,22469846,0,9999,18009,426,12906
$$HAR,16:35:18,417740578,-942728263,73492333,22469846,0,9999,17921,421,12904
$$HAR,16:35:21,417740578,-942728263,73492333,22469846,0,9999,17840,416,12899
$$HAR,16:35:24,417740578,-942728263,73492333,22469846,0,9999,17753,414,12903
$$HAR,16:35:27,417740578,-942728263,73492333,22469846,0,9999,17670,411,12901
$$HAR,16:35:30,417740578,-942728263,73492333,22469846,0,9999,17598,409,12887
$$HAR,16:35:33,417740578,-942728263,73492333,22469846,0,9999,17524,406,12881
$$HAR,16:35:38,417740578,-942728263,73492333,22469846,0,9999,17427,401,12857
$$HAR,16:35:41,417740578,-942728263,73492333,22469846,0,9999,17328,394,12841
$$HAR,16:35:44,417740578,-942728263,73492333,22469846,0,9999,17237,390,12835
$$HAR,16:35:47,417740578,-942728263,73492333,22469846,0,9999,17152,383,12819
$$HAR,16:35:50,417740578,-942728263,73492333,22469846,0,9999,17060,375,12807
$$HAR,16:35:53,417740578,-942728263,73492333,22469846,0,9999,16970,373,12811
$$HAR,16:35:56,417740578,-942728263,73492333,22469846,0,9999,16889,369,12805
$$HAR,16:35:59,417740578,-942728263,73492333,22469846,0,9999,16806,366,12795
$$HAR,16:36:02,417740578,-942728263,73492333,22469846,0,9999,16720,362,12780
$$HAR,16:36:05,417740578,-942728263,73492333,22469846,0,9999,16642,355,12758
$$HAR,16:36:08,417740578,-942728263,73492333,22469846,0,9999,16566,348,12752
$$HAR,16:36:11,417740578,-942728263,73492333,22469846,0,9999,16490,341,12745
$$HAR,16:36:14,417740578,-942728263,73492333,22469846,0,9999,16414,335,12735
$$HAR,16:36:17,417740578,-942728263,73492333,22469846,0,9999,16337,332,12743
$$HAR,16:36:20,417740578,-942728263,73492333,22469846,0,9999,16268,330,12742
$$HAR,16:36:23,417740578,-942728263,73492333,22469846,0,9999,16195,326,12727
$$HAR,16:36:26,417740578,-942728263,73492333,22469846,0,9999,16111,321,12716
$$HAR,16:36:29,417740578,-942728263,73492333,22469846,0,9999,16037,317,12710
$$HAR,16:36:32,417740578,-942728263,73492333,22469846,0,9999,15965,313,12705
$$HAR,16:36:35,417740578,-942728263,73492333,22469846,0,9999,15895,310,12695
$$HAR,16:36:38,417740578,-942728263,73492333,22469846,0,9999,15820,306,12683
$$HAR,16:36:41,417740578,-942728263,73492333,22469846,0,9999,15750,301,12669
$$HAR,16:36:44,417740578,-942728263,73492333,22469846,0,9999,15673,294,12652
$$HAR,16:36:47,417740578,-942728263,73492333,22469846,0,9999,15603,287,12642
$$HAR,16:36:50,417740578,-942728263,73492333,22469846,0,9999,15538,284,12644
$$HAR,16:36:53,417740578,-942728263,73492333,22469846,0,9999,15462,279,12621
$$HAR,16:36:56,417740578,-942728263,73492333,22469846,0,9999,15394,275,12624
$$HAR,16:36:59,417740578,-942728263,73492333,22469846,0,9999,15319,268,12604
$$HAR,16:37:02,417740578,-942728263,73492333,22469846,0,9999,15247,264,12603
$$HAR,16:37:05,417740578,-942728263,73492333,22469846,0,9999,15175,261,12597
$$HAR,16:37:08,417740578,-942728263,73492333,22469846,0,9999,15104,256,12587
$$HAR,16:37:11,417740578,-942728263,73492333,22469846,0,9999,15039,252,12581
$$HAR,16:37:14,417740578,-942728263,73492333,22469846,0,9999,14982,248,12569
$$HAR,16:37:17,417740578,-942728263,73492333,22469846,0,9999,14922,243,12559
$$HAR,16:37:20,417740578,-942728263,73492333,22469846,0,9999,14861,239,12554
$$HAR,16:37:23,417740578,-942728263,73492333,22469846,0,9999,14798,235,12547
$$HAR,16:37:26,417740578,-942728263,73492333,22469846,0,9999,14734,230,12537
$$HAR,16:37:26,417740578,-942728263,73492333,22469846,0,9999,14670,225,12526
$$HAR,16:37:32,417740578,-942728263,73492333,22469846,0,9999,14610,220,12511
$$HAR,16:37:35,417740578,-942728263,73492333,22469846,0,9999,14552,215,12500
$$HAR,16:37:38,417740578,-942728263,73492333,22469846,0,9999,14496,211,12494
$$HAR,16:37:41,417740578,-942728263,73492333,22469846,0,9999,14438,207,12485
$$HAR,16:37:44,417740578,-942728263,73492333,22469846,0,9999,14373,199,12468
$$HAR,16:37:47,417740578,-942728263,73492333,22469846,0,9999,14312,191,12452
$$HAR,16:37:50,417740578,-942728263,73492333,22469846,0,9999,14246,187,12456
$$HAR,16:37:53,417740578,-942728263,73492333,22469846,0,9999,14182,180,12444
$$HAR,16:37:56,417740578,-942728263,73492333,22469846,0,9999,14114,177,12442
$$HAR,16:37:59,417740578,-942728263,73492333,22469846,0,9999,14052,173,12437
$$HAR,16:38:02,417740578,-942728263,73492333,22469846,0,9999,13976,166,12425
$$HAR,16:38:05,417740578,-942728263,73492333,22469846,0,9999,13901,162,12419
$$HAR,16:38:08,417740578,-942728263,73492333,22469846,0,9999,13842,158,12415
$$HAR,16:38:11,417740578,-942728263,73492333,22469846,0,9999,13784,154,12413
$$HAR,16:38:14,417740578,-942728263,73492333,22469846,0,9999,13720,150,12402
$$HAR,16:38:17,417740578,-942728263,73492333,22469846,0,9999,13659,146,12392
$$HAR,16:38:20,417740578,-942728263,73492333,22469846,0,9999,13602,141,12382
$$HAR,16:38:23,417740578,-942728263,73492333,22469846,0,9999,13544,136,12375
$$HAR,16:38:26,417740578,-942728263,73492333,22469846,0,9999,13487,132,12370
$$HAR,16:38:29,417740578,-942728263,73492333,22469846,0,9999,13424,127,12360
$$HAR,16:38:32,417740578,-942728263,73492333,22469846,0,9999,13364,123,12354
$$HAR,16:38:35,417740578,-942728263,73492333,22469846,0,9999,13305,118,12343
$$HAR,16:38:38,417740578,-942728263,73492333,22469846,0,9999,13246,114,12333
$$HAR,16:38:41,417740578,-942728263,73492333,22469846,0,9999,13188,108,12322
$$HAR,16:38:44,417740578,-942728263,73492333,22469846,0,9999,13133,104,12316
$$HAR,16:38:47,417740578,-942728263,73492333,22469846,0,9999,13079,99,12305
$$HAR,16:38:50,417740578,-942728263,73492333,22469846,0,9999,13027,94,12291
$$HAR,16:38:53,417740578,-942728263,73492333,22469846,0,9999,12970,86,12278
$$HAR,16:38:56,417740578,-942728263,73492333,22469846,0,9999,12917,82,12281
$$HAR,16:38:59,417740578,-942728263,73492333,22469846,0,9999,12864,78,12277
$$HAR,16:39:02,417740578,-942728263,73492333,22469846,0,9999,12815,74,12266
$$HAR,16:39:05,417740578,-942728263,73492333,22469846,0,9999,12757,68,12255
$$HAR,16:39:08,417740578,-942728263,73492333,22469846,0,9999,12702,64,12250
$$HAR,16:39:11,417740578,-942728263,73492333,22469846,0,9999,12650,59,12243
$$HAR,16:39:14,417740578,-942728263,73492333,22469846,0,9999,12600,52,12232
$$HAR,16:39:17,417740578,-942728263,73492333,22469846,0,9999,12546,48,12231
$$HAR,16:39:20,417740578,-942728263,73492333,22469846,0,9999,12487,43,12221
$$HAR,16:39:23,417740578,-942728263,73492333,22469846,0,9999,12433,37,12209
$$HAR,16:39:26,417740578,-942728263,73492333,22469846,0,9999,12381,33,12208
$$HAR,16:39:29,417740578,-942728263,73492333,22469846,0,9999,12329,26,12193
$$HAR,16:39:32,417740578,-942728263,73492333,22469846,0,9999,12275,19,12181
$$HAR,16:39:35,417740578,-942728263,73492333,22469846,0,9999,12225,12,12176
$$HAR,16:39:38,417740578,-942728263,73492333,22469846,0,9999,12175,6,12168
$$HAR,16:39:41,417740578,-942728263,73492333,22469846,0,9999,12120,3,12172
$$HAR,16:39:44,417740578,-942728263,73492333,22469846,0,9999,12063,1,12177
$$HAR,16:39:47,417740578,-942728263,73492333,22469846,0,9999,12012,-5,12162
$$HAR,16:39:50,417740578,-942728263,73492333,22469846,0,9999,11964,-11,12152
$$HAR,16:39:53,417740578,-942728263,73492333,22469846,0,9999,11907,-18,12149
$$HAR,16:39:56,417740578,-942728263,73492333,22469846,0,9999,11855,-24,12139
$$HAR,16:39:59,417740578,-942728263,73492333,22469846,0,9999,11800,-29,12146
$$HAR,16:40:02,417740578,-942728263,73492333,22469846,0,9999,11751,-30,12146
$$HAR,16:40:05,417740578,-942728263,73492333,22469846,0,9999,11700,-33,12145
$$HAR,16:40:08,417740578,-942728263,73492333,22469846,0,9999,11646,-39,12125
$$HAR,16:40:11,417740578,-942728263,73492333,22469846,0,9999,11594,-45,12118
$$HAR,16:40:14,417740578,-942728263,73492333,22469846,0,9999,11536,-52,12108
$$HAR,16:40:17,417740578,-942728263,73492333,22469846,0,9999,11481,-57,12106
$$HAR,16:40:20,417740578,-942728263,73492333,22469846,0,9999,11430,-64,12100
$$HAR,16:40:23,417740578,-942728263,73492333,22469846,0,9999,11374,-66,12108
$$HAR,16:40:26,417740578,-942728263,73492333,22469846,0,9999,11317,-68,12108
$$HAR,16:40:29,417740578,-942728263,73492333,22469846,0,9999,11264,-70,12102
$$HAR,16:40:32,417740578,-942728263,73492333,22469846,0,9999,11204,-73,12092
$$HAR,16:40:35,417740578,-942728263,73492333,22469846,0,9999,11150,-78,12081
$$HAR,16:40:38,417740578,-942728263,73492333,22469846,0,9999,11092,-84,12067
$$HAR,16:40:41,417740578,-942728263,73492333,22469846,0,9999,11030,-88,12065
$$HAR,16:40:44,417740578,-942728263,73492333,22469846,0,9999,10974,-92,12059
$$HAR,16:40:47,417740578,-942728263,73492333,22469846,0,9999,10920,-98,12049
$$HAR,16:40:47,417740578,-942728263,73492333,22469846,0,9999,10872,-101,12043
$$HAR,16:40:53,417740578,-942728263,73492333,22469846,0,9999,10822,-104,12038
$$HAR,16:40:56,417740578,-942728263,73492333,22469846,0,9999,10768,-107,12028
$$HAR,16:40:59,417740578,-942728263,73492333,22469846,0,9999,10714,-111,12018
$$HAR,16:41:02,417740578,-942728263,73492333,22469846,0,9999,10665,-114,12012
$$HAR,16:41:05,417740578,-942728263,73492333,22469846,0,9999,10616,-118,12007
$$HAR,16:41:08,417740578,-942728263,73492333,22469846,0,9999,10563,-122,11992
$$HAR,16:41:11,417740578,-942728263,73492333,22469846,0,9999,10509,-126,11986
$$HAR,16:41:14,417740578,-942728263,73492333,22469846,0,9999,10462,-130,11981
$$HAR,16:41:17,417740578,-942728263,73492333,22469846,0,9999,10420,-134,11966
$$HAR,16:41:20,417740578,-942728263,73492333,22469846,0,9999,10375,-138,11960
$$HAR,16:41:23,417740578,-942728263,73492333,22469846,0,9999,10322,-147,11940
$$HAR,16:41:26,417740578,-942728263,73492333,22469846,0,9999,10275,-151,11938
$$HAR,16:41:31,417740578,-942728263,73492333,22469846,0,9999,10223,-159,11918
$$HAR,16:41:34,417740578,-942728263,73492333,22469846,0,9999,10167,-166,11912
$$HAR,16:41:37,417740578,-942728263,73492333,22469846,0,9999,10114,-171,11915
$$HAR,16:41:40,417740578,-942728263,73492333,22469846,0,9999,10060,-174,11913
$$HAR,16:41:46,417740578,-942728263,73492333,22469846,0,9999,9998,-182,11899
$$HAR,16:41:49,417740578,-942728263,73492333,22469846,0,9999,9941,-185,11902
$$HAR,16:41:52,417740578,-942728263,73492333,22469846,0,9999,9883,-192,11891
$$HAR,16:41:55,417740578,-942728263,73492333,22469846,0,9999,9827,-194,11899
$$HAR,16:41:58,417740578,-942728263,73492333,22469846,0,9999,9774,-197,11894
$$HAR,16:42:01,417740578,-942728263,73492333,22469846,0,9999,9722,-200,11888
$$HAR,16:42:04,417740578,-942728263,73492333,22469846,0,9999,9676,-205,11873
$$HAR,16:42:07,417740578,-942728263,73492333,22469846,0,9999,9625,-212,11858
$$HAR,16:42:10,417740578,-942728263,73492333,22469846,0,9999,9579,-218,11851
$$HAR,16:42:13,417740578,-942728263,73492333,22469846,0,9999,9539,-224,11846
$$HAR,16:42:16,417740578,-942728263,73492333,22469846,0,9999,9498,-228,11845
$$HAR,16:42:19,417740578,-942728263,73492333,22469846,0,9999,9460,-230,11849
$$HAR,16:42:22,417740578,-942728263,73492333,22469846,0,9999,9416,-231,11849
$$HAR,16:42:25,417740578,-942728263,73492333,22469846,0,9999,9378,-237,11833
$$HAR,16:42:28,417740578,-942728263,73492333,22469846,0,9999,9336,-243,11822
$$HAR,16:42:31,417740578,-942728263,73492333,22469846,0,9999,9296,-248,11816
$$HAR,16:42:34,417740578,-942728263,73492333,22469846,0,9999,9251,-253,11810
$$HAR,16:42:37,417740578,-942728263,73492333,22469846,0,9999,9204,-258,11805
$$HAR,16:42:40,417740578,-942728263,73492333,22469846,0,9999,9152,-261,11808
$$HAR,16:42:43,417740578,-942728263,73492333,22469846,0,9999,9103,-266,11798
$$HAR,16:42:46,417740578,-942728263,73492333,22469846,0,9999,9061,-271,11792
$$HAR,16:42:49,417740578,-942728263,73492333,22469846,0,9999,9019,-275,11791
$$HAR,16:42:52,417740578,-942728263,73492333,22469846,0,9999,8975,-280,11785
$$HAR,16:42:55,417740578,-942728263,73492333,22469846,0,9999,8936,-284,11780
$$HAR,16:42:58,417740578,-942728263,73492333,22469846,0,9999,8887,-288,11783
$$HAR,16:43:01,417740578,-942728263,73492333,22469846,0,9999,8840,-292,11778
$$HAR,16:43:04,417740578,-942728263,73492333,22469846,0,9999,8799,-296,11767
$$HAR,16:43:07,417740578,-942728263,73492333,22469846,0,9999,8757,-300,11766
$$HAR,16:43:10,417740578,-942728263,73492333,22469846,0,9999,8712,-304,11761
$$HAR,16:43:13,417740578,-942728263,73492333,22469846,0,9999,8670,-308,11760
$$HAR,16:43:16,417740578,-942728263,73492333,22469846,0,9999,8633,-311,11755
$$HAR,16:43:19,417740578,-942728263,73492333,22469846,0,9999,8596,-315,11750
$$HAR,16:43:22,417740578,-942728263,73492333,22469846,0,9999,8555,-316,11753
$$HAR,16:43:25,417740578,-942728263,73492333,22469846,0,9999,8516,-321,11743
$$HAR,16:43:28,417740578,-942728263,73492333,22469846,0,9999,8480,-325,11738
$$HAR,16:43:31,417740578,-942728263,73492333,22469846,0,9999,8443,-325,11742
$$HAR,16:43:34,417740578,-942728263,73492333,22469846,0,9999,8411,-330,11732
$$HAR,16:43:37,417740578,-942728263,73492333,22469846,0,9999,8379,-334,11721
$$HAR,16:43:40,417740578,-942728263,73492333,22469846,0,9999,8345,-339,11716
$$HAR,16:43:43,417740578,-942728263,73492333,22469846,0,9999,8310,-343,11715
$$HAR,16:43:46,417740578,-942728263,73492333,22469846,0,9999,8276,-347,11708
$$HAR,16:43:49,417740578,-942728263,73492333,22469846,0,9999,8237,-351,11698
$$HAR,16:43:52,417740578,-942728263,73492333,22469846,0,9999,8194,-351,11712
$$HAR,16:43:55,417740578,-942728263,73492333,22469846,0,9999,8151,-356,11693
$$HAR,16:43:58,417740578,-942728263,73492333,22469846,0,9999,8110,-358,11696
$$HAR,16:44:01,417740578,-942728263,73492333,22469846,0,9999,8075,-360,11692
$$HAR,16:44:04,417740578,-942728263,73492333,22469846,0,9999,8041,-365,11677
$$HAR,16:44:07,417740578,-942728263,73492333,22469846,0,9999,8007,-366,11686
$$HAR,16:44:10,417740578,-942728263,73492333,22469846,0,9999,7974,-367,11681
$$HAR,16:44:13,417740578,-942728263,73492333,22469846,0,9999,7939,-369,11677
$$HAR,16:44:16,417740578,-942728263,73492333,22469846,0,9999,7901,-374,11657
$$HAR,16:44:19,417740578,-942728263,73492333,22469846,0,9999,7861,-377,11656
$$HAR,16:44:22,417740578,-942728263,73492333,22469846,0,9999,7818,-380,11650
$$HAR,16:44:25,417740578,-942728263,73492333,22469846,0,9999,7776,-381,11650
$$HAR,16:44:28,417740578,-942728263,73492333,22469846,0,9999,7739,-385,11636
$$HAR,16:44:31,417740578,-942728263,73492333,22469846,0,9999,7703,-391,11625
$$HAR,16:44:34,417740578,-942728263,73492333,22469846,0,9999,7670,-395,11624
$$HAR,16:44:37,417740578,-942728263,73492333,22469846,0,9999,7639,-396,11619
$$HAR,16:44:40,417740578,-942728263,73492333,22469846,0,9999,7603,-398,11618
$$HAR,16:44:43,417740578,-942728263,73492333,22469846,0,9999,7567,-403,11601
$$HAR,16:44:46,417740578,-942728263,73492333,22469846,0,9999,7526,-409,11593
$$HAR,16:44:49,417740578,-942728263,73492333,22469846,0,9999,7486,-412,11584
$$HAR,16:44:52,417740578,-942728263,73492333,22469846,0,9999,7448,-416,11579
$$HAR,16:44:55,417740578,-942728263,73492333,22469846,0,9999,7412,-420,11577
$$HAR,16:44:58,417740578,-942728263,73492333,22469846,0,9999,7376,-420,11577
$$HAR,16:44:58,417740578,-942728263,73492333,22469846,0,9999,7338,-423,11572
$$HAR,16:45:04,417740578,-942728263,73492333,22469846,0,9999,7303,-424,11567
$$HAR,16:45:07,417740578,-942728263,73492333,22469846,0,9999,7268,-428,11557
$$HAR,16:45:10,417740578,-942728263,73492333,22469846,0,9999,7231,-432,11557
$$HAR,16:45:13,417740578,-942728263,73492333,22469846,0,9999,7190,-436,11541
$$HAR,16:45:16,417740578,-942728263,73492333,22469846,0,9999,7152,-441,11536
$$HAR,16:45:19,417740578,-942728263,73492333,22469846,0,9999,7111,-442,11541
$$HAR,16:45:22,417740578,-942728263,73492333,22469846,0,9999,7063,-446,11526
$$HAR,16:45:25,417740578,-942728263,73492333,22469846,0,9999,7019,-451,11517
$$HAR,16:45:28,417740578,-942728263,73492333,22469846,0,9999,6976,-455,11515
$$HAR,16:45:31,417740578,-942728263,73492333,22469846,0,9999,6935,-456,11518
$$HAR,16:45:34,417740578,-942728263,73492333,22469846,0,9999,6893,-459,11513
$$HAR,16:45:37,417740578,-942728263,73492333,22469846,0,9999,6853,-464,11500
$$HAR,16:45:40,417740578,-942728263,73492333,22469846,0,9999,6813,-465,11511
$$HAR,16:45:43,417740578,-942728263,73492333,22469846,0,9999,6773,-466,11507
$$HAR,16:45:46,417740578,-942728263,73492333,22469846,0,9999,6735,-471,11488
$$HAR,16:45:49,417740578,-942728263,73492333,22469846,0,9999,6697,-472,11492
$$HAR,16:45:52,417740578,-942728263,73492333,22469846,0,9999,6658,-477,11478
$$HAR,16:45:55,417740578,-942728263,73492333,22469846,0,9999,6619,-482,11468
$$HAR,16:45:58,417740578,-942728263,73492333,22469846,0,9999,6580,-487,11466
$$HAR,16:46:01,417740578,-942728263,73492333,22469846,0,9999,6543,-491,11469
$$HAR,16:46:06,417740578,-942728263,73492333,22469846,0,9999,6499,-494,11464
$$HAR,16:46:09,417740578,-942728263,73492333,22469846,0,9999,6456,-498,11458
$$HAR,16:46:12,417740578,-942728263,73492333,22469846,0,9999,6420,-498,11463
$$HAR,16:46:15,417740578,-942728263,73492333,22469846,0,9999,6382,-499,11463
$$HAR,16:46:18,417740578,-942728263,73492333,22469846,0,9999,6340,-502,11448
$$HAR,16:46:21,417740578,-942728263,73492333,22469846,0,9999,6301,-504,11457
$$HAR,16:46:24,417740578,-942728263,73492333,22469846,0,9999,6265,-506,11447
$$HAR,16:46:27,417740578,-942728263,73492333,22469846,0,9999,6223,-511,11433
$$HAR,16:46:30,417740578,-942728263,73492333,22469846,0,9999,6187,-515,11432
$$HAR,16:46:33,417740578,-942728263,73492333,22469846,0,9999,6153,-519,11422
$$HAR,16:46:36,417740578,-942728263,73492333,22469846,0,9999,6120,-521,11426
$$HAR,16:46:39,417740578,-942728263,73492333,22469846,0,9999,6084,-522,11426
$$HAR,16:46:42,417740578,-942728263,73492333,22469846,0,9999,6051,-523,11416
$$HAR,16:46:47,417740578,-942728263,73492333,22469846,0,9999,6006,-527,11405
$$HAR,16:46:50,417740578,-942728263,73492333,22469846,0,9999,5961,-528,11415
$$HAR,16:46:53,417740578,-942728263,73492333,22469846,0,9999,5924,-530,11410
$$HAR,16:46:56,417740578,-942728263,73492333,22469846,0,9999,5892,-536,11390
$$HAR,16:46:59,417740578,-942728263,73492333,22469846,0,9999,5860,-537,11399
$$HAR,16:47:02,417740578,-942728263,73492333,22469846,0,9999,5831,-539,11390
$$HAR,16:47:07,417740578,-942728263,73492333,22469846,0,9999,5797,-542,11376
$$HAR,16:47:10,417740578,-942728263,73492333,22469846,0,9999,5762,-544,11376
$$HAR,16:47:13,417740578,-942728263,73492333,22469846,0,9999,5725,-547,11375
$$HAR,16:47:16,417740578,-942728263,73492333,22469846,0,9999,5689,-550,11365
$$HAR,16:47:19,417740578,-942728263,73492333,22469846,0,9999,5655,-553,11355
$$HAR,16:47:22,417740578,-942728263,73492333,22469846,0,9999,5622,-556,11354
$$HAR,16:47:25,417740578,-942728263,73492333,22469846,0,9999,5596,-562,11340
$$HAR,16:47:28,417740578,-942728263,73492333,22469846,0,9999,5566,-564,11343
$$HAR,16:47:34,417740578,-942728263,73492333,22469846,0,9999,5527,-569,11333
$$HAR,16:47:34,417740578,-942728263,73492333,22469846,0,9999,5488,-572,11328
$$HAR,16:47:34,417740578,-942728263,73492333,22469846,0,9999,5452,-568,11347
$$HAR,16:47:42,417740578,-942728263,73492333,22469846,0,9999,5418,-563,11357
$$HAR,16:47:42,417740578,-942728263,73492333,22469846,0,9999,5387,-570,11315
$$HAR,16:47:48,417740578,-942728263,73492333,22469846,0,9999,5357,-568,11334
$$HAR,16:47:51,417740578,-942728263,73492333,22469846,0,9999,5328,-573,11315
$$HAR,16:47:54,417740578,-942728263,73492333,22469846,0,9999,5298,-570,11333
$$HAR,16:47:57,417740578,-942728263,73492333,22469846,0,9999,5273,-578,11291
$$HAR,16:48:00,417740578,-942728263,73492333,22469846,0,9999,5244,-584,11290
$$HAR,16:48:03,417740578,-942728263,73492333,22469846,0,9999,5214,-585,11293
$$HAR,16:48:03,417740578,-942728263,73492333,22469846,0,9999,5184,-584,11294
$$HAR,16:48:08,417740578,-942728263,73492333,22469846,0,9999,5153,-580,11299
$$HAR,16:48:08,417740578,-942728263,73492333,22469846,0,9999,5123,-589,11261
$$HAR,16:48:14,417740578,-942728263,73492333,22469846,0,9999,5094,-586,11276
$$HAR,16:48:14,417740578,-942728263,73492333,22469846,0,9999,5065,-594,11243
$$HAR,16:48:14,417740578,-942728263,73492333,22469846,0,9999,5037,-590,11266
$$HAR,16:48:23,417740578,-942728263,73492333,22469846,0,9999,5012,-587,11262
$$HAR,16:48:26,417740578,-942728263,73492333,22469846,0,9999,4986,-590,11248
$$HAR,16:48:29,417740578,-942728263,73492333,22469846,0,9999,4961,-592,11240
$$HAR,16:48:32,417740578,-942728263,73492333,22469846,0,9999,4936,-600,11215
$$HAR,16:48:35,417740578,-942728263,73492333,22469846,0,9999,4908,-608,11205
$$HAR,16:48:38,417740578,-942728263,73492333,22469846,0,9999,4883,-616,11193
$$HAR,16:48:38,417740578,-942728263,73492333,22469846,0,9999,4856,-623,11192
$$HAR,16:48:44,417740578,-942728263,73492333,22469846,0,9999,4830,-618,11219
$$HAR,16:48:47,417740578,-942728263,73492333,22469846,0,9999,4803,-617,11211
$$HAR,16:48:47,417740578,-942728263,73492333,22469846,0,9999,4774,-624,11188
$$HAR,16:48:54,417740578,-942728263,73492333,22469846,0,9999,4744,-622,11210
$$HAR,16:48:57,417740578,-942728263,73492333,22469846,0,9999,4713,-622,11201
$$HAR,16:48:57,417740578,-942728263,73492333,22469846,0,9999,4684,-619,11206
$$HAR,16:48:57,417740578,-942728263,73492333,22469846,0,9999,4654,-617,11206
$$HAR,16:49:07,417740578,-942728263,73492333,22469846,0,9999,4625,-618,11197
$$HAR,16:49:10,417740578,-942728263,73492333,22469846,0,9999,4598,-628,11165
$$HAR,16:49:10,417740578,-942728263,73492333,22469846,0,9999,4571,-629,11177
$$HAR,16:49:10,417740578,-942728263,73492333,22469846,0,9999,4544,-628,11182
$$HAR,16:49:10,417740578,-942728263,73492333,22469846,0,9999,4520,-628,11174
$$HAR,16:49:20,417740578,-942728263,73492333,22469846,0,9999,4493,-628,11169
$$HAR,16:49:20,417740578,-942728263,73492333,22469846,0,9999,4470,-627,11169
$$HAR,16:49:26,417740578,-942728263,73492333,22469846,0,9999,4447,-628,11160
$$HAR,16:49:26,417740578,-942728263,73492333,22469846,0,9999,4424,-635,11140
$$HAR,16:49:35,417740578,-942728263,73492333,22469846,0,9999,4393,-633,11150
$$HAR,16:49:35,417740578,-942728263,73492333,22469846,0,9999,4363,-635,11132
$$HAR,16:49:35,417740578,-942728263,73492333,22469846,0,9999,30732,-11442,64983
$$HAR,16:49:35,417740578,-942728263,73492333,22469846,0,9999,69565,3335,12449
$$HAR,16:49:47,417740578,-942728263,73492333,22469846,0,9999,69565,3335,12454
$$HAR,16:49:50,417740578,-942728263,73492333,22469846,0,9999,69565,3335,12395
$$HAR,16:49:53,417740578,-942728263,73492333,22469846,0,9999,69565,3335,12386
$$HAR,16:49:56,417740578,-942728263,73492333,22469846,0,9999,69565,3335,12371
$$HAR,16:49:59,417740578,-942728263,73492333,22469846,0,9999,69565,3335,12375
$$HAR,16:50:02,417740578,-942728263,73492333,22469846,0,9999,69565,3335,12371
$$HAR,16:50:05,417740578,-942728263,73492333,22469846,0,9999,69565,3335,12386
$$HAR,16:50:08,417740578,-942728263,73492333,22469846,0,9999,69565,3335,12371
$$HAR,16:50:11,417740578,-942728263,73492333,22469846,0,9999,69565,3335,12371
$$HAR,16:50:11,417740578,-942728263,73492333,22469846,0,9999,69565,3335,12371
$$HAR,16:50:11,417740578,-942728263,73492333,22469846,0,9999,69565,3335,12415
$$HAR,16:50:19,417740578,-942728263,73492333,22469846,0,9999,69565,3335,12405
$$HAR,16:50:22,417740578,-942728263,73492333,22469846,0,9999,30732,-11442,64983
$$HAR,16:50:22,417740578,-942728263,73492333,22469846,0,9999,69565,3335,12410
$$HAR,16:50:27,417740578,-942728263,73492333,22469846,0,9999,69565,3335,12410
$$HAR,16:50:27,417740578,-942728263,73492333,22469846,0,9999,69565,3335,12366
$$HAR,16:50:27,417740578,-942728263,73492333,22469846,0,9999,69565,3335,12400
$$HAR,16:50:37,417740578,-942728263,73492333,22469846,0,9999,69565,3335,12400
$$HAR,16:50:37,417740578,-942728263,73492333,22469846,0,9999,69565,3335,12361
$$HAR,16:50:37,417740578,-942728263,73492333,22469846,0,9999,69565,3335,12386
$$HAR,16:50:44,417740578,-942728263,73492333,22469846,0,9999,69565,3335,12386
$$HAR,16:50:47,417740578,-942728263,73492333,22469846,0,9999,69565,3335,12356
$$HAR,16:50:50,417740578,-942728263,73492333,22469846,0,9999,69565,3335,12366
$$HAR,16:50:50,417740578,-942728263,73492333,22469846,0,9999,69565,3335,12332
$$HAR,16:50:56,417740578,-942728263,73492333,22469846,0,9999,69565,3335,12356
$$HAR,16:50:56,417740578,-942728263,73492333,22469846,0,9999,69565,3335,12332
$$HAR,16:51:02,417740578,-942728263,73492333,22469846,0,9999,69565,3335,12366
$$HAR,16:51:02,417740578,-942728263,73492333,22469846,0,9999,69565,3335,12322
$$HAR,16:51:07,417740578,-942728263,73492333,22469846,0,9999,69565,3335,12342
$$HAR,16:51:10,417740578,-942728263,73492333,22469846,0,9999,69565,3335,12317
$$HAR,16:51:13,417740578,-942728263,73492333,22469846,0,9999,69565,3335,12307
$$HAR,16:51:16,417740578,-942728263,73492333,22469846,0,9999,69565,3335,12298
$$HAR,16:51:19,417740578,-942728263,73492333,22469846,0,9999,69565,3335,12298
$$HAR,16:51:22,417740578,-942728263,73492333,22469846,0,9999,69565,3335,12293
$$HAR,16:51:25,417740578,-942728263,73492333,22469846,0,9999,69565,3335,12298
$$HAR,16:51:28,417740578,-942728263,73492333,22469846,0,9999,69565,3335,12298
$$HAR,16:51:31,417740578,-942728263,73492333,22469846,0,9999,69565,3335,12302
$$HAR,16:51:34,417740578,-942728263,73492333,22469846,0,9999,69565,3335,12302
$$HAR,16:51:34,417740578,-942728263,73492333,22469846,0,9999,69565,3335,12317
$$HAR,16:51:34,417740578,-942728263,73492333,22469846,0,9999,69565,3335,12351
$$HAR,16:51:34,417740578,-942728263,73492333,22469846,0,9999,69565,3335,12351
$$HAR,16:51:34,417740578,-942728263,73492333,22469846,0,9999,69565,3335,12342
$$HAR,16:51:50,417740578,-942728263,73492333,22469846,0,9999,69565,3335,12351
$$HAR,16:51:53,417740578,-942728263,73492333,22469846,0,9999,69565,3335,12317
$$HAR,16:51:53,417740578,-942728263,73492333,22469846,0,9999,69565,3335,12307
$$HAR,16:52:00,417740578,-942728263,73492333,22469846,0,9999,69565,3335,12346
$$HAR,16:52:00,417740578,-942728263,73492333,22469846,0,9999,69565,3335,12302
$$HAR,16:52:00,417740578,-942728263,73492333,22469846,0,9999,69565,3335,12337
$$HAR,16:52:09,417740578,-942728263,73492333,22469846,0,9999,69565,3335,12332
$$HAR,16:52:09,417740578,-942728263,73492333,22469846,0,9999,69565,3335,12298
$$HAR,16:52:17,417740578,-942728263,73492333,22469846,0,9999,69565,3335,12322
$$HAR,16:52:20,417740578,-942728263,73492333,22469846,0,9999,69565,3335,12302
$$HAR,16:52:23,417740578,-942728263,73492333,22469846,0,9999,69565,3335,12288
$$HAR,16:52:26,417740578,-942728263,73492333,22469846,0,9999,69565,3335,12298
$$HAR,16:52:26,417740578,-942728263,73492333,22469846,0,9999,69565,3335,12278
$$HAR,16:52:32,417740578,-942728263,73492333,22469846,0,9999,69565,3335,12312
$$HAR,16:52:35,417740578,-942728263,73492333,22469846,0,9999,69565,3335,12283
$$HAR,16:52:38,417740578,-942728263,73492333,22469846,0,9999,69565,3335,12273
$$HAR,16:52:38,417740578,-942728263,73492333,22469846,0,9999,69565,3335,12317
$$HAR,16:52:38,417740578,-942728263,73492333,22469846,0,9999,69565,3335,12307
$$HAR,16:52:48,417740578,-942728263,73492333,22469846,0,9999,69565,3335,12312
$$HAR,16:52:51,417740578,-942728263,73492333,22469846,0,9999,69565,3335,12293
$$HAR,16:52:54,417740578,-942728263,73492333,22469846,0,9999,69565,3335,12293
$$HAR,16:52:57,417740578,-942728263,73492333,22469846,0,9999,69565,3335,12263
$$HAR,16:53:00,417740578,-942728263,73492333,22469846,0,9999,69565,3335,12259
$$HAR,16:53:03,417740578,-942728263,73492333,22469846,0,9999,69565,3335,12283
$$HAR,16:53:03,417740578,-942728263,73492333,22469846,0,9999,69565,3335,12278
$$HAR,16:53:08,417740578,-942728263,73492333,22469846,0,9999,69565,3335,12278
$$HAR,16:53:11,417740578,-942728263,73492333,22469846,0,9999,69565,3335,12283
$$HAR,16:53:11,417740578,-942728263,73492333,22469846,0,9999,69565,3335,12249
$$HAR,16:53:11,417740578,-942728263,73492333,22469846,0,9999,69565,3335,12273
$$HAR,16:53:11,417740578,-942728263,73492333,22469846,0,9999,69565,3335,12273
$$HAR,16:53:24,417740578,-942728263,73492333,22469846,0,9999,69565,3335,12268
$$HAR,16:53:24,417740578,-942728263,73492333,22469846,0,9999,69565,3335,12224
$$HAR,16:53:24,417740578,-942728263,73492333,22469846,0,9999,69565,3335,12249
$$HAR,16:53:24,417740578,-942728263,73492333,22469846,0,9999,69565,3335,12244
$$HAR,16:53:37,417740578,-942728263,73492333,22469846,0,9999,69565,3335,12249
$$HAR,16:53:37,417740578,-942728263,73492333,22469846,0,9999,69565,3335,12215
$$HAR,16:53:44,417740578,-942728263,73492333,22469846,0,9999,69565,3335,12215
$$HAR,16:53:47,417740578,-942728263,73492333,22469846,0,9999,69565,3335,12205
$$HAR,16:53:50,417740578,-942728263,73492333,22469846,0,9999,69565,3335,12190
$$HAR,16:53:53,417740578,-942728263,73492333,22469846,0,9999,69565,3335,12185
$$HAR,16:53:53,417740578,-942728263,73492333,22469846,0,9999,69565,3335,12180
$$HAR,16:53:53,417740578,-942728263,73492333,22469846,0,9999,69565,3335,12210
$$HAR,16:54:02,417740578,-942728263,73492333,22469846,0,9999,69565,3335,12215
$$HAR,16:54:05,417740578,-942728263,73492333,22469846,0,9999,69565,3335,12185
$$HAR,16:54:05,417740578,-942728263,73492333,22469846,0,9999,69565,3335,12185
$$HAR,16:54:13,417740578,-942728263,73492333,22469846,0,9999,69565,3335,12229
$$HAR,16:54:16,417740578,-942728263,73492333,22469846,0,9999,69565,3335,12185
$$HAR,16:54:16,417740578,-942728263,73492333,22469846,0,9999,69565,3335,12224
$$HAR,16:54:21,417740578,-942728263,73492333,22469846,0,9999,69565,3335,12219
$$HAR,16:54:24,417740578,-942728263,73492333,22469846,0,9999,69565,3335,12190
$$HAR,16:54:24,417740578,-942728263,73492333,22469846,0,9999,69565,3335,12190
$$HAR,16:54:29,417740578,-942728263,73492333,22469846,0,9999,69565,3335,12210
$$HAR,16:54:32,417740578,-942728263,73492333,22469846,0,9999,69565,3335,12185
$$HAR,16:54:35,417740578,-942728263,73492333,22469846,0,9999,69565,3335,12171
$$HAR,16:54:38,417740578,-942728263,73492333,22469846,0,9999,69565,3335,12180
$$HAR,16:54:41,417740578,-942728263,73492333,22469846,0,9999,69565,3335,12171
$$HAR,16:54:44,417740578,-942728263,73492333,22469846,0,9999,69565,3335,12210
$$HAR,16:54:44,417740578,-942728263,73492333,22469846,0,9999,69565,3335,12200
$$HAR,16:54:44,417740578,-942728263,73492333,22469846,0,9999,69565,3335,12210
$$HAR,16:54:44,417740578,-942728263,73492333,22469846,0,9999,69565,3335,12219
$$HAR,16:54:44,417740578,-942728263,73492333,22469846,0,9999,69565,3335,12215
$$HAR,16:54:44,417740578,-942728263,73492333,22469846,0,9999,69565,3335,12215
$$HAR,16:54:44,417740578,-942728263,73492333,22469846,0,9999,69565,3335,12215
$$HAR,16:54:44,417740578,-942728263,73492333,22469846,0,9999,69565,3335,12166
$$HAR,16:55:09,417740578,-942728263,73492333,22469846,0,9999,69565,3335,12195
$$HAR,16:55:09,417740578,-942728263,73492333,22469846,0,9999,69565,3335,12190
$$HAR,16:55:20,417740578,-942728263,73492333,22469846,0,9999,69565,3335,12185
$$HAR,16:55:24,417740578,-942728263,73492333,22469846,0,9999,69565,3335,12176
$$HAR,16:55:24,417740578,-942728263,73492333,22469846,0,9999,69565,3335,12136
$$HAR,16:55:34,417740578,-942728263,73492333,22469846,0,9999,69565,3335,12176
$$HAR,16:55:34,417740578,-942728263,73492333,22469846,0,9999,69565,3335,12156
$$HAR,16:55:39,417740578,-942728263,73492333,22469846,0,9999,69565,3335,12161
$$HAR,16:55:39,417740578,-942728263,73492333,22469846,0,9999,69565,3335,12117
$$HAR,16:55:46,417740578,-942728263,73492333,22469846,0,9999,69565,3335,12151
$$HAR,16:55:49,417740578,-942728263,73492333,22469846,0,9999,69565,3335,12112
$$HAR,16:55:49,417740578,-942728263,73492333,22469846,0,9999,69565,3335,12107
$$HAR,16:55:56,417740578,-942728263,73492333,22469846,0,9999,69565,3335,12156
$$HAR,16:55:59,417740578,-942728263,73492333,22469846,0,9999,69565,3335,12117
$$HAR,16:56:02,417740578,-942728263,73492333,22469846,0,9999,69565,3335,12151
$$HAR,16:56:05,417740578,-942728263,73492333,22469846,0,9999,69565,3335,12112
$$HAR,16:56:05,417740578,-942728263,73492333,22469846,0,9999,69565,3335,12180
$$HAR,16:56:05,417740578,-942728263,73492333,22469846,0,9999,69565,3335,12146
$$HAR,16:56:17,417740578,-942728263,73492333,22469846,0,9999,69565,3335,12151
$$HAR,16:56:17,417740578,-942728263,73492333,22469846,0,9999,69565,3335,12122
$$HAR,16:56:17,417740578,-942728263,73492333,22469846,0,9999,69565,3335,12141
$$HAR,16:56:17,417740578,-942728263,73492333,22469846,0,9999,69565,3335,12146
$$HAR,16:56:30,417740578,-942728263,73492333,22469846,0,9999,69565,3335,12146
$$HAR,16:56:30,417740578,-942728263,73492333,22469846,0,9999,69565,3335,12107
$$HAR,16:56:30,417740578,-942728263,73492333,22469846,0,9999,69565,3335,12127
$$HAR,16:56:30,417740578,-942728263,73492333,22469846,0,9999,30732,-11442,64983
$$HAR,16:56:30,417740578,-942728263,73492333,22469846,0,9999,69565,3335,12112
$$HAR,16:56:30,417740578,-942728263,73492333,22469846,0,9999,69565,3335,12112
$$HAR,16:56:48,417740578,-942728263,73492333,22469846,0,9999,69565,3335,12117
$$HAR,16:56:51,417740578,-942728263,73492333,22469846,0,9999,69565,3335,12097
$$HAR,16:56:51,417740578,-942728263,73492333,22469846,0,9999,69565,3335,12117
$$HAR,16:56:56,417740578,-942728263,73492333,22469846,0,9999,69565,3335,12141
$$HAR,16:56:59,417740578,-942728263,73492333,22469846,0,9999,69565,3335,12132
$$HAR,16:56:59,417740578,-942728263,73492333,22469846,0,9999,69565,3335,12132
$$HAR,16:56:59,417740578,-942728263,73492333,22469846,0,9999,69565,3335,12136
$$HAR,16:56:59,417740578,-942728263,73492333,22469846,0,9999,69565,3335,12146
$$HAR,16:57:12,417740578,-942728263,73492333,22469846,0,9999,69565,3335,12132
$$HAR,16:57:16,417740578,-942728263,73492333,22469846,0,9999,69565,3335,12136
$$HAR,16:57:19,417740578,-942728263,73492333,22469846,0,9999,69565,3335,12107
$$HAR,16:57:22,417740578,-942728263,73492333,22469846,0,9999,69565,3335,12117
$$HAR,16:57:25,417740578,-942728263,73492333,22469846,0,9999,69565,3335,12107
$$HAR,16:57:28,417740578,-942728263,73492333,22469846,0,9999,69565,3335,12097
$$HAR,16:57:31,417740578,-942728263,73492333,22469846,0,9999,69565,3335,12117
$$HAR,16:57:34,417740578,-942728263,73492333,22469846,0,9999,69565,3335,12112
$$HAR,16:57:37,417740578,-942728263,73492333,22469846,0,9999,69565,3335,12117
$$HAR,16:57:37,417740578,-942728263,73492333,22469846,0,9999,69565,3335,12103
$$HAR,16:57:37,417740578,-942728263,73492333,22469846,0,9999,69565,3335,12127
$$HAR,16:57:37,417740578,-942728263,73492333,22469846,0,9999,69565,3335,12132
$$HAR,16:57:47,417740578,-942728263,73492333,22469846,0,9999,69565,3335,12136
$$HAR,16:57:47,417740578,-942728263,73492333,22469846,0,9999,69565,3335,12132
$$HAR,16:57:47,417740578,-942728263,73492333,22469846,0,9999,69565,3335,12136
$$HAR,16:57:47,417740578,-942728263,73492333,22469846,0,9999,69565,3335,12136
$$HAR,16:57:47,417740578,-942728263,73492333,22469846,0,9999,69565,3335,12127
$$HAR,16:58:05,417740578,-942728263,73492333,22469846,0,9999,69565,3335,12127
$$HAR,16:58:08,417740578,-942728263,73492333,22469846,0,9999,69565,3335,12122
$$HAR,16:58:11,417740578,-942728263,73492333,22469846,0,9999,69565,3335,12088
$$HAR,16:58:14,417740578,-942728263,73492333,22469846,0,9999,69565,3335,12097
$$HAR,16:58:14,417740578,-942728263,73492333,22469846,0,9999,69565,3335,12112
$$HAR,16:58:27,417740578,-942728263,73492333,22469846,0,9999,69565,3335,12107
$$HAR,16:58:27,417740578,-942728263,73492333,22469846,0,9999,69565,3335,12083
$$HAR,16:58:27,417740578,-942728263,73492333,22469846,0,9999,69565,3335,12112
$$HAR,16:58:27,417740578,-942728263,73492333,22469846,0,9999,69565,3335,12107
$$HAR,16:58:27,417740578,-942728263,73492333,22469846,0,9999,69565,3335,12103
$$HAR,16:58:53,417740578,-942728263,73492333,22469846,0,9999,69565,3335,12093
$$HAR,16:58:53,417740578,-942728263,73492333,22469846,0,9999,69565,3335,12059
$$HAR,16:58:53,417740578,-942728263,73492333,22469846,0,9999,69565,3335,12083
$$HAR,16:58:53,417740578,-942728263,73492333,22469846,0,9999,69565,3335,12097
$$HAR,16:59:04,417740578,-942728263,73492333,22469846,0,9999,69565,3335,12083
$$HAR,16:59:07,417740578,-942728263,73492333,22469846,0,9999,69565,3335,12073
$$HAR,16:59:07,417740578,-942728263,73492333,22469846,0,9999,69565,3335,12049
$$HAR,16:59:07,417740578,-942728263,73492333,22469846,0,9999,69565,3335,12088
$$HAR,16:59:16,417740578,-942728263,73492333,22469846,0,9999,69565,3335,12097
$$HAR,16:59:16,417740578,-942728263,73492333,22469846,0,9999,69565,3335,12054
$$HAR,16:59:21,417740578,-942728263,73492333,22469846,0,9999,69565,3335,12083
$$HAR,16:59:21,417740578,-942728263,73492333,22469846,0,9999,69565,3335,12088
$$HAR,16:59:21,417740578,-942728263,73492333,22469846,0,9999,69565,3335,12103
$$HAR,16:59:33,417740578,-942728263,73492333,22469846,0,9999,69565,3335,12107
$$HAR,16:59:33,417740578,-942728263,73492333,22469846,0,9999,69565,3335,12063
$$HAR,16:59:33,417740578,-942728263,73492333,22469846,0,9999,69565,3335,12097
$$HAR,16:59:33,417740578,-942728263,73492333,22469846,0,9999,69565,3335,12103
$$HAR,16:59:33,417740578,-942728263,73492333,22469846,0,9999,69565,3335,12097
$$HAR,16:59:33,417740578,-942728263,73492333,22469846,0,9999,69565,3335,12097
$$HAR,16:59:33,417740578,-942728263,73492333,22469846,0,9999,69565,3335,12103
$$HAR,16:59:59,417740578,-942728263,73492333,22469846,0,9999,69565,3335,12103
$$HAR,17:00:02,417740578,-942728263,73492333,22469846,0,9999,69565,3335,12063
$$HAR,17:00:05,417740578,-942728263,73492333,22469846,0,9999,69565,3335,12059
$$HAR,17:00:08,417740578,-942728263,73492333,22469846,0,9999,69565,3335,12059
$$HAR,17:00:11,417740578,-942728263,73492333,22469846,0,9999,69565,3335,12059
$$HAR,17:00:14,417740578,-942728263,73492333,22469846,0,9999,69565,3335,12063
$$HAR,17:00:14,417740578,-942728263,73492333,22469846,0,9999,69565,3335,12063
$$HAR,17:00:19,417740578,-942728263,73492333,22469846,0,9999,69565,3335,12112
$$HAR,17:00:22,417740578,-942728263,73492333,22469846,0,9999,69565,3335,12103
$$HAR,17:00:25,417740578,-942728263,73492333,22469846,0,9999,69565,3335,12073
$$HAR,17:00:28,417740578,-942728263,73492333,22469846,0,9999,69565,3335,12078
$$HAR,17:00:31,417740578,-942728263,73492333,22469846,0,9999,69565,3335,12083
$$HAR,17:00:34,417740578,-942728263,73492333,22469846,0,9999,69565,3335,12088
$$HAR,17:00:34,417740578,-942728263,73492333,22469846,0,9999,69565,3335,12117
$$HAR,17:00:44,417740578,-942728263,73492333,22469846,0,9999,69565,3335,12151
$$HAR,17:00:44,417740578,-942728263,73492333,22469846,0,9999,69565,3335,12146
$$HAR,17:00:44,417740578,-942728263,73492333,22469846,0,9999,69565,3335,12161
$$HAR,17:00:44,417740578,-942728263,73492333,22469846,0,9999,69565,3335,12166
$$HAR,17:00:44,417740578,-942728263,73492333,22469846,0,9999,69565,3335,12161
$$HAR,17:00:44,417740578,-942728263,73492333,22469846,0,9999,69565,3335,12166
$$HAR,17:01:03,417740578,-942728263,73492333,22469846,0,9999,69565,3335,12166
$$HAR,17:01:06,417740578,-942728263,73492333,22469846,0,9999,69565,3335,12127
$$HAR,17:01:09,417740578,-942728263,73492333,22469846,0,9999,69565,3335,12112
$$HAR,17:01:12,417740578,-942728263,73492333,22469846,0,9999,69565,3335,12112
$$HAR,17:01:12,417740578,-942728263,73492333,22469846,0,9999,69565,3335,12117
$$HAR,17:01:32,420282214,-936535400,316428,0,0,9999,69565,3335,12141
$$HAR,17:01:32,420282214,-936535400,316428,0,0,9999,3530,-709,10840
$$HAR,17:01:38,420282214,-936535400,316428,0,0,9999,2928,-758,10850
$$HAR,17:01:38,420282214,-936535400,316428,0,0,9999,2474,-803,10813
$$HAR,17:01:38,420282214,-936535400,316428,0,0,9999,2134,-828,10841
$$HAR,17:01:38,420282214,-936535400,316428,0,0,9999,1876,-846,10837
$$HAR,17:01:51,420282214,-936535400,316428,0,0,9999,1682,-861,10833
$$HAR,17:01:54,420282214,-936535400,316428,0,0,9999,1536,-882,10803
$$HAR,17:01:54,420282214,-936535400,316428,0,0,9999,1425,-899,10794
$$HAR,17:02:03,420282214,-936535400,316428,0,0,9999,1339,-900,10824
$$HAR,17:02:06,420282214,-936535400,316428,0,0,9999,1273,-912,10791
$$HAR,17:02:09,420282214,-936535400,316428,0,0,9999,1224,-922,10789
$$HAR,17:02:12,420282214,-936535400,316428,0,0,9999,1185,-930,10788
$$HAR,17:02:15,420282214,-936535400,316428,0,0,9999,1154,-936,10790
$$HAR,17:02:18,420282214,-936535400,316428,0,0,9999,1130,-941,10793
$$HAR,17:02:21,420282214,-936535400,316428,0,0,9999,1111,-944,10797
$$HAR,17:02:24,420282214,-936535400,316428,0,0,9999,1095,-947,10796
$$HAR,17:02:27,420282214,-936535400,316428,0,0,9999,1083,-949,10805
$$HAR,17:02:30,420282214,-936535400,316428,0,0,9999,1072,-951,10813
$$HAR,17:02:33,420282214,-936535400,316428,0,0,9999,1063,-952,10817
$$HAR,17:02:36,420282214,-936535400,316428,0,0,9999,1055,-953,10821
$$HAR,17:02:39,420282214,-936535400,316428,0,0,9999,1047,-954,10829
$$HAR,17:02:39,420282214,-936535400,316428,0,0,9999,1040,-955,10833
$$HAR,17:02:39,420282214,-936535400,316428,0,0,9999,1033,-947,10865
$$HAR,17:02:39,420282214,-936535400,316428,0,0,9999,1026,-937,10899
$$HAR,17:02:55,420282214,-936535400,316428,0,0,9999,1020,-928,10906
$$HAR,17:02:55,420282214,-936535400,316428,0,0,9999,1013,-933,10879
$$HAR,17:02:55,420282214,-936535400,316428,0,0,9999,1006,-926,10910
$$HAR,17:02:55,420282214,-936535400,316428,0,0,9999,1000,-921,10916
$$HAR,17:03:12,420282214,-936535400,316428,0,0,9999,993,-917,10913
$$HAR,17:03:12,420282214,-936535400,316428,0,0,9999,986,-916,10909
$$HAR,17:03:12,420282214,-936535400,316428,0,0,9999,979,-914,10913
$$HAR,17:03:12,420282214,-936535400,316428,0,0,9999,973,-911,10922
$$HAR,17:03:12,420282214,-936535400,316428,0,0,9999,967,-911,10914
$$HAR,17:03:12,420282214,-936535400,316428,0,0,9999,962,-911,10914
$$HAR,17:03:12,420282214,-936535400,316428,0,0,9999,957,-909,10918
$$HAR,17:03:12,420282214,-936535400,316428,0,0,9999,951,-910,10914
$$HAR,17:03:39,420282214,-936535400,316428,0,0,9999,946,-910,10918
$$HAR,17:03:39,420282214,-936535400,316428,0,0,9999,941,-919,10886
$$HAR,17:03:39,420282214,-936535400,316428,0,0,9999,937,-917,10922
$$HAR,17:03:46,420282214,-936535400,316428,0,0,9999,933,-913,10923
$$HAR,17:03:49,420282214,-936535400,316428,0,0,9999,929,-921,10890
$$HAR,17:03:49,420282214,-936535400,316428,0,0,9999,925,-928,10880
$$HAR,17:03:49,420282214,-936535400,316428,0,0,9999,921,-925,10914
$$HAR,17:03:49,420282214,-936535400,316428,0,0,9999,916,-920,10929
$$HAR,17:03:49,420282214,-936535400,316428,0,0,9999,912,-915,10936
$$HAR,17:03:49,420282214,-936535400,316428,0,0,9999,906,-912,10940
$$HAR,17:04:14,420282214,-936535400,316428,0,0,9999,900,-910,10936
$$HAR,17:04:17,420282214,-936535400,316428,0,0,9999,894,-920,10903
$$HAR,17:04:17,420282214,-936535400,316428,0,0,9999,889,-928,10906
$$HAR,17:04:17,420282214,-936535400,316428,0,0,9999,884,-922,10947
$$HAR,17:04:17,420282214,-936535400,316428,0,0,9999,879,-917,10948
$$HAR,17:04:28,420282214,-936535400,316428,0,0,9999,875,-913,10958
$$HAR,17:04:28,420282214,-936535400,316428,0,0,9999,870,-919,10930
$$HAR,17:04:28,420282214,-936535400,316428,0,0,9999,866,-914,10957
$$HAR,17:04:28,420282214,-936535400,316428,0,0,9999,861,-913,10953
$$HAR,17:04:28,420282214,-936535400,316428,0,0,9999,856,-911,10962
$$HAR,17:04:28,420282214,-936535400,316428,0,0,9999,850,-909,10966
$$HAR,17:04:28,420282214,-936535400,316428,0,0,9999,843,-907,10975
$$HAR,17:04:57,420282214,-936535400,316428,0,0,9999,838,-908,10975
$$HAR,17:05:00,420282214,-936535400,316428,0,0,9999,832,-910,10971
$$HAR,17:05:03,420282214,-936535400,316428,0,0,9999,827,-915,10967
$$HAR,17:05:06,420282214,-936535400,316428,0,0,9999,822,-922,10955
$$HAR,17:05:06,420282214,-936535400,316428,0,0,9999,818,-929,10958
$$HAR,17:05:06,420282214,-936535400,316428,0,0,9999,813,-924,10990
$$HAR,17:05:06,420282214,-936535400,316428,0,0,9999,807,-918,11013
$$HAR,17:05:06,420282214,-936535400,316428,0,0,9999,801,-916,11014
$$HAR,17:05:25,420282214,-936535400,316428,0,0,9999,797,-913,11019
$$HAR,17:05:28,420282214,-936535400,316428,0,0,9999,792,-919,10995
$$HAR,17:05:28,420282214,-936535400,316428,0,0,9999,787,-926,10989
$$HAR,17:05:38,420282214,-936535400,316428,0,0,9999,782,-919,11044
$$HAR,17:05:41,420282214,-936535400,316428,0,0,9999,776,-925,11011
$$HAR,17:05:41,420282214,-936535400,316428,0,0,9999,771,-931,11011
$$HAR,17:05:41,420282214,-936535400,316428,0,0,9999,766,-922,11065
$$HAR,17:05:53,420282214,-936535400,316428,0,0,9999,761,-916,11080
$$HAR,17:05:56,420282214,-936535400,316428,0,0,9999,756,-914,11071
$$HAR,17:05:59,420282214,-936535400,316428,0,0,9999,751,-913,11080
$$HAR,17:06:02,420282214,-936535400,316428,0,0,9999,747,-914,11075
$$HAR,17:06:05,420282214,-936535400,316428,0,0,9999,743,-921,11065
$$HAR,17:06:08,420282214,-936535400,316428,0,0,9999,739,-927,11067
$$HAR,17:06:11,420282214,-936535400,316428,0,0,9999,735,-932,11067
$$HAR,17:06:14,420282214,-936535400,316428,0,0,9999,731,-936,11070
$$HAR,17:06:17,420282214,-936535400,316428,0,0,9999,727,-938,11082
$$HAR,17:06:17,420282214,-936535400,316428,0,0,9999,723,-941,11086
$$HAR,17:06:26,420282214,-936535400,316428,0,0,9999,719,-929,11146
$$HAR,17:06:29,420282214,-936535400,316428,0,0,9999,715,-933,11120
$$HAR,17:06:29,420282214,-936535400,316428,0,0,9999,710,-936,11127
$$HAR,17:07:07,420282214,-936535400,316428,0,0,9999,665,-892,11229
$$HAR,17:07:10,420282214,-936535400,316428,0,0,9999,661,-893,11233
$$HAR,17:07:10,420282214,-936535400,316428,0,0,9999,658,-903,11205
$$HAR,17:07:10,420282214,-936535400,316428,0,0,9999,655,-900,11241
$$HAR,17:07:10,420282214,-936535400,316428,0,0,9999,652,-897,11255
$$HAR,17:07:27,420282214,-936535400,316428,0,0,9999,648,-895,11260
$$HAR,17:07:27,420282214,-936535400,316428,0,0,9999,644,-900,11245
$$HAR,17:07:27,420282214,-936535400,316428,0,0,9999,640,-897,11269
$$HAR,17:07:35,420282214,-936535400,316428,0,0,9999,637,-897,11260
$$HAR,17:07:35,420282214,-936535400,316428,0,0,9999,634,-905,11235
$$HAR,17:07:40,420282214,-936535400,316428,0,0,9999,631,-904,11262
$$HAR,17:07:40,420282214,-936535400,316428,0,0,9999,629,-911,11239
$$HAR,17:07:45,420282214,-936535400,316428,0,0,9999,626,-906,11274
$$HAR,17:07:48,420282214,-936535400,316428,0,0,9999,623,-907,11265
$$HAR,17:07:48,420282214,-936535400,316428,0,0,9999,621,-912,11256
$$HAR,17:07:48,420282214,-936535400,316428,0,0,9999,618,-907,11287
$$HAR,17:07:55,420282214,-936535400,316428,0,0,9999,615,-904,11288
$$HAR,17:07:55,420282214,-936535400,316428,0,0,9999,613,-906,11283
$$HAR,17:08:06,420282214,-936535400,316428,0,0,9999,609,-901,11324
$$HAR,17:08:09,420282214,-936535400,316428,0,0,9999,605,-906,11292
$$HAR,17:08:12,420282214,-936535400,316428,0,0,9999,602,-912,11287
$$HAR,17:08:15,420282214,-936535400,316428,0,0,9999,602,-915,11300
$$HAR,17:08:18,420282214,-936535400,316428,0,0,9999,606,-916,11308
$$HAR,17:08:21,420282214,-936535400,316428,0,0,9999,613,-918,11316
$$HAR,17:08:24,420282214,-936535400,316428,0,0,9999,624,-920,11320
$$HAR,17:08:27,420282214,-936535400,316428,0,0,9999,639,-922,11329
$$HAR,17:08:27,420282214,-936535400,316428,0,0,9999,657,-922,11342
$$HAR,17:08:33,420282214,-936535400,316428,0,0,9999,677,-910,11388
$$HAR,17:08:33,420282214,-936535400,316428,0,0,9999,697,-914,11361
$$HAR,17:08:39,420282214,-936535400,316428,0,0,9999,720,-907,11401
$$HAR,17:08:39,420282214,-936535400,316428,0,0,9999,742,-907,11392
$$HAR,17:08:45,420282214,-936535400,316428,0,0,9999,763,-906,11411
$$HAR,17:08:45,420282214,-936535400,316428,0,0,9999,784,-909,11406
$$HAR,17:08:45,420282214,-936535400,316428,0,0,9999,810,-902,11452
$$HAR,17:08:56,420282214,-936535400,316428,0,0,9999,837,-896,11462
$$HAR,17:08:59,420282214,-936535400,316428,0,0,9999,862,-901,11434
$$HAR,17:08:59,420282214,-936535400,316428,0,0,9999,885,-906,11433
$$HAR,17:09:05,420282214,-936535400,316428,0,0,9999,911,-901,11479
$$HAR,17:09:08,420282214,-936535400,316428,0,0,9999,935,-904,11460
$$HAR,17:09:11,420282214,-936535400,316428,0,0,9999,959,-908,11459
$$HAR,17:09:11,420282214,-936535400,316428,0,0,9999,984,-911,11468
$$HAR,17:09:11,420282214,-936535400,316428,0,0,9999,1011,-903,11513
$$HAR,17:09:11,420282214,-936535400,316428,0,0,9999,1039,-897,11524
$$HAR,17:09:24,420282214,-936535400,316428,0,0,9999,1067,-890,11538
$$HAR,17:09:55,420282214,-936535400,316428,0,0,9999,1362,-876,11603
$$HAR,17:09:58,420282214,-936535400,316428,0,0,9999,1386,-875,11599
$$HAR,17:09:58,420282214,-936535400,316428,0,0,9999,1410,-884,11572
$$HAR,17:09:58,420282214,-936535400,316428,0,0,9999,1434,-882,11599
$$HAR,17:10:07,420282214,-936535400,316428,0,0,9999,1461,-880,11612
$$HAR,17:10:10,420282214,-936535400,316428,0,0,9999,1488,-886,11588
$$HAR,17:10:13,420282214,-936535400,316428,0,0,9999,1515,-892,11590
$$HAR,17:10:16,420282214,-936535400,316428,0,0,9999,1543,-896,11595
$$HAR,17:10:19,420282214,-936535400,316428,0,0,9999,1572,-900,11602
$$HAR,17:10:22,420282214,-936535400,316428,0,0,9999,1601,-902,11611
$$HAR,17:10:22,420282214,-936535400,316428,0,0,9999,1631,-904,11614
$$HAR,17:10:31,420282214,-936535400,316428,0,0,9999,1669,-894,11673
$$HAR,17:10:31,420282214,-936535400,316428,0,0,9999,1705,-897,11652
$$HAR,17:10:36,420282214,-936535400,316428,0,0,9999,1738,-889,11688
$$HAR,17:10:39,420282214,-936535400,316428,0,0,9999,1770,-892,11665
$$HAR,17:10:42,420282214,-936535400,316428,0,0,9999,1802,-895,11669
$$HAR,17:10:42,420282214,-936535400,316428,0,0,9999,1835,-898,11674
$$HAR,17:10:47,420282214,-936535400,316428,0,0,9999,1866,-889,11715
$$HAR,17:10:50,420282214,-936535400,316428,0,0,9999,1896,-892,11692
$$HAR,17:10:53,420282214,-936535400,316428,0,0,9999,1927,-894,11696
$$HAR,17:10:56,420282214,-936535400,316428,0,0,9999,1958,-897,11701
$$HAR,17:10:59,420282214,-936535400,316428,0,0,9999,1991,-898,11709
$$HAR,17:10:59,420282214,-936535400,316428,0,0,9999,2023,-899,11713
$$HAR,17:10:59,420282214,-936535400,316428,0,0,9999,2056,-891,11750
$$HAR,17:11:11,420282214,-936535400,316428,0,0,9999,2099,-883,11779
$$HAR,17:11:11,420282214,-936535400,316428,0,0,9999,2138,-886,11752
$$HAR,17:11:17,420282214,-936535400,316428,0,0,9999,2179,-879,11784
$$HAR,17:11:20,420282214,-936535400,316428,0,0,9999,2216,-879,11776
$$HAR,17:11:20,420282214,-936535400,316428,0,0,9999,2253,-884,11766
$$HAR,17:11:20,420282214,-936535400,316428,0,0,9999,2291,-878,11797
$$HAR,17:11:20,420282214,-936535400,316428,0,0,9999,2326,-875,11798
$$HAR,17:11:20,420282214,-936535400,316428,0,0,9999,2361,-869,11813
$$HAR,17:11:20,420282214,-936535400,316428,0,0,9999,2403,-864,11820
$$HAR,17:11:39,420282214,-936535400,316428,0,0,9999,2444,-860,11824
$$HAR,17:11:39,420282214,-936535400,316428,0,0,9999,2481,-863,11810
$$HAR,17:11:48,420282214,-936535400,316428,0,0,9999,2529,-858,11828
$$HAR,17:11:51,420282214,-936535400,316428,0,0,9999,2572,-864,11802
$$HAR,17:11:51,420282214,-936535400,316428,0,0,9999,2613,-864,11811
$$HAR,17:11:51,420282214,-936535400,316428,0,0,9999,2652,-861,11824
$$HAR,17:12:04,420282214,-936535400,316428,0,0,9999,2708,-856,11834
$$HAR,17:12:04,420282214,-936535400,316428,0,0,9999,2756,-862,11802
$$HAR,17:12:04,420282214,-936535400,316428,0,0,9999,2802,-858,11833
$$HAR,17:12:14,420282214,-936535400,316428,0,0,9999,2854,-852,11849
$$HAR,17:12:14,420282214,-936535400,316428,0,0,9999,2904,-849,11841
$$HAR,17:12:14,420282214,-936535400,316428,0,0,9999,2948,-849,11836
$$HAR,17:12:23,420282214,-936535400,316428,0,0,9999,2993,-845,11841
$$HAR,17:12:26,420282214,-936535400,316428,0,0,9999,3034,-852,11818
$$HAR,17:12:29,420282214,-936535400,316428,0,0,9999,3074,-859,11802
$$HAR,17:12:32,420282214,-936535400,316428,0,0,9999,3116,-865,11801
$$HAR,17:12:35,420282214,-936535400,316428,0,0,9999,3156,-869,11800
$$HAR,17:12:38,420282214,-936535400,316428,0,0,9999,3199,-873,11804
$$HAR,17:12:41,420282214,-936535400,316428,0,0,9999,3240,-876,11806
$$HAR,17:12:44,420282214,-936535400,316428,0,0,9999,3282,-877,11811
$$HAR,17:12:47,420282214,-936535400,316428,0,0,9999,3324,-879,11815
$$HAR,17:12:50,420282214,-936535400,316428,0,0,9999,3366,-880,11820
$$HAR,17:12:50,420282214,-936535400,316428,0,0,9999,3408,-880,11824
$$HAR,17:12:50,420282214,-936535400,316428,0,0,9999,3453,-868,11872
$$HAR,17:12:50,420282214,-936535400,316428,0,0,9999,3509,-858,11882
$$HAR,17:12:50,420282214,-936535400,316428,0,0,9999,3560,-853,11885
$$HAR,17:12:50,420282214,-936535400,316428,0,0,9999,3620,-847,11894
$$HAR,17:12:50,420282214,-936535400,316428,0,0,9999,3681,-842,11896
$$HAR,17:13:20,420282214,-936535400,316428,0,0,9999,3747,-837,11897
$$HAR,17:13:23,420282214,-936535400,316428,0,0,9999,3806,-845,11859
$$HAR,17:13:26,420282214,-936535400,316428,0,0,9999,3860,-852,11858
$$HAR,17:13:26,420282214,-936535400,316428,0,0,9999,3913,-857,11847
$$HAR,17:13:26,420282214,-936535400,316428,0,0,9999,3967,-850,11885
$$HAR,17:13:26,420282214,-936535400,316428,0,0,9999,4018,-843,11900
$$HAR,17:13:26,420282214,-936535400,316428,0,0,9999,4067,-841,11892
$$HAR,17:13:39,420282214,-936535400,316428,0,0,9999,4112,-839,11892
$$HAR,17:13:39,420282214,-936535400,316428,0,0,9999,4155,-845,11864
$$HAR,17:13:45,420282214,-936535400,316428,0,0,9999,4202,-842,11887
$$HAR,17:13:48,420282214,-936535400,316428,0,0,9999,4250,-848,11859
$$HAR,17:13:48,420282214,-936535400,316428,0,0,9999,4299,-847,11881
$$HAR,17:13:53,420282214,-936535400,316428,0,0,9999,4345,-843,11882
$$HAR,17:13:57,420282214,-936535400,316428,0,0,9999,4396,-840,11887
$$HAR,17:13:57,420282214,-936535400,316428,0,0,9999,4444,-846,11859
$$HAR,17:13:57,420282214,-936535400,316428,0,0,9999,4493,-843,11882
$$HAR,17:13:57,420282214,-936535400,316428,0,0,9999,4543,-837,11897
$$HAR,17:13:57,420282214,-936535400,316428,0,0,9999,4609,-834,11898
$$HAR,17:13:57,420282214,-936535400,316428,0,0,9999,4687,-832,11903
$$HAR,17:13:57,420282214,-936535400,316428,0,0,9999,4777,-829,11903
$$HAR,17:13:57,420282214,-936535400,316428,0,0,9999,4877,-827,11899
$$HAR,17:13:57,420282214,-936535400,316428,0,0,9999,4961,-826,11895
$$HAR,17:13:57,420282214,-936535400,316428,0,0,9999,5036,-824,11897
$$HAR,17:13:57,420282214,-936535400,316428,0,0,9999,5132,-821,11897
$$HAR,17:15:41,420282214,-936535400,316428,0,0,9999,6156,-814,11889
$$HAR,17:15:41,420282214,-936535400,316428,0,0,9999,6216,-823,11861
$$HAR,17:15:47,420282214,-936535400,316428,0,0,9999,6277,-825,11878
$$HAR,17:15:50,420282214,-936535400,316428,0,0,9999,6334,-825,11878
$$HAR,17:15:50,420282214,-936535400,316428,0,0,9999,6391,-834,11854
$$HAR,17:15:50,420282214,-936535400,316428,0,0,9999,6451,-830,11885
$$HAR,17:15:59,420282214,-936535400,316428,0,0,9999,6510,-829,11881
$$HAR,17:16:02,420282214,-936535400,316428,0,0,9999,6568,-829,11876
$$HAR,17:16:05,420282214,-936535400,316428,0,0,9999,6625,-837,11853
$$HAR,17:16:08,420282214,-936535400,316428,0,0,9999,6684,-844,11851
$$HAR,17:16:11,420282214,-936535400,316428,0,0,9999,6745,-849,11854
$$HAR,17:16:11,420282214,-936535400,316428,0,0,9999,6804,-853,11853
$$HAR,17:16:19,420282214,-936535400,316428,0,0,9999,6878,-845,11895
$$HAR,17:16:22,420282214,-936535400,316428,0,0,9999,6946,-849,11867
$$HAR,17:16:25,420282214,-936535400,316428,0,0,9999,7009,-853,11867
$$HAR,17:16:28,420282214,-936535400,316428,0,0,9999,7074,-857,11865
$$HAR,17:16:31,420282214,-936535400,316428,0,0,9999,7136,-859,11868
$$HAR,17:16:34,420282214,-936535400,316428,0,0,9999,7197,-862,11864
$$HAR,17:16:34,420282214,-936535400,316428,0,0,9999,7258,-864,11869
$$HAR,17:16:34,420282214,-936535400,316428,0,0,9999,7314,-855,11910
$$HAR,17:16:46,420282214,-936535400,316428,0,0,9999,7395,-848,11921
$$HAR,17:16:49,420282214,-936535400,316428,0,0,9999,7468,-852,11897
$$HAR,17:16:52,420282214,-936535400,316428,0,0,9999,7538,-856,11887
$$HAR,17:16:55,420282214,-936535400,316428,0,0,9999,7606,-860,11882
$$HAR,17:16:58,420282214,-936535400,316428,0,0,9999,7671,-863,11881
$$HAR,17:16:58,420282214,-936535400,316428,0,0,9999,7736,-858,11908
$$HAR,17:17:21,420282214,-936535400,316428,0,0,9999,8246,-846,11935
$$HAR,17:17:24,420282214,-936535400,316428,0,0,9999,8288,-853,11893
$$HAR,17:17:27,420282214,-936535400,316428,0,0,9999,8334,-859,11886
$$HAR,17:17:30,420282214,-936535400,316428,0,0,9999,8385,-864,11882
$$HAR,17:17:30,420282214,-936535400,316428,0,0,9999,8440,-859,11908
$$HAR,17:17:35,420282214,-936535400,316428,0,0,9999,8493,-856,11909
$$HAR,17:17:35,420282214,-936535400,316428,0,0,9999,8549,-852,11915
$$HAR,17:17:35,420282214,-936535400,316428,0,0,9999,8611,-849,11921
$$HAR,17:17:44,420282214,-936535400,316428,0,0,9999,8673,-847,11921
$$HAR,17:17:44,420282214,-936535400,316428,0,0,9999,8737,-846,11921
$$HAR,17:17:44,420282214,-936535400,316428,0,0,9999,8799,-844,11917
$$HAR,17:17:44,420282214,-936535400,316428,0,0,9999,8859,-842,11923
$$HAR,17:17:56,420282214,-936535400,316428,0,0,9999,8929,-841,11923
$$HAR,17:17:56,420282214,-936535400,316428,0,0,9999,8998,-851,11881
$$HAR,17:17:56,420282214,-936535400,316428,0,0,9999,9083,-848,11913
$$HAR,17:18:10,420282214,-936535400,316428,0,0,9999,9177,-846,11908
$$HAR,17:18:10,420282214,-936535400,316428,0,0,9999,9264,-856,11874
$$HAR,17:18:10,420282214,-936535400,316428,0,0,9999,9347,-855,11901
$$HAR,17:18:25,420282214,-936535400,316428,0,0,9999,9468,-851,11912
$$HAR,17:18:28,420282214,-936535400,316428,0,0,9999,9575,-860,11873
$$HAR,17:18:31,420282214,-936535400,316428,0,0,9999,9673,-868,11872
$$HAR,17:18:34,420282214,-936535400,316428,0,0,9999,9764,-875,11864
$$HAR,17:18:34,420282214,-936535400,316428,0,0,9999,9851,-881,11860
$$HAR,17:18:40,420282214,-936535400,316428,0,0,9999,9936,-876,11886
$$HAR,17:18:43,420282214,-936535400,316428,0,0,9999,10019,-882,11864
$$HAR,17:18:46,420282214,-936535400,316428,0,0,9999,10098,-886,11862
$$HAR,17:18:49,420282214,-936535400,316428,0,0,9999,10176,-890,11865
$$HAR,17:18:52,420282214,-936535400,316428,0,0,9999,10250,-893,11860
$$HAR,17:18:55,420282214,-936535400,316428,0,0,9999,10325,-896,11865
$$HAR,17:18:58,420282214,-936535400,316428,0,0,9999,10398,-899,11863
$$HAR,17:19:01,420282214,-936535400,316428,0,0,9999,10471,-901,11872
$$HAR,17:19:04,420282214,-936535400,316428,0,0,9999,10544,-903,11871
$$HAR,17:19:04,420282214,-936535400,316428,0,0,9999,10617,-905,11870
$$HAR,17:19:04,420282214,-936535400,316428,0,0,9999,10719,-896,11917
$$HAR,17:19:18,420282214,-936535400,316428,0,0,9999,10821,-889,11923
$$HAR,17:19:21,420282214,-936535400,316428,0,0,9999,10910,-893,11891
$$HAR,17:19:24,420282214,-936535400,316428,0,0,9999,10995,-898,11881
$$HAR,17:19:24,420282214,-936535400,316428,0,0,9999,11074,-903,11884
$$HAR,17:19:32,420282214,-936535400,316428,0,0,9999,11169,-896,11917
$$HAR,17:19:32,420282214,-936535400,316428,0,0,9999,11253,-900,11889
$$HAR,17:19:37,420282214,-936535400,316428,0,0,9999,11333,-896,11913
$$HAR,17:19:40,420282214,-936535400,316428,0,0,9999,11405,-901,11885
$$HAR,17:19:43,420282214,-936535400,316428,0,0,9999,11478,-901,11894
$$HAR,17:19:46,420282214,-936535400,316428,0,0,9999,11552,-906,11875
$$HAR,17:19:49,420282214,-936535400,316428,0,0,9999,11624,-911,11874
$$HAR,17:19:52,420282214,-936535400,316428,0,0,9999,11696,-915,11870
$$HAR,17:19:55,420282214,-936535400,316428,0,0,9999,11769,-919,11868
$$HAR,17:19:55,420282214,-936535400,316428,0,0,9999,11844,-922,11867
$$HAR,17:20:01,420282214,-936535400,316428,0,0,9999,11921,-913,11909
$$HAR,17:20:04,420282214,-936535400,316428,0,0,9999,11994,-917,11882
$$HAR,17:20:07,420282214,-936535400,316428,0,0,9999,12067,-921,11871
$$HAR,17:20:10,420282214,-936535400,316428,0,0,9999,12141,-925,11865
$$HAR,17:20:10,420282214,-936535400,316428,0,0,9999,12217,-928,11870
$$HAR,17:20:17,420282214,-936535400,316428,0,0,9999,12299,-918,11908
$$HAR,17:20:20,420282214,-936535400,316428,0,0,9999,12380,-923,11871
$$HAR,17:20:23,420282214,-936535400,316428,0,0,9999,12457,-928,11865
$$HAR,17:20:26,420282214,-936535400,316428,0,0,9999,12535,-933,11864
$$HAR,17:20:29,420282214,-936535400,316428,0,0,9999,12614,-936,11859
$$HAR,17:20:32,420282214,-936535400,316428,0,0,9999,12692,-939,11858
$$HAR,17:20:35,420282214,-936535400,316428,0,0,9999,12771,-942,11857
$$HAR,17:20:38,420282214,-936535400,316428,0,0,9999,12849,-945,11856
$$HAR,17:20:41,420282214,-936535400,316428,0,0,9999,12928,-947,11851
$$HAR,17:20:44,420282214,-936535400,316428,0,0,9999,13005,-950,11860
$$HAR,17:20:47,420282214,-936535400,316428,0,0,9999,13081,-952,11855
$$HAR,17:20:50,420282214,-936535400,316428,0,0,9999,13157,-954,11858
$$HAR,17:20:53,420282214,-936535400,316428,0,0,9999,13234,-956,11858
$$HAR,17:20:56,420282214,-936535400,316428,0,0,9999,13313,-957,11858
$$HAR,17:20:59,420282214,-936535400,316428,0,0,9999,13393,-960,11857
$$HAR,17:21:02,420282214,-936535400,316428,0,0,9999,13471,-961,11861
$$HAR,17:21:05,420282214,-936535400,316428,0,0,9999,13553,-963,11860
$$HAR,17:21:08,420282214,-936535400,316428,0,0,9999,13633,-965,11865
$$HAR,17:21:11,420282214,-936535400,316428,0,0,9999,13714,-967,11860
$$HAR,17:21:14,420282214,-936535400,316428,0,0,9999,13796,-969,11864
$$HAR,17:21:17,420282214,-936535400,316428,0,0,9999,13880,-971,11864
$$HAR,17:21:20,420282214,-936535400,316428,0,0,9999,13962,-973,11862
$$HAR,17:21:23,420282214,-936535400,316428,0,0,9999,14045,-975,11866
$$HAR,17:21:23,420282214,-936535400,316428,0,0,9999,14129,-977,11866
$$HAR,17:21:28,420282214,-936535400,316428,0,0,9999,14206,-969,11898
$$HAR,17:21:28,420282214,-936535400,316428,0,0,9999,14281,-972,11871
$$HAR,17:21:36,420282214,-936535400,316428,0,0,9999,14373,-963,11914
$$HAR,17:21:36,420282214,-936535400,316428,0,0,9999,14453,-968,11882
$$HAR,17:21:36,420282214,-936535400,316428,0,0,9999,14582,-962,11906
$$HAR,17:21:53,420282214,-936535400,316428,0,0,9999,14710,-957,11902
$$HAR,17:21:53,420282214,-936535400,316428,0,0,9999,14823,-966,11856
$$HAR,17:22:02,420282214,-936535400,316428,0,0,9999,14952,-961,11883
$$HAR,17:22:02,420282214,-936535400,316428,0,0,9999,15069,-961,11870
$$HAR,17:22:02,420282214,-936535400,316428,0,0,9999,15206,-959,11861
$$HAR,17:22:20,420282214,-936535400,316428,0,0,9999,15364,-960,11848
$$HAR,17:22:20,420282214,-936535400,316428,0,0,9999,15503,-973,11801
$$HAR,17:22:20,420282214,-936535400,316428,0,0,9999,15637,-971,11828
$$HAR,17:22:30,420282214,-936535400,316428,0,0,9999,15765,-971,11823
$$HAR,17:22:30,420282214,-936535400,316428,0,0,9999,15876,-982,11790
$$HAR,17:22:40,420282214,-936535400,316428,0,0,9999,16009,-981,11808
$$HAR,17:22:43,420282214,-936535400,316428,0,0,9999,16133,-993,11770
$$HAR,17:22:46,420282214,-936535400,316428,0,0,9999,16246,-1003,11757
$$HAR,17:22:46,420282214,-936535400,316428,0,0,9999,16352,-1011,11752
$$HAR,17:22:52,420282214,-936535400,316428,0,0,9999,16466,-1007,11782
$$HAR,17:22:55,420282214,-936535400,316428,0,0,9999,16566,-1013,11750
$$HAR,17:22:58,420282214,-936535400,316428,0,0,9999,16661,-1020,11744
$$HAR,17:23:01,420282214,-936535400,316428,0,0,9999,16755,-1027,11738
$$HAR,17:23:04,420282214,-936535400,316428,0,0,9999,16849,-1031,11746
$$HAR,17:23:04,420282214,-936535400,316428,0,0,9999,16943,-1036,11736
$$HAR,17:23:04,420282214,-936535400,316428,0,0,9999,17032,-1029,11768
$$HAR,17:23:12,420282214,-936535400,316428,0,0,9999,17118,-1025,11774
$$HAR,17:23:15,420282214,-936535400,316428,0,0,9999,17203,-1031,11746
$$HAR,17:23:15,420282214,-936535400,316428,0,0,9999,17293,-1038,11739
$$HAR,17:23:24,420282214,-936535400,316428,0,0,9999,17408,-1033,11772
$$HAR,17:23:27,420282214,-936535400,316428,0,0,9999,17513,-1038,11748
$$HAR,17:23:27,420282214,-936535400,316428,0,0,9999,17614,-1045,11734
$$HAR,17:23:38,420282214,-936535400,316428,0,0,9999,17756,-1043,11760
$$HAR,17:23:38,420282214,-936535400,316428,0,0,9999,17879,-1051,11732
$$HAR,17:23:38,420282214,-936535400,316428,0,0,9999,18013,-1045,11765
$$HAR,17:23:38,420282214,-936535400,316428,0,0,9999,18153,-1043,11765
$$HAR,17:23:38,420282214,-936535400,316428,0,0,9999,18303,-1042,11757
$$HAR,17:23:38,420282214,-936535400,316428,0,0,9999,18453,-1041,11752
$$HAR,17:23:38,420282214,-936535400,316428,0,0,9999,18596,-1042,11748
$$HAR,17:24:10,420282214,-936535400,316428,0,0,9999,18729,-1044,11738
$$HAR,17:24:13,420282214,-936535400,316428,0,0,9999,18853,-1059,11691
$$HAR,17:24:16,420282214,-936535400,316428,0,0,9999,18969,-1071,11678
$$HAR,17:24:16,420282214,-936535400,316428,0,0,9999,19079,-1081,11667
$$HAR,17:24:24,420282214,-936535400,316428,0,0,9999,19205,-1077,11704
$$HAR,17:24:27,420282214,-936535400,316428,0,0,9999,19315,-1085,11666
$$HAR,17:24:30,420282214,-936535400,316428,0,0,9999,19417,-1094,11659
$$HAR,17:24:33,420282214,-936535400,316428,0,0,9999,19515,-1102,11649
$$HAR,17:24:36,420282214,-936535400,316428,0,0,9999,19609,-1110,11647
$$HAR,17:24:36,420282214,-936535400,316428,0,0,9999,19706,-1116,11640
$$HAR,17:24:44,420282214,-936535400,316428,0,0,9999,19816,-1109,11682
$$HAR,17:24:47,420282214,-936535400,316428,0,0,9999,19919,-1116,11645
$$HAR,17:24:50,420282214,-936535400,316428,0,0,9999,20019,-1124,11640
$$HAR,17:24:53,420282214,-936535400,316428,0,0,9999,20119,-1130,11633
$$HAR,17:24:56,420282214,-936535400,316428,0,0,9999,20220,-1136,11628
$$HAR,17:24:56,420282214,-936535400,316428,0,0,9999,20320,-1141,11630
$$HAR,17:25:01,420282214,-936535400,316428,0,0,9999,20415,-1135,11667
$$HAR,17:25:04,420282214,-936535400,316428,0,0,9999,20509,-1141,11635
$$HAR,17:25:32,420282214,-936535400,316428,0,0,9999,69565,3335,100000
$$HAR,17:25:32,420282214,-936535400,316428,0,0,9999,21797,-1190,11627
$$HAR,17:25:32,420282214,-936535400,316428,0,0,9999,21852,-1181,11660
$$HAR,17:25:32,420282214,-936535400,316428,0,0,9999,21920,-1176,11662
$$HAR,17:25:51,420282214,-936535400,316428,0,0,9999,22013,-1173,11662
$$HAR,17:25:54,420282214,-936535400,316428,0,0,9999,22105,-1183,11620
$$HAR,17:25:57,420282214,-936535400,316428,0,0,9999,22202,-1193,11609
$$HAR,17:26:00,420282214,-936535400,316428,0,0,9999,22295,-1201,11608
$$HAR,17:26:03,420282214,-936535400,316428,0,0,9999,22386,-1208,11601
$$HAR,17:26:06,420282214,-936535400,316428,0,0,9999,22477,-1214,11599
$$HAR,17:26:09,420282214,-936535400,316428,0,0,9999,22567,-1220,11602
$$HAR,17:26:12,420282214,-936535400,316428,0,0,9999,22656,-1225,11596
$$HAR,17:26:15,420282214,-936535400,316428,0,0,9999,22748,-1230,11596
$$HAR,17:26:18,420282214,-936535400,316428,0,0,9999,22844,-1235,11595
$$HAR,17:26:21,420282214,-936535400,316428,0,0,9999,22939,-1240,11593
$$HAR,17:26:24,420282214,-936535400,316428,0,0,9999,23034,-1245,11597
$$HAR,17:26:24,420282214,-936535400,316428,0,0,9999,23128,-1249,11596
$$HAR,17:26:31,420282214,-936535400,316428,0,0,9999,23237,-1241,11633
$$HAR,17:26:31,420282214,-936535400,316428,0,0,9999,23338,-1246,11606
$$HAR,17:26:39,420282214,-936535400,316428,0,0,9999,23454,-1239,11646
$$HAR,17:26:42,420282214,-936535400,316428,0,0,9999,23564,-1249,11605
$$HAR,17:26:45,420282214,-936535400,316428,0,0,9999,23669,-1258,11598
$$HAR,17:26:48,420282214,-936535400,316428,0,0,9999,23773,-1265,11593
$$HAR,17:26:51,420282214,-936535400,316428,0,0,9999,23878,-1271,11591
$$HAR,17:26:54,420282214,-936535400,316428,0,0,9999,23980,-1277,11585
$$HAR,17:26:57,420282214,-936535400,316428,0,0,9999,24082,-1283,11584
$$HAR,17:26:57,420282214,-936535400,316428,0,0,9999,24180,-1289,11582
$$HAR,17:27:05,420282214,-936535400,316428,0,0,9999,24293,-1282,11619
$$HAR,17:27:08,420282214,-936535400,316428,0,0,9999,24405,-1290,11587
$$HAR,17:27:11,420282214,-936535400,316428,0,0,9999,24513,-1297,11581
$$HAR,17:27:14,420282214,-936535400,316428,0,0,9999,24619,-1303,11578
$$HAR,17:27:17,420282214,-936535400,316428,0,0,9999,24723,-1309,11572
$$HAR,17:27:17,420282214,-936535400,316428,0,0,9999,24825,-1309,11590
$$HAR,17:27:24,420282214,-936535400,316428,0,0,9999,24936,-1302,11619
$$HAR,17:27:27,420282214,-936535400,316428,0,0,9999,25041,-1310,11572
$$HAR,17:27:30,420282214,-936535400,316428,0,0,9999,25145,-1318,11571
$$HAR,17:27:33,420282214,-936535400,316428,0,0,9999,25249,-1325,11564
$$HAR,17:27:36,420282214,-936535400,316428,0,0,9999,25352,-1332,11559
$$HAR,17:27:36,420282214,-936535400,316428,0,0,9999,25454,-1338,11557
$$HAR,17:27:48,420282214,-936535400,316428,0,0,9999,25613,-1333,11598
$$HAR,17:27:48,420282214,-936535400,316428,0,0,9999,25752,-1341,11561
$$HAR,17:27:48,420282214,-936535400,316428,0,0,9999,25913,-1338,11592
$$HAR,17:28:07,420282214,-936535400,316428,0,0,9999,26119,-1339,11588
$$HAR,17:28:07,420282214,-936535400,316428,0,0,9999,26299,-1353,11545
$$HAR,17:28:07,420282214,-936535400,316428,0,0,9999,26466,-1353,11581
$$HAR,17:28:07,420282214,-936535400,316428,0,0,9999,26664,-1354,11575
$$HAR,17:28:07,420282214,-936535400,316428,0,0,9999,26838,-1357,11562
$$HAR,17:29:08,420282214,-936535400,316428,0,0,9999,69565,3335,100000
$$HAR,17:29:11,420282214,-936535400,316428,0,0,9999,28977,-1478,11428
$$HAR,17:29:14,420282214,-936535400,316428,0,0,9999,29003,-1479,11424
$$HAR,17:29:42,420282214,-936535400,316428,0,0,9999,69565,3335,100000
$$HAR,17:29:45,420282214,-936535400,316428,0,0,9999,30202,-1525,11405
$$HAR,17:29:48,420282214,-936535400,316428,0,0,9999,30228,-1526,11401
$$HAR,17:29:48,420282214,-936535400,316428,0,0,9999,30274,-1527,11399
$$HAR,17:29:58,420282214,-936535400,316428,0,0,9999,30382,-1518,11445
$$HAR,17:30:01,420282214,-936535400,316428,0,0,9999,30480,-1522,11415
$$HAR,17:30:04,420282214,-936535400,316428,0,0,9999,30583,-1527,11399
$$HAR,17:30:07,420282214,-936535400,316428,0,0,9999,30687,-1533,11394
$$HAR,17:30:10,420282214,-936535400,316428,0,0,9999,30790,-1538,11393
$$HAR,17:30:10,420282214,-936535400,316428,0,0,9999,30894,-1543,11397
$$HAR,17:30:44,420282214,-936535400,316428,0,0,9999,32334,-1543,11431
$$HAR,17:30:47,420282214,-936535400,316428,0,0,9999,32353,-1556,11394
$$HAR,17:30:50,420282214,-936535400,316428,0,0,9999,32395,-1568,11382
$$HAR,17:30:50,420282214,-936535400,316428,0,0,9999,32456,-1578,11375
$$HAR,17:30:50,420282214,-936535400,316428,0,0,9999,32563,-1575,11416
$$HAR,17:30:50,420282214,-936535400,316428,0,0,9999,32669,-1573,11417
$$HAR,17:31:35,420282214,-936535400,316428,0,0,9999,69565,3335,100000
$$HAR,17:31:38,420282214,-936535400,316428,0,0,9999,34289,-1662,11332
$$HAR,17:31:41,420282214,-936535400,316428,0,0,9999,34317,-1663,11331
$$HAR,17:31:44,420282214,-936535400,316428,0,0,9999,34367,-1665,11327
$$HAR,17:31:47,420282214,-936535400,316428,0,0,9999,34431,-1667,11326
$$HAR,17:31:50,420282214,-936535400,316428,0,0,9999,34509,-1669,11325
$$HAR,17:31:53,420282214,-936535400,316428,0,0,9999,34595,-1672,11321
$$HAR,17:31:56,420282214,-936535400,316428,0,0,9999,34690,-1675,11320
$$HAR,17:31:56,420282214,-936535400,316428,0,0,9999,34789,-1677,11323
$$HAR,17:32:08,420282214,-936535400,316428,0,0,9999,34948,-1668,11369
$$HAR,17:32:11,420282214,-936535400,316428,0,0,9999,35097,-1674,11333
$$HAR,17:32:14,420282214,-936535400,316428,0,0,9999,35239,-1680,11328
$$HAR,17:32:39,420282214,-936535400,316428,0,0,9999,36635,-1731,11308
$$HAR,17:32:42,420282214,-936535400,316428,0,0,9999,36658,-1731,11308
$$HAR,17:32:42,420282214,-936535400,316428,0,0,9999,36704,-1725,11334
$$HAR,17:32:51,420282214,-936535400,316428,0,0,9999,36795,-1715,11359
$$HAR,17:32:54,420282214,-936535400,316428,0,0,9999,36887,-1719,11320
$$HAR,17:32:57,420282214,-936535400,316428,0,0,9999,36985,-1725,11313
$$HAR,17:32:57,420282214,-936535400,316428,0,0,9999,37086,-1730,11322
$$HAR,17:33:04,420282214,-936535400,316428,0,0,9999,37207,-1721,11358
$$HAR,17:33:07,420282214,-936535400,316428,0,0,9999,37318,-1727,11322
$$HAR,17:33:07,420282214,-936535400,316428,0,0,9999,37430,-1733,11308
$$HAR,17:33:18,420282214,-936535400,316428,0,0,9999,37592,-1727,11356
$$HAR,17:33:21,420282214,-936535400,316428,0,0,9999,37741,-1735,11316
$$HAR,17:33:24,420282214,-936535400,316428,0,0,9999,37882,-1743,11304
$$HAR,17:33:24,420282214,-936535400,316428,0,0,9999,38017,-1750,11304
$$HAR,17:33:35,420282214,-936535400,316428,0,0,9999,38198,-1743,11344
$$HAR,17:33:38,420282214,-936535400,316428,0,0,9999,38358,-1751,11304
$$HAR,17:33:41,420282214,-936535400,316428,0,0,9999,38508,-1759,11301
$$HAR,17:33:41,420282214,-936535400,316428,0,0,9999,38648,-1765,11296
$$HAR,17:33:49,420282214,-936535400,316428,0,0,9999,38804,-1759,11336
$$HAR,17:33:52,420282214,-936535400,316428,0,0,9999,38947,-1766,11301
$$HAR,17:33:52,420282214,-936535400,316428,0,0,9999,39086,-1773,11295
$$HAR,17:33:52,420282214,-936535400,316428,0,0,9999,39215,-1769,11321
$$HAR,17:34:05,420282214,-936535400,316428,0,0,9999,39379,-1765,11336
$$HAR,17:34:08,420282214,-936535400,316428,0,0,9999,39530,-1773,11299
$$HAR,17:34:11,420282214,-936535400,316428,0,0,9999,39673,-1781,11293
$$HAR,17:34:14,420282214,-936535400,316428,0,0,9999,39814,-1787,11287
$$HAR,17:34:17,420282214,-936535400,316428,0,0,9999,39946,-1793,11287
$$HAR,17:34:20,420282214,-936535400,316428,0,0,9999,40075,-1798,11289
$$HAR,17:34:23,420282214,-936535400,316428,0,0,9999,40201,-1802,11289
$$HAR,17:34:23,420282214,-936535400,316428,0,0,9999,40324,-1805,11287
$$HAR,17:34:23,420282214,-936535400,316428,0,0,9999,40437,-1800,11315
$$HAR,17:34:35,420282214,-936535400,316428,0,0,9999,40589,-1793,11334
$$HAR,17:34:38,420282214,-936535400,316428,0,0,9999,40725,-1799,11293
$$HAR,17:34:41,420282214,-936535400,316428,0,0,9999,40858,-1805,11287
$$HAR,17:34:44,420282214,-936535400,316428,0,0,9999,40981,-1811,11287
$$HAR,17:34:47,420282214,-936535400,316428,0,0,9999,41104,-1816,11285
$$HAR,17:34:50,420282214,-936535400,316428,0,0,9999,41222,-1820,11284
$$HAR,17:34:53,420282214,-936535400,316428,0,0,9999,41342,-1824,11284
$$HAR,17:34:56,420282214,-936535400,316428,0,0,9999,41456,-1827,11279
$$HAR,17:34:59,420282214,-936535400,316428,0,0,9999,41572,-1830,11282
$$HAR,17:34:59,420282214,-936535400,316428,0,0,9999,41685,-1833,11286
$$HAR,17:34:59,420282214,-936535400,316428,0,0,9999,41805,-1824,11323
$$HAR,17:35:10,420282214,-936535400,316428,0,0,9999,41945,-1817,11329
$$HAR,17:35:10,420282214,-936535400,316428,0,0,9999,42073,-1823,11292
$$HAR,17:35:17,420282214,-936535400,316428,0,0,9999,42211,-1817,11329
$$HAR,17:35:20,420282214,-936535400,316428,0,0,9999,42340,-1820,11310
$$HAR,17:35:23,420282214,-936535400,316428,0,0,9999,42462,-1827,11292
$$HAR,17:35:23,420282214,-936535400,316428,0,0,9999,42579,-1832,11295
$$HAR,17:35:31,420282214,-936535400,316428,0,0,9999,42715,-1825,11332
$$HAR,17:35:34,420282214,-936535400,316428,0,0,9999,42842,-1831,11300
$$HAR,17:35:37,420282214,-936535400,316428,0,0,9999,42966,-1837,11290
$$HAR,17:35:40,420282214,-936535400,316428,0,0,9999,43085,-1842,11289
$$HAR,17:35:43,420282214,-936535400,316428,0,0,9999,43199,-1846,11283
$$HAR,17:35:46,420282214,-936535400,316428,0,0,9999,43316,-1849,11291
$$HAR,17:35:49,420282214,-936535400,316428,0,0,9999,43429,-1853,11282
$$HAR,17:35:49,420282214,-936535400,316428,0,0,9999,43543,-1855,11286
$$HAR,17:35:56,420282214,-936535400,316428,0,0,9999,43672,-1846,11327
$$HAR,17:35:59,420282214,-936535400,316428,0,0,9999,43789,-1849,11295
$$HAR,17:36:02,420282214,-936535400,316428,0,0,9999,43909,-1853,11291
$$HAR,17:36:05,420282214,-936535400,316428,0,0,9999,44024,-1857,11290
$$HAR,17:36:05,420282214,-936535400,316428,0,0,9999,44143,-1860,11285
$$HAR,17:36:05,420282214,-936535400,316428,0,0,9999,44276,-1852,11326
$$HAR,17:36:15,420282214,-936535400,316428,0,0,9999,44398,-1845,11332
$$HAR,17:36:15,420282214,-936535400,316428,0,0,9999,44514,-1850,11295
$$HAR,17:36:15,420282214,-936535400,316428,0,0,9999,44639,-1846,11327
$$HAR,17:36:26,420282214,-936535400,316428,0,0,9999,44765,-1840,11337
$$HAR,17:36:29,420282214,-936535400,316428,0,0,9999,44886,-1849,11295
$$HAR,17:36:32,420282214,-936535400,316428,0,0,9999,45003,-1856,11290
$$HAR,17:36:35,420282214,-936535400,316428,0,0,9999,45120,-1862,11289
$$HAR,17:36:35,420282214,-936535400,316428,0,0,9999,45231,-1866,11288
$$HAR,17:37:21,420282214,-936535400,316428,0,0,9999,47141,-1893,11278
$$HAR,17:37:24,420282214,-936535400,316428,0,0,9999,47166,-1893,11278
$$HAR,17:37:27,420282214,-936535400,316428,0,0,9999,47214,-1893,11282
$$HAR,17:37:30,420282214,-936535400,316428,0,0,9999,47285,-1893,11278
$$HAR,17:37:33,420282214,-936535400,316428,0,0,9999,47366,-1893,11282
$$HAR,17:37:36,420282214,-936535400,316428,0,0,9999,47456,-1893,11282
$$HAR,17:37:39,420282214,-936535400,316428,0,0,9999,47551,-1885,11310
$$HAR,17:37:42,420282214,-936535400,316428,0,0,9999,47652,-1886,11288
$$HAR,17:37:45,420282214,-936535400,316428,0,0,9999,47755,-1888,11288
$$HAR,17:37:48,420282214,-936535400,316428,0,0,9999,47866,-1889,11288
$$HAR,17:37:51,420282214,-936535400,316428,0,0,9999,47977,-1890,11292
$$HAR,17:37:51,420282214,-936535400,316428,0,0,9999,48089,-1891,11292
$$HAR,17:37:56,420282214,-936535400,316428,0,0,9999,48197,-1882,11333
$$HAR,17:37:59,420282214,-936535400,316428,0,0,9999,48301,-1883,11301
$$HAR,17:38:02,420282214,-936535400,316428,0,0,9999,48409,-1886,11297
$$HAR,17:38:02,420282214,-936535400,316428,0,0,9999,48520,-1887,11301
$$HAR,17:38:02,420282214,-936535400,316428,0,0,9999,48626,-1877,11342
$$HAR,17:38:11,420282214,-936535400,316428,0,0,9999,48746,-1868,11352
$$HAR,17:38:14,420282214,-936535400,316428,0,0,9999,48869,-1872,11317
$$HAR,17:38:14,420282214,-936535400,316428,0,0,9999,48990,-1876,11316
$$HAR,17:38:14,420282214,-936535400,316428,0,0,9999,49105,-1868,11347
$$HAR,17:38:22,420282214,-936535400,316428,0,0,9999,49217,-1862,11355
$$HAR,17:38:22,420282214,-936535400,316428,0,0,9999,49325,-1867,11318
$$HAR,17:38:29,420282214,-936535400,316428,0,0,9999,49452,-1859,11363
$$HAR,17:38:32,420282214,-936535400,316428,0,0,9999,49570,-1865,11318
$$HAR,17:38:35,420282214,-936535400,316428,0,0,9999,49693,-1870,11318
$$HAR,17:38:38,420282214,-936535400,316428,0,0,9999,49819,-1875,11316
$$HAR,17:38:41,420282214,-936535400,316428,0,0,9999,49940,-1878,11312
$$HAR,17:38:44,420282214,-936535400,316428,0,0,9999,50063,-1880,11311
$$HAR,17:38:47,420282214,-936535400,316428,0,0,9999,50185,-1882,11311
$$HAR,17:38:50,420282214,-936535400,316428,0,0,9999,50303,-1883,11310
$$HAR,17:38:50,420282214,-936535400,316428,0,0,9999,50422,-1883,11314
$$HAR,17:38:50,420282214,-936535400,316428,0,0,9999,50544,-1874,11347
$$HAR,17:38:59,420282214,-936535400,316428,0,0,9999,50667,-1866,11353
$$HAR,17:38:59,420282214,-936535400,316428,0,0,9999,50787,-1868,11321
$$HAR,17:39:04,420282214,-936535400,316428,0,0,9999,50896,-1863,11350
$$HAR,17:39:04,420282214,-936535400,316428,0,0,9999,51008,-1861,11346
$$HAR,17:39:09,420282214,-936535400,316428,0,0,9999,51113,-1856,11360
$$HAR,17:39:09,420282214,-936535400,316428,0,0,9999,51222,-1860,11328
$$HAR,17:39:15,420282214,-936535400,316428,0,0,9999,51332,-1855,11359
$$HAR,17:39:18,420282214,-936535400,316428,0,0,9999,51441,-1850,11369
$$HAR,17:39:21,420282214,-936535400,316428,0,0,9999,51553,-1855,11338
$$HAR,17:39:24,420282214,-936535400,316428,0,0,9999,51667,-1859,11328
$$HAR,17:39:27,420282214,-936535400,316428,0,0,9999,51783,-1862,11328
$$HAR,17:39:30,420282214,-936535400,316428,0,0,9999,51897,-1864,11328
$$HAR,17:39:33,420282214,-936535400,316428,0,0,9999,52018,-1866,11332
$$HAR,17:39:33,420282214,-936535400,316428,0,0,9999,52140,-1857,11368
$$HAR,17:39:38,420282214,-936535400,316428,0,0,9999,52255,-1850,11369
$$HAR,17:39:38,420282214,-936535400,316428,0,0,9999,52368,-1853,11343
$$HAR,17:39:38,420282214,-936535400,316428,0,0,9999,52491,-1848,11365
$$HAR,17:39:38,420282214,-936535400,316428,0,0,9999,52605,-1841,11375
$$HAR,17:39:49,420282214,-936535400,316428,0,0,9999,52711,-1836,11385
$$HAR,17:39:52,420282214,-936535400,316428,0,0,9999,52821,-1840,11350
$$HAR,17:39:55,420282214,-936535400,316428,0,0,9999,52933,-1844,11345
$$HAR,17:39:58,420282214,-936535400,316428,0,0,9999,53050,-1847,11343
$$HAR,17:39:58,420282214,-936535400,316428,0,0,9999,53169,-1843,11366
$$HAR,17:39:58,420282214,-936535400,316428,0,0,9999,53299,-1834,11390
$$HAR,17:40:07,420282214,-936535400,316428,0,0,9999,53421,-1828,11387
$$HAR,17:40:10,420282214,-936535400,316428,0,0,9999,53538,-1830,11360
$$HAR,17:40:10,420282214,-936535400,316428,0,0,9999,53659,-1834,11355
$$HAR,17:40:45,420282214,-936535400,316428,0,0,9999,55355,-1834,11346
$$HAR,17:40:48,420282214,-936535400,316428,0,0,9999,55375,-1833,11355
$$HAR,17:40:51,420282214,-936535400,316428,0,0,9999,55419,-1832,11346
$$HAR,17:40:54,420282214,-936535400,316428,0,0,9999,55483,-1831,11352
$$HAR,17:40:54,420282214,-936535400,316428,0,0,9999,55560,-1830,11352
$$HAR,17:41:00,420282214,-936535400,316428,0,0,9999,55654,-1817,11403
$$HAR,17:41:03,420282214,-936535400,316428,0,0,9999,55743,-1815,11377
$$HAR,17:41:06,420282214,-936535400,316428,0,0,9999,55842,-1815,11368
$$HAR,17:41:09,420282214,-936535400,316428,0,0,9999,55945,-1816,11364
$$HAR,17:41:09,420282214,-936535400,316428,0,0,9999,56049,-1817,11364
$$HAR,17:41:14,420282214,-936535400,316428,0,0,9999,56150,-1807,11399
$$HAR,17:41:17,420282214,-936535400,316428,0,0,9999,56253,-1808,11370
$$HAR,17:41:20,420282214,-936535400,316428,0,0,9999,56359,-1801,11406
$$HAR,17:41:23,420282214,-936535400,316428,0,0,9999,56468,-1803,11370
$$HAR,17:41:26,420282214,-936535400,316428,0,0,9999,56581,-1805,11370
$$HAR,17:41:29,420282214,-936535400,316428,0,0,9999,56695,-1807,11369
$$HAR,17:41:32,420282214,-936535400,316428,0,0,9999,56816,-1807,11369
$$HAR,17:41:35,420282214,-936535400,316428,0,0,9999,56936,-1808,11370
$$HAR,17:41:38,420282214,-936535400,316428,0,0,9999,57059,-1808,11374
$$HAR,17:41:41,420282214,-936535400,316428,0,0,9999,57179,-1807,11373
$$HAR,17:41:44,420282214,-936535400,316428,0,0,9999,57302,-1807,11373
$$HAR,17:41:47,420282214,-936535400,316428,0,0,9999,57424,-1806,11378
$$HAR,17:41:50,420282214,-936535400,316428,0,0,9999,57547,-1805,11378
$$HAR,17:41:53,420282214,-936535400,316428,0,0,9999,57669,-1803,11384
$$HAR,17:41:56,420282214,-936535400,316428,0,0,9999,57786,-1802,11389
$$HAR,17:41:59,420282214,-936535400,316428,0,0,9999,57906,-1801,11393
$$HAR,17:42:02,420282214,-936535400,316428,0,0,9999,58025,-1799,11389
$$HAR,17:42:02,420282214,-936535400,316428,0,0,9999,58145,-1798,11397
$$HAR,17:42:08,420282214,-936535400,316428,0,0,9999,58270,-1787,11434
$$HAR,17:42:11,420282214,-936535400,316428,0,0,9999,58386,-1786,11417
$$HAR,17:42:14,420282214,-936535400,316428,0,0,9999,58505,-1786,11417
$$HAR,17:42:17,420282214,-936535400,316428,0,0,9999,58624,-1786,11417
$$HAR,17:42:17,420282214,-936535400,316428,0,0,9999,58744,-1785,11413
$$HAR,17:42:23,420282214,-936535400,316428,0,0,9999,58875,-1773,11464
$$HAR,17:42:23,420282214,-936535400,316428,0,0,9999,58993,-1773,11438
$$HAR,17:42:23,420282214,-936535400,316428,0,0,9999,59118,-1761,11475
$$HAR,17:42:59,420282214,-936535400,316428,0,0,9999,69565,3335,100000
$$HAR,17:42:59,420282214,-936535400,316428,0,0,9999,60781,-1750,11456
$$HAR,17:42:59,420282214,-936535400,316428,0,0,9999,60803,-1742,11479
$$HAR,17:43:07,420282214,-936535400,316428,0,0,9999,60858,-1733,11490
$$HAR,17:43:07,420282214,-936535400,316428,0,0,9999,60932,-1726,11496
$$HAR,17:43:18,420282214,-936535400,316428,0,0,9999,61062,-1717,11512
$$HAR,17:43:18,420282214,-936535400,316428,0,0,9999,61189,-1719,11480
$$HAR,17:43:24,420282214,-936535400,316428,0,0,9999,61313,-1712,11508
$$HAR,17:43:24,420282214,-936535400,316428,0,0,9999,61432,-1715,11481
$$HAR,17:43:29,420282214,-936535400,316428,0,0,9999,61544,-1709,11508
$$HAR,17:43:32,420282214,-936535400,316428,0,0,9999,61661,-1703,11509
$$HAR,17:43:32,420282214,-936535400,316428,0,0,9999,61770,-1707,11486
$$HAR,17:43:32,420282214,-936535400,316428,0,0,9999,61890,-1702,11511
$$HAR,17:43:40,420282214,-936535400,316428,0,0,9999,62001,-1695,11520
$$HAR,17:43:43,420282214,-936535400,316428,0,0,9999,62106,-1698,11493
$$HAR,17:43:46,420282214,-936535400,316428,0,0,9999,62213,-1700,11493
$$HAR,17:43:49,420282214,-936535400,316428,0,0,9999,62323,-1702,11493
$$HAR,17:43:49,420282214,-936535400,316428,0,0,9999,62432,-1702,11493
$$HAR,17:43:49,420282214,-936535400,316428,0,0,9999,62554,-1691,11539
$$HAR,17:43:49,420282214,-936535400,316428,0,0,9999,62729,-1679,11549
$$HAR,17:44:09,420282214,-936535400,316428,0,0,9999,62902,-1670,11548
$$HAR,17:44:12,420282214,-936535400,316428,0,0,9999,63063,-1672,11521
$$HAR,17:44:15,420282214,-936535400,316428,0,0,9999,63213,-1673,11517
$$HAR,17:44:18,420282214,-936535400,316428,0,0,9999,63351,-1674,11520
$$HAR,17:44:18,420282214,-936535400,316428,0,0,9999,63484,-1674,11520
$$HAR,17:44:18,420282214,-936535400,316428,0,0,9999,63604,-1663,11557
$$HAR,17:44:18,420282214,-936535400,316428,0,0,9999,63751,-1653,11569
$$HAR,17:44:18,420282214,-936535400,316428,0,0,9999,63926,-1642,11581
$$HAR,17:44:52,420282214,-936535400,316428,0,0,9999,65026,-1621,11594
$$HAR,17:44:52,420282214,-936535400,316428,0,0,9999,65093,-1622,11559
$$HAR,17:44:52,420282214,-936535400,316428,0,0,9999,65226,-1613,11586
$$HAR,17:45:06,420282214,-936535400,316428,0,0,9999,65374,-1607,11583
$$HAR,17:45:51,420282214,-936535400,316428,0,0,9999,67488,-1585,11618
$$HAR,17:45:51,420282214,-936535400,316428,0,0,9999,67596,-1583,11592
$$HAR,17:45:51,420282214,-936535400,316428,0,0,9999,67772,-1570,11640
$$HAR,17:46:05,420282214,-936535400,316428,0,0,9999,67937,-1558,11646
$$HAR,17:46:08,420282214,-936535400,316428,0,0,9999,68088,-1559,11611
$$HAR,17:46:11,420282214,-936535400,316428,0,0,9999,68234,-1560,11611
$$HAR,17:46:14,420282214,-936535400,316428,0,0,9999,68379,-1560,11611
$$HAR,17:46:17,420282214,-936535400,316428,0,0,9999,68519,-1560,11615
$$HAR,17:46:20,420282214,-936535400,316428,0,0,9999,68656,-1559,11615
$$HAR,17:46:23,420282214,-936535400,316428,0,0,9999,68801,-1558,11615
$$HAR,17:46:26,420282214,-936535400,316428,0,0,9999,68939,-1556,11625
$$HAR,17:46:29,420282214,-936535400,316428,0,0,9999,69080,-1554,11625
$$HAR,17:46:29,420282214,-936535400,316428,0,0,9999,69218,-1553,11631
$$HAR,17:46:41,420282214,-936535400,316428,0,0,9999,69437,-1538,11681
$$HAR,17:46:44,420282214,-936535400,316428,0,0,9999,69630,-1535,11656
$$HAR,17:46:47,420282214,-936535400,316428,0,0,9999,69804,-1534,11656
$$HAR,17:46:47,420282214,-936535400,316428,0,0,9999,69968,-1532,11657
$$HAR,17:46:55,420282214,-936535400,316428,0,0,9999,70156,-1520,11699
$$HAR,17:46:58,420282214,-936535400,316428,0,0,9999,70327,-1519,11672
$$HAR,17:47:01,420282214,-936535400,316428,0,0,9999,70482,-1519,11672
$$HAR,17:47:01,420282214,-936535400,316428,0,0,9999,70635,-1518,11676
$$HAR,17:47:13,420282214,-936535400,316428,0,0,9999,70857,-1503,11724
$$HAR,17:47:13,420282214,-936535400,316428,0,0,9999,71046,-1501,11694
$$HAR,17:47:18,420282214,-936535400,316428,0,0,9999,71215,-1489,11737
$$HAR,17:47:21,420282214,-936535400,316428,0,0,9999,71377,-1489,11702
$$HAR,17:47:24,420282214,-936535400,316428,0,0,9999,71529,-1490,11706
$$HAR,17:47:27,420282214,-936535400,316428,0,0,9999,71684,-1490,11702
$$HAR,17:47:30,420282214,-936535400,316428,0,0,9999,71828,-1489,11706
$$HAR,17:47:30,420282214,-936535400,316428,0,0,9999,71979,-1487,11710
$$HAR,17:47:30,420282214,-936535400,316428,0,0,9999,72195,-1473,11767
$$HAR,17:47:30,420282214,-936535400,316428,0,0,9999,72403,-1461,11770
$$HAR,17:47:53,420282214,-936535400,316428,0,0,9999,72649,-1448,11786
$$HAR,17:47:53,420282214,-936535400,316428,0,0,9999,72863,-1449,11750
$$HAR,17:48:02,420282214,-936535400,316428,0,0,9999,73097,-1438,11787
$$HAR,17:48:02,420282214,-936535400,316428,0,0,9999,73305,-1439,11757
$$HAR,17:48:12,420282214,-936535400,316428,0,0,9999,73547,-1428,11804
$$HAR,17:48:15,420282214,-936535400,316428,0,0,9999,73757,-1428,11777
$$HAR,17:48:18,420282214,-936535400,316428,0,0,9999,73950,-1429,11768
$$HAR,17:48:18,420282214,-936535400,316428,0,0,9999,74127,-1429,11772
$$HAR,17:48:26,420282214,-936535400,316428,0,0,9999,74329,-1417,11811
$$HAR,17:48:26,420282214,-936535400,316428,0,0,9999,74508,-1417,11784
$$HAR,17:48:33,420282214,-936535400,316428,0,0,9999,74694,-1405,11826
$$HAR,17:48:33,420282214,-936535400,316428,0,0,9999,74858,-1406,11795
$$HAR,17:48:44,420282214,-936535400,316428,0,0,9999,75078,-1394,11838
$$HAR,17:48:47,420282214,-936535400,316428,0,0,9999,75276,-1394,11807
$$HAR,17:48:47,420282214,-936535400,316428,0,0,9999,75457,-1395,11807
$$HAR,17:48:59,420282214,-936535400,316428,0,0,9999,75703,-1380,11863
$$HAR,17:49:02,420282214,-936535400,316428,0,0,9999,75913,-1378,11829
$$HAR,17:49:05,420282214,-936535400,316428,0,0,9999,76106,-1378,11829
$$HAR,17:49:08,420282214,-936535400,316428,0,0,9999,76285,-1377,11825
$$HAR,17:49:11,420282214,-936535400,316428,0,0,9999,76456,-1376,11830
$$HAR,17:49:14,420282214,-936535400,316428,0,0,9999,76615,-1374,11829
$$HAR,17:49:17,420282214,-936535400,316428,0,0,9999,76772,-1371,11834
$$HAR,17:49:20,420282214,-936535400,316428,0,0,9999,76922,-1369,11834
$$HAR,17:49:23,420282214,-936535400,316428,0,0,9999,77073,-1366,11845
$$HAR,17:49:38,420282214,-936535400,316428,0,0,9999,78200,-1334,11878
$$HAR,17:50:03,420282214,-936535400,316428,0,0,9999,79363,-1310,11911
$$HAR,17:50:18,420282214,-936535400,316428,0,0,9999,80026,-1277,11954
$$HAR,17:50:21,420282214,-936535400,316428,0,0,9999,80059,-1279,11944
$$HAR,17:50:27,420282214,-936535400,316428,0,0,9999,80156,-1268,11988
$$HAR,17:50:30,420282214,-936535400,316428,0,0,9999,80258,-1268,11966
$$HAR,17:50:33,420282214,-936535400,316428,0,0,9999,80372,-1268,11966
$$HAR,17:50:36,420282214,-936535400,316428,0,0,9999,80490,-1267,11975
$$HAR,17:50:39,420282214,-936535400,316428,0,0,9999,80612,-1265,11975
$$HAR,17:50:42,420282214,-936535400,316428,0,0,9999,80738,-1263,11979
$$HAR,17:50:45,420282214,-936535400,316428,0,0,9999,80864,-1261,11989
$$HAR,17:50:48,420282214,-936535400,316428,0,0,9999,80990,-1258,11990
$$HAR,17:50:51,420282214,-936535400,316428,0,0,9999,81122,-1255,11996
$$HAR,17:50:54,420282214,-936535400,316428,0,0,9999,81252,-1252,12005
$$HAR,17:50:57,420282214,-936535400,316428,0,0,9999,81384,-1248,12010
$$HAR,17:51:00,420282214,-936535400,316428,0,0,9999,81514,-1245,12010
$$HAR,17:51:03,420282214,-936535400,316428,0,0,9999,81646,-1242,12020
$$HAR,17:51:06,420282214,-936535400,316428,0,0,9999,81771,-1238,12024
$$HAR,17:51:09,420282214,-936535400,316428,0,0,9999,81909,-1235,12031
$$HAR,17:51:12,420282214,-936535400,316428,0,0,9999,82037,-1231,12040
$$HAR,17:51:15,420282214,-936535400,316428,0,0,9999,82173,-1227,12044
$$HAR,17:51:18,420282214,-936535400,316428,0,0,9999,82301,-1223,12050
$$HAR,17:51:21,420282214,-936535400,316428,0,0,9999,82435,-1219,12057
$$HAR,17:51:21,420282214,-936535400,316428,0,0,9999,82563,-1215,12066
$$HAR,17:51:21,420282214,-936535400,316428,0,0,9999,82714,-1199,12118
$$HAR,17:51:21,420282214,-936535400,316428,0,0,9999,82872,-1186,12131
$$HAR,17:51:21,420282214,-936535400,316428,0,0,9999,83020,-1185,12100
$$HAR,17:51:21,420282214,-936535400,316428,0,0,9999,83197,-1172,12147
$$HAR,17:51:21,420282214,-936535400,316428,0,0,9999,83363,-1171,12117
$$HAR,17:51:48,420282214,-936535400,316428,0,0,9999,83516,-1169,12117
$$HAR,17:51:51,420282214,-936535400,316428,0,0,9999,83656,-1167,12126
$$HAR,17:51:54,420282214,-936535400,316428,0,0,9999,83792,-1164,12128
$$HAR,17:51:57,420282214,-936535400,316428,0,0,9999,83934,-1161,12133
$$HAR,17:52:00,420282214,-936535400,316428,0,0,9999,84063,-1158,12137
$$HAR,17:52:03,420282214,-936535400,316428,0,0,9999,84194,-1155,12148
$$HAR,17:52:49,420282214,-936535400,316428,0,0,9999,86510,-1076,12230
$$HAR,17:52:52,420282214,-936535400,316428,0,0,9999,86540,-1074,12234
$$HAR,17:52:55,420282214,-936535400,316428,0,0,9999,86593,-1072,12244
$$HAR,17:53:01,420282214,-936535400,316428,0,0,9999,86704,-1058,12288
$$HAR,17:53:06,420282214,-936535400,316428,0,0,9999,86841,-1045,12305
$$HAR,17:53:14,420282214,-936535400,316428,0,0,9999,87037,-1031,12327
$$HAR,17:53:17,420282214,-936535400,316428,0,0,9999,87216,-1029,12295
$$HAR,17:53:20,420282214,-936535400,316428,0,0,9999,87381,-1027,12300
$$HAR,17:53:23,420282214,-936535400,316428,0,0,9999,87539,-1024,12302
$$HAR,17:53:26,420282214,-936535400,316428,0,0,9999,87685,-1021,12311
$$HAR,17:53:29,420282214,-936535400,316428,0,0,9999,87833,-1017,12312
$$HAR,17:53:32,420282214,-936535400,316428,0,0,9999,87977,-1013,12313
$$HAR,17:53:35,420282214,-936535400,316428,0,0,9999,88115,-1009,12327
$$HAR,17:53:53,420282214,-936535400,316428,0,0,9999,69565,3335,100000
$$HAR,17:53:56,420282214,-936535400,316428,0,0,9999,89457,-968,12361
$$HAR,17:53:59,420282214,-936535400,316428,0,0,9999,89488,-967,12370
$$HAR,17:54:02,420282214,-936535400,316428,0,0,9999,89553,-964,12379
$$HAR,17:54:05,420282214,-936535400,316428,0,0,9999,89627,-960,12385
$$HAR,17:54:08,420282214,-936535400,316428,0,0,9999,89715,-956,12395
$$HAR,17:54:11,420282214,-936535400,316428,0,0,9999,89817,-952,12400
$$HAR,17:54:14,420282214,-936535400,316428,0,0,9999,89929,-948,12410
$$HAR,17:54:17,420282214,-936535400,316428,0,0,9999,90046,-943,12415
$$HAR,17:54:20,420282214,-936535400,316428,0,0,9999,90163,-939,12417
$$HAR,17:54:23,420282214,-936535400,316428,0,0,9999,90291,-935,12427
$$HAR,17:54:26,420282214,-936535400,316428,0,0,9999,90420,-931,12433
$$HAR,17:54:29,420282214,-936535400,316428,0,0,9999,90557,-927,12437
$$HAR,17:54:32,420282214,-936535400,316428,0,0,9999,90692,-923,12444
$$HAR,17:54:35,420282214,-936535400,316428,0,0,9999,90837,-920,12449
$$HAR,17:54:38,420282214,-936535400,316428,0,0,9999,90982,-916,12455
$$HAR,17:54:41,420282214,-936535400,316428,0,0,9999,91136,-912,12460
$$HAR,17:54:44,420282214,-936535400,316428,0,0,9999,91297,-908,12468
$$HAR,17:54:47,420282214,-936535400,316428,0,0,9999,91452,-904,12466
$$HAR,17:54:50,420282214,-936535400,316428,0,0,9999,91616,-900,12480
$$HAR,17:54:53,420282214,-936535400,316428,0,0,9999,91779,-896,12482
$$HAR,17:54:56,420282214,-936535400,316428,0,0,9999,91953,-892,12490
$$HAR,17:54:59,420282214,-936535400,316428,0,0,9999,92127,-888,12493
$$HAR,17:55:02,420282214,-936535400,316428,0,0,9999,92298,-883,12508
$$HAR,17:55:05,420282214,-936535400,316428,0,0,9999,92482,-879,12512
$$HAR,17:55:08,420282214,-936535400,316428,0,0,9999,92664,-875,12514
$$HAR,17:55:11,420282214,-936535400,316428,0,0,9999,92854,-872,12524
$$HAR,17:55:14,420282214,-936535400,316428,0,0,9999,93050,-867,12525
$$HAR,17:55:17,420282214,-936535400,316428,0,0,9999,93240,-863,12530
$$HAR,17:55:20,420282214,-936535400,316428,0,0,9999,93420,-859,12536
$$HAR,17:55:23,420282214,-936535400,316428,0,0,9999,93595,-855,12546
$$HAR,17:55:23,420282214,-936535400,316428,0,0,9999,93761,-851,12557
$$HAR,17:55:28,420282214,-936535400,316428,0,0,9999,93916,-837,12591
$$HAR,17:55:31,420282214,-936535400,316428,0,0,9999,94051,-833,12575
$$HAR,17:55:34,420282214,-936535400,316428,0,0,9999,94186,-831,12575
$$HAR,17:55:37,420282214,-936535400,316428,0,0,9999,94310,-828,12580
$$HAR,17:55:40,420282214,-936535400,316428,0,0,9999,94439,-825,12586
$$HAR,17:55:43,420282214,-936535400,316428,0,0,9999,94565,-822,12596
$$HAR,17:55:46,420282214,-936535400,316428,0,0,9999,94696,-818,12596
$$HAR,17:55:49,420282214,-936535400,316428,0,0,9999,94819,-815,12597
$$HAR,17:55:49,420282214,-936535400,316428,0,0,9999,94955,-811,12603
$$HAR,17:55:55,420282214,-936535400,316428,0,0,9999,95098,-798,12642
$$HAR,17:55:58,420282214,-936535400,316428,0,0,9999,95245,-795,12621
$$HAR,17:55:58,420282214,-936535400,316428,0,0,9999,95378,-793,12626
$$HAR,17:56:09,420282214,-936535400,316428,0,0,9999,95582,-778,12670
$$HAR,17:56:12,420282214,-936535400,316428,0,0,9999,95754,-774,12653
$$HAR,17:56:15,420282214,-936535400,316428,0,0,9999,95907,-771,12646
$$HAR,17:56:18,420282214,-936535400,316428,0,0,9999,96062,-768,12652
$$HAR,17:56:21,420282214,-936535400,316428,0,0,9999,96217,-764,12656
$$HAR,17:56:24,420282214,-936535400,316428,0,0,9999,96362,-761,12657
$$HAR,17:56:27,420282214,-936535400,316428,0,0,9999,96515,-757,12667
$$HAR,17:56:30,420282214,-936535400,316428,0,0,9999,96666,-753,12669
$$HAR,17:56:33,420282214,-936535400,316428,0,0,9999,96827,-749,12669
$$HAR,17:56:36,420282214,-936535400,316428,0,0,9999,96992,-745,12679
$$HAR,17:56:39,420282214,-936535400,316428,0,0,9999,97145,-741,12681
$$HAR,17:56:42,420282214,-936535400,316428,0,0,9999,97302,-736,12691
$$HAR,17:56:45,420282214,-936535400,316428,0,0,9999,97449,-732,12691
$$HAR,17:56:48,420282214,-936535400,316428,0,0,9999,97604,-728,12698
$$HAR,17:56:51,420282214,-936535400,316428,0,0,9999,97763,-723,12704
$$HAR,17:56:54,420282214,-936535400,316428,0,0,9999,97888,-719,12709
$$HAR,17:56:57,420282214,-936535400,316428,0,0,9999,97987,-714,12711
$$HAR,17:57:00,420282214,-936535400,316428,0,0,9999,98061,-710,12721
$$HAR,17:57:03,420282214,-936535400,316428,0,0,9999,98116,-705,12731
$$HAR,17:57:06,420282214,-936535400,316428,0,0,9999,98151,-700,12733
$$HAR,17:57:09,420282214,-936535400,316428,0,0,9999,98181,-695,12739
$$HAR,17:57:12,420282214,-936535400,316428,0,0,9999,98204,-691,12744
$$HAR,17:57:15,420282214,-936535400,316428,0,0,9999,98222,-686,12746
$$HAR,17:57:18,420282214,-936535400,316428,0,0,9999,98240,-682,12756
$$HAR,17:57:21,420282214,-936535400,316428,0,0,9999,98248,-678,12757
$$HAR,17:57:24,420282214,-936535400,316428,0,0,9999,98257,-673,12764
$$HAR,17:57:27,420282214,-936535400,316428,0,0,9999,98261,-669,12768
$$HAR,17:57:30,420282214,-936535400,316428,0,0,9999,98265,-665,12774
$$HAR,17:57:33,420282214,-936535400,316428,0,0,9999,98267,-661,12775
$$HAR,17:57:36,420282214,-936535400,316428,0,0,9999,98271,-657,12782
$$HAR,17:57:39,420282214,-936535400,316428,0,0,9999,98275,-653,12782
$$HAR,17:57:42,420282214,-936535400,316428,0,0,9999,98275,-650,12783
$$HAR,17:57:45,420282214,-936535400,316428,0,0,9999,98275,-646,12790
$$HAR,17:57:48,420282214,-936535400,316428,0,0,9999,98275,-642,12795
$$HAR,17:57:51,420282214,-936535400,316428,0,0,9999,98275,-639,12790
$$HAR,17:57:54,420282214,-936535400,316428,0,0,9999,98279,-635,12796
$$HAR,17:57:57,420282214,-936535400,316428,0,0,9999,98279,-631,12803
$$HAR,17:58:00,420282214,-936535400,316428,0,0,9999,98277,-628,12808
$$HAR,17:58:03,420282214,-936535400,316428,0,0,9999,98277,-624,12809
$$HAR,17:58:06,420282214,-936535400,316428,0,0,9999,98277,-621,12810
$$HAR,17:58:09,420282214,-936535400,316428,0,0,9999,98281,-617,12815
$$HAR,17:58:12,420282214,-936535400,316428,0,0,9999,98277,-613,12817
$$HAR,17:58:15,420282214,-936535400,316428,0,0,9999,98277,-610,12817
$$HAR,17:58:18,420282214,-936535400,316428,0,0,9999,98277,-606,12823
$$HAR,17:58:21,420282214,-936535400,316428,0,0,9999,98275,-602,12820
$$HAR,17:58:24,420282214,-936535400,316428,0,0,9999,98279,-599,12825
$$HAR,17:58:27,420282214,-936535400,316428,0,0,9999,98279,-595,12832
$$HAR,17:58:30,420282214,-936535400,316428,0,0,9999,98279,-592,12832
$$HAR,17:58:33,420282214,-936535400,316428,0,0,9999,98279,-588,12827
$$HAR,17:58:36,420282214,-936535400,316428,0,0,9999,98279,-585,12837
$$HAR,17:58:39,420282214,-936535400,316428,0,0,9999,98283,-581,12838
$$HAR,17:58:42,420282214,-936535400,316428,0,0,9999,98281,-578,12839
$$HAR,17:58:45,420282214,-936535400,316428,0,0,9999,98283,-574,12849
$$HAR,17:58:48,420282214,-936535400,316428,0,0,9999,98283,-571,12846
$$HAR,17:58:51,420282214,-936535400,316428,0,0,9999,98279,-567,12851
$$HAR,17:58:54,420282214,-936535400,316428,0,0,9999,98283,-564,12853
$$HAR,17:58:57,420282214,-936535400,316428,0,0,9999,98283,-561,12849
$$HAR,17:59:00,420282214,-936535400,316428,0,0,9999,98283,-557,12854
$$HAR,17:59:03,420282214,-936535400,316428,0,0,9999,98283,-554,12855
$$HAR,17:59:06,420282214,-936535400,316428,0,0,9999,98285,-551,12852
$$HAR,17:59:09,420282214,-936535400,316428,0,0,9999,98285,-547,12858
$$HAR,17:59:12,420282214,-936535400,316428,0,0,9999,98283,-544,12864
$$HAR,17:59:15,420282214,-936535400,316428,0,0,9999,98281,-540,12863
$$HAR,17:59:18,420282214,-936535400,316428,0,0,9999,98281,-537,12865
$$HAR,17:59:21,420282214,-936535400,316428,0,0,9999,98281,-533,12866
$$HAR,17:59:24,420282214,-936535400,316428,0,0,9999,98281,-530,12867
$$HAR,17:59:27,420282214,-936535400,316428,0,0,9999,98283,-526,12873
$$HAR,17:59:30,420282214,-936535400,316428,0,0,9999,98283,-523,12869
$$HAR,17:59:33,420282214,-936535400,316428,0,0,9999,98283,-519,12870
$$HAR,17:59:36,420282214,-936535400,316428,0,0,9999,98279,-516,12875
$$HAR,17:59:39,420282214,-936535400,316428,0,0,9999,98279,-513,12878
$$HAR,17:59:42,420282214,-936535400,316428,0,0,9999,98283,-510,12873
$$HAR,17:59:45,420282214,-936535400,316428,0,0,9999,98283,-506,12883
$$HAR,17:59:48,420282214,-936535400,316428,0,0,9999,98281,-503,12883
$$HAR,17:59:51,420282214,-936535400,316428,0,0,9999,98281,-500,12884
$$HAR,17:59:54,420282214,-936535400,316428,0,0,9999,98279,-496,12886
$$HAR,17:59:57,420282214,-936535400,316428,0,0,9999,98281,-493,12891
$$HAR,18:00:00,420282214,-936535400,316428,0,0,9999,98283,-489,12887
$$HAR,18:00:03,420282214,-936535400,316428,0,0,9999,98283,-486,12889
$$HAR,18:00:06,420282214,-936535400,316428,0,0,9999,98279,-483,12895
$$HAR,18:00:09,420282214,-936535400,316428,0,0,9999,98279,-480,12895
$$HAR,18:00:12,420282214,-936535400,316428,0,0,9999,98279,-476,12896
$$HAR,18:00:15,420282214,-936535400,316428,0,0,9999,98283,-473,12897
$$HAR,18:00:18,420282214,-936535400,316428,0,0,9999,98283,-469,12898
$$HAR,18:00:21,420282214,-936535400,316428,0,0,9999,98283,-466,12904
$$HAR,18:00:24,420282214,-936535400,316428,0,0,9999,98283,-462,12905
$$HAR,18:00:27,420282214,-936535400,316428,0,0,9999,98279,-459,12906
$$HAR,18:00:30,420282214,-936535400,316428,0,0,9999,98279,-456,12907
$$HAR,18:00:33,420282214,-936535400,316428,0,0,9999,98281,-452,12904
$$HAR,18:00:36,420282214,-936535400,316428,0,0,9999,98281,-449,12909
$$HAR,18:00:39,420282214,-936535400,316428,0,0,9999,98281,-446,12915
$$HAR,18:00:42,420282214,-936535400,316428,0,0,9999,98279,-443,12911
$$HAR,18:00:45,420282214,-936535400,316428,0,0,9999,98279,-440,12911
$$HAR,18:00:48,420282214,-936535400,316428,0,0,9999,98281,-436,12912
$$HAR,18:00:51,420282214,-936535400,316428,0,0,9999,98279,-433,12919
$$HAR,18:00:54,420282214,-936535400,316428,0,0,9999,98279,-430,12923
$$HAR,18:00:57,420282214,-936535400,316428,0,0,9999,98279,-426,12925
$$HAR,18:01:00,420282214,-936535400,316428,0,0,9999,98279,-423,12922
$$HAR,18:01:03,420282214,-936535400,316428,0,0,9999,98281,-420,12922
$$HAR,18:01:06,420282214,-936535400,316428,0,0,9999,98281,-417,12928
$$HAR,18:01:09,420282214,-936535400,316428,0,0,9999,98283,-413,12924
$$HAR,18:01:12,420282214,-936535400,316428,0,0,9999,98283,-410,12930
$$HAR,18:01:15,420282214,-936535400,316428,0,0,9999,98283,-407,12935
$$HAR,18:01:18,420282214,-936535400,316428,0,0,9999,98283,-403,12937
$$HAR,18:01:21,420282214,-936535400,316428,0,0,9999,98283,-400,12933
$$HAR,18:01:24,420282214,-936535400,316428,0,0,9999,98285,-397,12938
$$HAR,18:01:27,420282214,-936535400,316428,0,0,9999,98285,-394,12943
$$HAR,18:01:30,420282214,-936535400,316428,0,0,9999,98287,-390,12945
$$HAR,18:01:33,420282214,-936535400,316428,0,0,9999,98283,-387,12941
$$HAR,18:01:36,420282214,-936535400,316428,0,0,9999,98283,-384,12952
$$HAR,18:01:39,420282214,-936535400,316428,0,0,9999,98285,-381,12952
$$HAR,18:01:42,420282214,-936535400,316428,0,0,9999,98283,-378,12952
$$HAR,18:01:45,420282214,-936535400,316428,0,0,9999,98283,-375,12954
$$HAR,18:01:48,420282214,-936535400,316428,0,0,9999,98283,-372,12951
$$HAR,18:01:51,420282214,-936535400,316428,0,0,9999,98279,-369,12956
$$HAR,18:01:54,420282214,-936535400,316428,0,0,9999,98279,-365,12966
$$HAR,18:01:57,420282214,-936535400,316428,0,0,9999,98283,-362,12963
$$HAR,18:02:00,420282214,-936535400,316428,0,0,9999,98283,-359,12963
$$HAR,18:02:03,420282214,-936535400,316428,0,0,9999,98281,-356,12964
$$HAR,18:02:06,420282214,-936535400,316428,0,0,9999,98283,-353,12970
$$HAR,18:02:09,420282214,-936535400,316428,0,0,9999,98281,-350,12965
$$HAR,18:02:12,420282214,-936535400,316428,0,0,9999,98281,-347,12970
$$HAR,18:02:15,420282214,-936535400,316428,0,0,9999,98285,-344,12973
$$HAR,18:02:18,420282214,-936535400,316428,0,0,9999,98283,-341,12978
$$HAR,18:02:21,420282214,-936535400,316428,0,0,9999,98283,-338,12979
$$HAR,18:02:24,420282214,-936535400,316428,0,0,9999,98283,-335,12975
$$HAR,18:02:27,420282214,-936535400,316428,0,0,9999,98283,-331,12981
$$HAR,18:02:30,420282214,-936535400,316428,0,0,9999,98281,-328,12982
$$HAR,18:02:33,420282214,-936535400,316428,0,0,9999,98283,-325,12987
$$HAR,18:02:36,420282214,-936535400,316428,0,0,9999,98283,-322,12989
$$HAR,18:02:39,420282214,-936535400,316428,0,0,9999,98281,-319,12985
$$HAR,18:02:42,420282214,-936535400,316428,0,0,9999,98281,-317,12990
$$HAR,18:02:45,420282214,-936535400,316428,0,0,9999,98279,-313,12991
$$HAR,18:02:48,420282214,-936535400,316428,0,0,9999,98281,-310,12997
$$HAR,18:02:51,420282214,-936535400,316428,0,0,9999,98285,-307,12997
$$HAR,18:02:54,420282214,-936535400,316428,0,0,9999,98283,-305,12998
$$HAR,18:02:57,420282214,-936535400,316428,0,0,9999,98283,-302,12998
$$HAR,18:03:00,420282214,-936535400,316428,0,0,9999,98281,-299,13004
$$HAR,18:03:03,420282214,-936535400,316428,0,0,9999,98283,-296,13000
$$HAR,18:03:06,420282214,-936535400,316428,0,0,9999,98281,-293,13007
$$HAR,18:03:09,420282214,-936535400,316428,0,0,9999,98281,-290,13012
$$HAR,18:03:12,420282214,-936535400,316428,0,0,9999,98283,-287,13011
$$HAR,18:03:15,420282214,-936535400,316428,0,0,9999,98281,-284,13013
$$HAR,18:03:18,420282214,-936535400,316428,0,0,9999,98281,-281,13014
$$HAR,18:03:21,420282214,-936535400,316428,0,0,9999,98281,-277,13020
$$HAR,18:03:24,420282214,-936535400,316428,0,0,9999,98281,-274,13020
$$HAR,18:03:27,420282214,-936535400,316428,0,0,9999,98281,-271,13026
$$HAR,18:03:30,420282214,-936535400,316428,0,0,9999,98285,-268,13022
$$HAR,18:03:33,420282214,-936535400,316428,0,0,9999,98283,-265,13028
$$HAR,18:03:36,420282214,-936535400,316428,0,0,9999,98283,-262,13034
$$HAR,18:03:39,420282214,-936535400,316428,0,0,9999,98281,-260,13034
$$HAR,18:03:42,420282214,-936535400,316428,0,0,9999,98281,-256,13036
$$HAR,18:03:45,420282214,-936535400,316428,0,0,9999,98283,-253,13035
$$HAR,18:03:48,420282214,-936535400,316428,0,0,9999,98283,-251,13036
$$HAR,18:03:51,420282214,-936535400,316428,0,0,9999,98283,-248,13037
$$HAR,18:03:54,420282214,-936535400,316428,0,0,9999,98281,-245,13042
$$HAR,18:03:57,420282214,-936535400,316428,0,0,9999,98283,-242,13049
$$HAR,18:04:00,420282214,-936535400,316428,0,0,9999,98281,-239,13044
$$HAR,18:04:03,420282214,-936535400,316428,0,0,9999,98281,-236,13049
$$HAR,18:04:06,420282214,-936535400,316428,0,0,9999,98285,-233,13056
$$HAR,18:04:09,420282214,-936535400,316428,0,0,9999,98283,-230,13052
$$HAR,18:04:12,420282214,-936535400,316428,0,0,9999,98283,-227,13058
$$HAR,18:04:15,420282214,-936535400,316428,0,0,9999,98283,-224,13059
$$HAR,18:04:18,420282214,-936535400,316428,0,0,9999,98281,-222,13059
$$HAR,18:04:21,420282214,-936535400,316428,0,0,9999,98279,-219,13060
$$HAR,18:04:24,420282214,-936535400,316428,0,0,9999,98281,-216,13065
$$HAR,18:04:27,420282214,-936535400,316428,0,0,9999,98285,-213,13062
$$HAR,18:04:30,420282214,-936535400,316428,0,0,9999,98283,-210,13068
$$HAR,18:04:33,420282214,-936535400,316428,0,0,9999,98285,-207,13068
$$HAR,18:04:36,420282214,-936535400,316428,0,0,9999,98285,-204,13074
$$HAR,18:04:39,420282214,-936535400,316428,0,0,9999,98285,-200,13079
$$HAR,18:04:42,420282214,-936535400,316428,0,0,9999,98285,-198,13075
$$HAR,18:04:45,420282214,-936535400,316428,0,0,9999,98287,-195,13082
$$HAR,18:04:48,420282214,-936535400,316428,0,0,9999,98287,-192,13083
$$HAR,18:04:51,420282214,-936535400,316428,0,0,9999,98285,-189,13083
$$HAR,18:04:54,420282214,-936535400,316428,0,0,9999,98285,-186,13089
$$HAR,18:04:57,420282214,-936535400,316428,0,0,9999,98283,-184,13090
$$HAR,18:05:00,420282214,-936535400,316428,0,0,9999,98283,-181,13091
$$HAR,18:05:03,420282214,-936535400,316428,0,0,9999,98281,-178,13095
$$HAR,18:05:06,420282214,-936535400,316428,0,0,9999,98285,-175,13096
$$HAR,18:05:09,420282214,-936535400,316428,0,0,9999,98287,-172,13096
$$HAR,18:05:12,420282214,-936535400,316428,0,0,9999,98285,-169,13107
$$HAR,18:05:15,420282214,-936535400,316428,0,0,9999,98287,-166,13099
$$HAR,18:05:18,420282214,-936535400,316428,0,0,9999,98285,-163,13105
$$HAR,18:05:21,420282214,-936535400,316428,0,0,9999,98287,-160,13105
$$HAR,18:05:24,420282214,-936535400,316428,0,0,9999,98287,-157,13111
$$HAR,18:05:27,420282214,-936535400,316428,0,0,9999,98289,-154,13112
$$HAR,18:05:30,420282214,-936535400,316428,0,0,9999,98289,-151,13113
$$HAR,18:05:33,420282214,-936535400,316428,0,0,9999,98287,-148,13115
$$HAR,18:05:36,420282214,-936535400,316428,0,0,9999,98285,-145,13125
$$HAR,18:05:39,420282214,-936535400,316428,0,0,9999,98287,-142,13125
$$HAR,18:05:42,420282214,-936535400,316428,0,0,9999,98287,-139,13121
$$HAR,18:05:45,420282214,-936535400,316428,0,0,9999,98289,-136,13122
$$HAR,18:05:48,420282214,-936535400,316428,0,0,9999,98287,-133,13129
$$HAR,18:05:51,420282214,-936535400,316428,0,0,9999,98287,-130,13134
$$HAR,18:05:54,420282214,-936535400,316428,0,0,9999,98285,-127,13134
$$HAR,18:05:57,420282214,-936535400,316428,0,0,9999,98283,-124,13136
$$HAR,18:06:00,420282214,-936535400,316428,0,0,9999,98285,-122,13136
$$HAR,18:06:03,420282214,-936535400,316428,0,0,9999,98285,-119,13142
$$HAR,18:06:06,420282214,-936535400,316428,0,0,9999,98285,-116,13143
$$HAR,18:06:09,420282214,-936535400,316428,0,0,9999,98285,-113,13149
$$HAR,18:06:12,420282214,-936535400,316428,0,0,9999,98283,-110,13149
$$HAR,18:06:15,420282214,-936535400,316428,0,0,9999,98285,-107,13150
$$HAR,18:06:18,420282214,-936535400,316428,0,0,9999,98281,-104,13156
$$HAR,18:06:21,420282214,-936535400,316428,0,0,9999,98287,-101,13156
$$HAR,18:06:24,420282214,-936535400,316428,0,0,9999,98287,-98,13158
$$HAR,18:06:27,420282214,-936535400,316428,0,0,9999,98285,-95,13158
$$HAR,18:06:30,420282214,-936535400,316428,0,0,9999,98285,-92,13164
$$HAR,18:06:33,420282214,-936535400,316428,0,0,9999,98283,-89,13169
$$HAR,18:06:36,420282214,-936535400,316428,0,0,9999,98285,-86,13166
$$HAR,18:06:39,420282214,-936535400,316428,0,0,9999,98287,-83,13176
$$HAR,18:06:42,420282214,-936535400,316428,0,0,9999,98283,-79,13172
$$HAR,18:06:45,420282214,-936535400,316428,0,0,9999,98283,-76,13178
$$HAR,18:06:48,420282214,-936535400,316428,0,0,9999,98285,-73,13175
$$HAR,18:06:51,420282214,-936535400,316428,0,0,9999,98285,-70,13180
$$HAR,18:06:54,420282214,-936535400,316428,0,0,9999,98287,-67,13186
$$HAR,18:06:57,420282214,-936535400,316428,0,0,9999,98287,-64,13183
$$HAR,18:07:00,420282214,-936535400,316428,0,0,9999,98283,-61,13183
$$HAR,18:07:03,420282214,-936535400,316428,0,0,9999,98285,-58,13188
$$HAR,18:07:06,420282214,-936535400,316428,0,0,9999,98283,-55,13194
$$HAR,18:07:09,420282214,-936535400,316428,0,0,9999,98283,-52,13191
$$HAR,18:07:12,420282214,-936535400,316428,0,0,9999,98285,-49,13197
$$HAR,18:07:15,420282214,-936535400,316428,0,0,9999,98283,-46,13192
$$HAR,18:07:18,420282214,-936535400,316428,0,0,9999,98283,-43,13202
$$HAR,18:07:21,420282214,-936535400,316428,0,0,9999,98283,-40,13204
$$HAR,18:07:24,420282214,-936535400,316428,0,0,9999,98283,-37,13205
$$HAR,18:07:27,420282214,-936535400,316428,0,0,9999,98283,-34,13206
$$HAR,18:07:30,420282214,-936535400,316428,0,0,9999,98281,-31,13207
$$HAR,18:07:33,420282214,-936535400,316428,0,0,9999,98285,-28,13212
$$HAR,18:07:36,420282214,-936535400,316428,0,0,9999,98285,-25,13213
$$HAR,18:07:39,420282214,-936535400,316428,0,0,9999,98283,-22,13215
$$HAR,18:07:42,420282214,-936535400,316428,0,0,9999,98285,-19,13215
$$HAR,18:07:45,420282214,-936535400,316428,0,0,9999,98287,-16,13226
$$HAR,18:07:48,420282214,-936535400,316428,0,0,9999,98285,-13,13222
$$HAR,18:07:51,420282214,-936535400,316428,0,0,9999,98287,-10,13222
$$HAR,18:07:54,420282214,-936535400,316428,0,0,9999,98287,-7,13228
$$HAR,18:07:57,420282214,-936535400,316428,0,0,9999,98285,-4,13230
$$HAR,18:08:00,420282214,-936535400,316428,0,0,9999,98283,-1,13231
$$HAR,18:08:03,420282214,-936535400,316428,0,0,9999,98281,3,13225
$$HAR,18:08:06,420282214,-936535400,316428,0,0,9999,98283,5,13235
$$HAR,18:08:09,420282214,-936535400,316428,0,0,9999,98285,8,13236
$$HAR,18:08:12,420282214,-936535400,316428,0,0,9999,98283,11,13237
$$HAR,18:08:15,420282214,-936535400,316428,0,0,9999,98283,14,13239
$$HAR,18:08:18,420282214,-936535400,316428,0,0,9999,98281,17,13238
$$HAR,18:08:21,420282214,-936535400,316428,0,0,9999,98283,20,13240
$$HAR,18:08:24,420282214,-936535400,316428,0,0,9999,98285,23,13246
$$HAR,18:08:27,420282214,-936535400,316428,0,0,9999,98285,26,13242
$$HAR,18:08:30,420282214,-936535400,316428,0,0,9999,98285,29,13248
$$HAR,18:08:33,420282214,-936535400,316428,0,0,9999,98285,33,13248
$$HAR,18:08:36,420282214,-936535400,316428,0,0,9999,98283,36,13250
$$HAR,18:08:39,420282214,-936535400,316428,0,0,9999,98283,39,13255
$$HAR,18:08:42,420282214,-936535400,316428,0,0,9999,98285,42,13256
$$HAR,18:08:45,420282214,-936535400,316428,0,0,9999,98285,45,13263
$$HAR,18:08:48,420282214,-936535400,316428,0,0,9999,98285,48,13259
$$HAR,18:08:51,420282214,-936535400,316428,0,0,9999,98287,51,13263
$$HAR,18:08:54,420282214,-936535400,316428,0,0,9999,98285,54,13264
$$HAR,18:08:57,420282214,-936535400,316428,0,0,9999,98287,57,13270
$$HAR,18:09:00,420282214,-936535400,316428,0,0,9999,98287,61,13272
$$HAR,18:09:03,420282214,-936535400,316428,0,0,9999,98287,64,13273
$$HAR,18:09:06,420282214,-936535400,316428,0,0,9999,98289,66,13272
$$HAR,18:09:09,420282214,-936535400,316428,0,0,9999,98287,69,13275
$$HAR,18:09:12,420282214,-936535400,316428,0,0,9999,98289,72,13275
$$HAR,18:09:15,420282214,-936535400,316428,0,0,9999,98287,75,13281
$$HAR,18:09:18,420282214,-936535400,316428,0,0,9999,98287,78,13282
$$HAR,18:09:21,420282214,-936535400,316428,0,0,9999,98285,81,13282
$$HAR,18:09:24,420282214,-936535400,316428,0,0,9999,98287,84,13283
$$HAR,18:09:27,420282214,-936535400,316428,0,0,9999,98287,87,13289
$$HAR,18:09:30,420282214,-936535400,316428,0,0,9999,98285,90,13285
$$HAR,18:09:33,420282214,-936535400,316428,0,0,9999,98287,93,13291
$$HAR,18:09:36,420282214,-936535400,316428,0,0,9999,98283,96,13293
$$HAR,18:09:39,420282214,-936535400,316428,0,0,9999,98283,99,13292
$$HAR,18:09:42,420282214,-936535400,316428,0,0,9999,98285,102,13293
$$HAR,18:09:45,420282214,-936535400,316428,0,0,9999,98283,105,13300
$$HAR,18:09:48,420282214,-936535400,316428,0,0,9999,98283,108,13296
$$HAR,18:09:51,420282214,-936535400,316428,0,0,9999,98283,111,13302
$$HAR,18:09:54,420282214,-936535400,316428,0,0,9999,98279,114,13307
$$HAR,18:09:57,420282214,-936535400,316428,0,0,9999,98279,117,13308
$$HAR,18:10:00,420282214,-936535400,316428,0,0,9999,98279,120,13305
$$HAR,18:10:03,420282214,-936535400,316428,0,0,9999,98279,123,13310
$$HAR,18:10:06,420282214,-936535400,316428,0,0,9999,98279,126,13315
$$HAR,18:10:09,420282214,-936535400,316428,0,0,9999,98277,129,13312
$$HAR,18:10:12,420282214,-936535400,316428,0,0,9999,98279,132,13313
$$HAR,18:10:15,420282214,-936535400,316428,0,0,9999,98277,135,13323
$$HAR,18:10:18,420282214,-936535400,316428,0,0,9999,98279,138,13320
$$HAR,18:10:21,420282214,-936535400,316428,0,0,9999,98277,141,13326
$$HAR,18:10:24,420282214,-936535400,316428,0,0,9999,98279,144,13322
$$HAR,18:10:27,420282214,-936535400,316428,0,0,9999,98279,147,13331
$$HAR,18:10:30,420282214,-936535400,316428,0,0,9999,98277,150,13323
$$HAR,18:10:33,420282214,-936535400,316428,0,0,9999,98279,152,13329
$$HAR,18:10:36,420282214,-936535400,316428,0,0,9999,98277,155,13334
$$HAR,18:10:39,420282214,-936535400,316428,0,0,9999,98281,158,13336
$$HAR,18:10:42,420282214,-936535400,316428,0,0,9999,98279,161,13336
$$HAR,18:10:45,420282214,-936535400,316428,0,0,9999,98281,164,13337
$$HAR,18:10:48,420282214,-936535400,316428,0,0,9999,98279,167,13338
$$HAR,18:10:51,420282214,-936535400,316428,0,0,9999,98279,170,13344
$$HAR,18:10:54,420282214,-936535400,316428,0,0,9999,98279,173,13345
$$HAR,18:10:57,420282214,-936535400,316428,0,0,9999,98279,176,13347
$$HAR,18:11:00,420282214,-936535400,316428,0,0,9999,98281,179,13346
$$HAR,18:11:03,420282214,-936535400,316428,0,0,9999,98279,182,13348
$$HAR,18:11:06,420282214,-936535400,316428,0,0,9999,98281,184,13354
$$HAR,18:11:09,420282214,-936535400,316428,0,0,9999,98279,187,13351
$$HAR,18:11:12,420282214,-936535400,316428,0,0,9999,98281,190,13356
$$HAR,18:11:15,420282214,-936535400,316428,0,0,9999,98277,193,13355
$$HAR,18:11:18,420282214,-936535400,316428,0,0,9999,98281,196,13358
$$HAR,18:11:21,420282214,-936535400,316428,0,0,9999,98279,198,13358
$$HAR,18:11:24,420282214,-936535400,316428,0,0,9999,98281,201,13364
$$HAR,18:11:27,420282214,-936535400,316428,0,0,9999,98279,204,13364
$$HAR,18:11:30,420282214,-936535400,316428,0,0,9999,98281,207,13367
$$HAR,18:11:33,420282214,-936535400,316428,0,0,9999,98279,209,13371
$$HAR,18:11:36,420282214,-936535400,316428,0,0,9999,98277,212,13372
$$HAR,18:11:39,420282214,-936535400,316428,0,0,9999,98281,215,13373
$$HAR,18:11:42,420282214,-936535400,316428,0,0,9999,98279,217,13374
$$HAR,18:11:45,420282214,-936535400,316428,0,0,9999,98281,220,13375
$$HAR,18:11:48,420282214,-936535400,316428,0,0,9999,98279,223,13376
$$HAR,18:11:51,420282214,-936535400,316428,0,0,9999,98279,225,13376
$$HAR,18:11:54,420282214,-936535400,316428,0,0,9999,98277,228,13386
$$HAR,18:11:57,420282214,-936535400,316428,0,0,9999,98279,231,13383
$$HAR,18:12:00,420282214,-936535400,316428,0,0,9999,98277,234,13384
$$HAR,18:12:03,420282214,-936535400,316428,0,0,9999,98275,236,13389
$$HAR,18:12:06,420282214,-936535400,316428,0,0,9999,98277,239,13395
$$HAR,18:12:09,420282214,-936535400,316428,0,0,9999,98275,242,13390
$$HAR,18:12:12,420282214,-936535400,316428,0,0,9999,98277,244,13391
$$HAR,18:12:15,420282214,-936535400,316428,0,0,9999,98275,247,13402
$$HAR,18:12:18,420282214,-936535400,316428,0,0,9999,98279,250,13398
$$HAR,18:12:21,420282214,-936535400,316428,0,0,9999,98277,252,13400
$$HAR,18:12:24,420282214,-936535400,316428,0,0,9999,98277,255,13401
$$HAR,18:12:27,420282214,-936535400,316428,0,0,9999,98279,258,13406
$$HAR,18:12:30,420282214,-936535400,316428,0,0,9999,98277,260,13403
$$HAR,18:12:33,420282214,-936535400,316428,0,0,9999,98279,263,13408
$$HAR,18:12:36,420282214,-936535400,316428,0,0,9999,98277,265,13409
$$HAR,18:12:39,420282214,-936535400,316428,0,0,9999,98277,268,13414
$$HAR,18:12:42,420282214,-936535400,316428,0,0,9999,98281,270,13410
$$HAR,18:12:45,420282214,-936535400,316428,0,0,9999,98279,273,13415
$$HAR,18:12:48,420282214,-936535400,316428,0,0,9999,98279,275,13416
$$HAR,18:12:51,420282214,-936535400,316428,0,0,9999,98281,278,13417
$$HAR,18:12:54,420282214,-936535400,316428,0,0,9999,98279,280,13423
$$HAR,18:12:57,420282214,-936535400,316428,0,0,9999,98277,283,13423
$$HAR,18:13:00,420282214,-936535400,316428,0,0,9999,98279,285,13424
$$HAR,18:13:03,420282214,-936535400,316428,0,0,9999,98279,288,13425
$$HAR,18:13:06,420282214,-936535400,316428,0,0,9999,98279,291,13425
$$HAR,18:13:09,420282214,-936535400,316428,0,0,9999,98279,293,13430
$$HAR,18:13:12,420282214,-936535400,316428,0,0,9999,98277,295,13435
$$HAR,18:13:15,420282214,-936535400,316428,0,0,9999,98275,298,13433
$$HAR,18:13:18,420282214,-936535400,316428,0,0,9999,98275,301,13438
$$HAR,18:13:21,420282214,-936535400,316428,0,0,9999,98273,303,13444
$$HAR,18:13:24,420282214,-936535400,316428,0,0,9999,98271,306,13439
$$HAR,18:13:27,420282214,-936535400,316428,0,0,9999,98275,308,13439
$$HAR,18:13:30,420282214,-936535400,316428,0,0,9999,98271,311,13442
$$HAR,18:13:33,420282214,-936535400,316428,0,0,9999,98271,313,13442
$$HAR,18:13:36,420282214,-936535400,316428,0,0,9999,98273,315,13448
$$HAR,18:13:39,420282214,-936535400,316428,0,0,9999,98271,318,13450
$$HAR,18:13:42,420282214,-936535400,316428,0,0,9999,98271,321,13454
$$HAR,18:13:45,420282214,-936535400,316428,0,0,9999,98273,323,13450
$$HAR,18:13:48,420282214,-936535400,316428,0,0,9999,98277,325,13451
$$HAR,18:13:51,420282214,-936535400,316428,0,0,9999,98275,327,13456
$$HAR,18:13:54,420282214,-936535400,316428,0,0,9999,98275,330,13462
$$HAR,18:13:57,420282214,-936535400,316428,0,0,9999,98277,332,13458
$$HAR,18:14:00,420282214,-936535400,316428,0,0,9999,98275,334,13464
$$HAR,18:14:03,420282214,-936535400,316428,0,0,9999,98275,337,13464
$$HAR,18:14:06,420282214,-936535400,316428,0,0,9999,98275,339,13464
$$HAR,18:14:09,420282214,-936535400,316428,0,0,9999,98273,341,13470
$$HAR,18:14:12,420282214,-936535400,316428,0,0,9999,98277,343,13476
$$HAR,18:14:15,420282214,-936535400,316428,0,0,9999,98277,346,13472
$$HAR,18:14:18,420282214,-936535400,316428,0,0,9999,98275,348,13473
$$HAR,18:14:21,420282214,-936535400,316428,0,0,9999,98275,350,13478
$$HAR,18:14:24,420282214,-936535400,316428,0,0,9999,98275,353,13478
$$HAR,18:14:27,420282214,-936535400,316428,0,0,9999,98277,355,13479
$$HAR,18:14:30,420282214,-936535400,316428,0,0,9999,98275,357,13484
$$HAR,18:14:33,420282214,-936535400,316428,0,0,9999,98277,359,13480
$$HAR,18:14:36,420282214,-936535400,316428,0,0,9999,98275,362,13487
$$HAR,18:14:39,420282214,-936535400,316428,0,0,9999,98277,364,13483
$$HAR,18:14:42,420282214,-936535400,316428,0,0,9999,98279,366,13489
$$HAR,18:14:45,420282214,-936535400,316428,0,0,9999,98277,368,13489
$$HAR,18:14:48,420282214,-936535400,316428,0,0,9999,98277,371,13494
$$HAR,18:14:51,420282214,-936535400,316428,0,0,9999,98277,373,13494
$$HAR,18:14:54,420282214,-936535400,316428,0,0,9999,98277,375,13505
$$HAR,18:14:57,420282214,-936535400,316428,0,0,9999,98277,377,13501
$$HAR,18:15:00,420282214,-936535400,316428,0,0,9999,98279,379,13502
$$HAR,18:15:03,420282214,-936535400,316428,0,0,9999,98281,381,13503
$$HAR,18:15:06,420282214,-936535400,316428,0,0,9999,98279,384,13508
$$HAR,18:15:09,420282214,-936535400,316428,0,0,9999,98279,386,13509
$$HAR,18:15:12,420282214,-936535400,316428,0,0,9999,98279,388,13509
$$HAR,18:15:15,420282214,-936535400,316428,0,0,9999,98277,390,13510
$$HAR,18:15:18,420282214,-936535400,316428,0,0,9999,98277,392,13515
$$HAR,18:15:21,420282214,-936535400,316428,0,0,9999,98275,394,13521
$$HAR,18:15:24,420282214,-936535400,316428,0,0,9999,98279,396,13522
$$HAR,18:15:27,420282214,-936535400,316428,0,0,9999,98277,398,13523
$$HAR,18:15:30,420282214,-936535400,316428,0,0,9999,98279,400,13520
$$HAR,18:15:33,420282214,-936535400,316428,0,0,9999,98277,402,13528
$$HAR,18:15:36,420282214,-936535400,316428,0,0,9999,98277,404,13529
$$HAR,18:15:39,420282214,-936535400,316428,0,0,9999,98277,407,13531
$$HAR,18:15:42,420282214,-936535400,316428,0,0,9999,98277,409,13536
$$HAR,18:15:45,420282214,-936535400,316428,0,0,9999,98277,411,13536
$$HAR,18:15:48,420282214,-936535400,316428,0,0,9999,98275,413,13537
$$HAR,18:15:51,420282214,-936535400,316428,0,0,9999,98275,415,13538
$$HAR,18:15:54,420282214,-936535400,316428,0,0,9999,98273,417,13538
$$HAR,18:15:57,420282214,-936535400,316428,0,0,9999,98277,419,13543
$$HAR,18:16:00,420282214,-936535400,316428,0,0,9999,98277,421,13544
$$HAR,18:16:03,420282214,-936535400,316428,0,0,9999,98275,423,13545
$$HAR,18:16:06,420282214,-936535400,316428,0,0,9999,98275,425,13546
$$HAR,18:16:09,420282214,-936535400,316428,0,0,9999,98275,427,13546
$$HAR,18:16:12,420282214,-936535400,316428,0,0,9999,98275,429,13552
$$HAR,18:16:15,420282214,-936535400,316428,0,0,9999,98275,431,13548
$$HAR,18:16:18,420282214,-936535400,316428,0,0,9999,98273,433,13557
$$HAR,18:16:21,420282214,-936535400,316428,0,0,9999,98273,435,13553
$$HAR,18:16:24,420282214,-936535400,316428,0,0,9999,98277,437,13558
$$HAR,18:16:27,420282214,-936535400,316428,0,0,9999,98277,439,13554
$$HAR,18:16:30,420282214,-936535400,316428,0,0,9999,98279,442,13566
$$HAR,18:16:33,420282214,-936535400,316428,0,0,9999,98281,444,13562
$$HAR,18:16:36,420282214,-936535400,316428,0,0,9999,98279,446,13563
$$HAR,18:16:39,420282214,-936535400,316428,0,0,9999,98279,448,13568
$$HAR,18:16:42,420282214,-936535400,316428,0,0,9999,98277,450,13568
$$HAR,18:16:45,420282214,-936535400,316428,0,0,9999,98277,452,13574
$$HAR,18:16:48,420282214,-936535400,316428,0,0,9999,98275,454,13570
$$HAR,18:16:51,420282214,-936535400,316428,0,0,9999,98279,456,13575
$$HAR,18:16:54,420282214,-936535400,316428,0,0,9999,98277,458,13576
$$HAR,18:16:57,420282214,-936535400,316428,0,0,9999,98277,460,13582
$$HAR,18:17:00,420282214,-936535400,316428,0,0,9999,98277,462,13577
$$HAR,18:17:03,420282214,-936535400,316428,0,0,9999,98277,464,13583
$$HAR,18:17:06,420282214,-936535400,316428,0,0,9999,98279,466,13587
$$HAR,18:17:09,420282214,-936535400,316428,0,0,9999,98277,468,13588
$$HAR,18:17:12,420282214,-936535400,316428,0,0,9999,98277,470,13584
$$HAR,18:17:15,420282214,-936535400,316428,0,0,9999,98277,472,13590
$$HAR,18:17:18,420282214,-936535400,316428,0,0,9999,98279,474,13591
$$HAR,18:17:21,420282214,-936535400,316428,0,0,9999,98279,476,13592
$$HAR,18:17:24,420282214,-936535400,316428,0,0,9999,98279,478,13593
$$HAR,18:17:27,420282214,-936535400,316428,0,0,9999,98279,480,13590
$$HAR,18:17:30,420282214,-936535400,316428,0,0,9999,98279,482,13593
$$HAR,18:17:33,420282214,-936535400,316428,0,0,9999,98277,484,13594
$$HAR,18:17:36,420282214,-936535400,316428,0,0,9999,98277,486,13595
$$HAR,18:17:39,420282214,-936535400,316428,0,0,9999,98275,488,13600
$$HAR,18:17:42,420282214,-936535400,316428,0,0,9999,98277,490,13596
$$HAR,18:17:45,420282214,-936535400,316428,0,0,9999,98279,492,13602
$$HAR,18:17:48,420282214,-936535400,316428,0,0,9999,98279,494,13603
$$HAR,18:17:51,420282214,-936535400,316428,0,0,9999,98279,496,13604
$$HAR,18:17:54,420282214,-936535400,316428,0,0,9999,98281,498,13603
$$HAR,18:17:57,420282214,-936535400,316428,0,0,9999,98281,500,13604
$$HAR,18:18:00,420282214,-936535400,316428,0,0,9999,98281,503,13605
$$HAR,18:18:03,420282214,-936535400,316428,0,0,9999,98281,504,13610
$$HAR,18:18:06,420282214,-936535400,316428,0,0,9999,98281,506,13606
$$HAR,18:18:09,420282214,-936535400,316428,0,0,9999,98279,508,13613
$$HAR,18:18:12,420282214,-936535400,316428,0,0,9999,98281,510,13609
$$HAR,18:18:15,420282214,-936535400,316428,0,0,9999,98281,512,13614
$$HAR,18:18:18,420282214,-936535400,316428,0,0,9999,98281,514,13614
$$HAR,18:18:21,420282214,-936535400,316428,0,0,9999,98283,516,13615
$$HAR,18:18:24,420282214,-936535400,316428,0,0,9999,98283,518,13611
$$HAR,18:18:27,420282214,-936535400,316428,0,0,9999,98281,520,13616
$$HAR,18:18:30,420282214,-936535400,316428,0,0,9999,98281,522,13616
$$HAR,18:18:33,420282214,-936535400,316428,0,0,9999,98281,524,13622
$$HAR,18:18:36,420282214,-936535400,316428,0,0,9999,98279,526,13619
$$HAR,18:18:39,420282214,-936535400,316428,0,0,9999,98281,528,13624
$$HAR,18:18:42,420282214,-936535400,316428,0,0,9999,98283,530,13619
$$HAR,18:18:45,420282214,-936535400,316428,0,0,9999,98281,532,13625
$$HAR,18:18:48,420282214,-936535400,316428,0,0,9999,98279,534,13625
$$HAR,18:18:51,420282214,-936535400,316428,0,0,9999,98279,536,13631
$$HAR,18:18:54,420282214,-936535400,316428,0,0,9999,98279,538,13627
$$HAR,18:18:57,420282214,-936535400,316428,0,0,9999,98277,540,13634
$$HAR,18:19:00,420282214,-936535400,316428,0,0,9999,98275,542,13634
$$HAR,18:19:03,420282214,-936535400,316428,0,0,9999,98275,544,13634
$$HAR,18:19:06,420282214,-936535400,316428,0,0,9999,98275,546,13635
$$HAR,18:19:09,420282214,-936535400,316428,0,0,9999,98277,548,13635
$$HAR,18:19:12,420282214,-936535400,316428,0,0,9999,98281,550,13636
$$HAR,18:19:15,420282214,-936535400,316428,0,0,9999,98279,552,13641
$$HAR,18:19:18,420282214,-936535400,316428,0,0,9999,98277,554,13637
$$HAR,18:19:21,420282214,-936535400,316428,0,0,9999,98277,556,13642
$$HAR,18:19:24,420282214,-936535400,316428,0,0,9999,98277,558,13644
$$HAR,18:19:27,420282214,-936535400,316428,0,0,9999,98275,560,13649
$$HAR,18:19:30,420282214,-936535400,316428,0,0,9999,98275,562,13643
$$HAR,18:19:33,420282214,-936535400,316428,0,0,9999,98277,564,13639
$$HAR,18:19:36,420282214,-936535400,316428,0,0,9999,98275,566,13649
$$HAR,18:19:39,420282214,-936535400,316428,0,0,9999,98279,568,13652
$$HAR,18:19:42,420282214,-936535400,316428,0,0,9999,98279,570,13652
$$HAR,18:19:45,420282214,-936535400,316428,0,0,9999,98277,572,13653
$$HAR,18:19:48,420282214,-936535400,316428,0,0,9999,98279,574,13654
$$HAR,18:19:51,420282214,-936535400,316428,0,0,9999,98279,576,13655
$$HAR,18:19:54,420282214,-936535400,316428,0,0,9999,98279,578,13655
$$HAR,18:19:57,420282214,-936535400,316428,0,0,9999,98279,580,13660
$$HAR,18:20:00,420282214,-936535400,316428,0,0,9999,98279,582,13651
$$HAR,18:20:03,420282214,-936535400,316428,0,0,9999,98277,584,13656
$$HAR,18:20:06,420282214,-936535400,316428,0,0,9999,98277,586,13662
$$HAR,18:20:09,420282214,-936535400,316428,0,0,9999,98279,588,13658
$$HAR,18:20:12,420282214,-936535400,316428,0,0,9999,98279,589,13659
$$HAR,18:20:15,420282214,-936535400,316428,0,0,9999,98279,591,13664
$$HAR,18:20:18,420282214,-936535400,316428,0,0,9999,98281,593,13668
$$HAR,18:20:21,420282214,-936535400,316428,0,0,9999,98279,595,13670
$$HAR,18:20:24,420282214,-936535400,316428,0,0,9999,98281,596,13666
$$HAR,18:20:27,420282214,-936535400,316428,0,0,9999,98279,598,13671
$$HAR,18:20:30,420282214,-936535400,316428,0,0,9999,98281,600,13677
$$HAR,18:20:33,420282214,-936535400,316428,0,0,9999,98279,602,13673
$$HAR,18:20:36,420282214,-936535400,316428,0,0,9999,98279,604,13673
$$HAR,18:20:39,420282214,-936535400,316428,0,0,9999,98277,605,13674
$$HAR,18:20:42,420282214,-936535400,316428,0,0,9999,98281,607,13680
$$HAR,18:20:45,420282214,-936535400,316428,0,0,9999,98279,609,13675
$$HAR,18:20:48,420282214,-936535400,316428,0,0,9999,98279,611,13679
$$HAR,18:20:51,420282214,-936535400,316428,0,0,9999,98279,613,13680
$$HAR,18:20:54,420282214,-936535400,316428,0,0,9999,98279,615,13681
$$HAR,18:20:57,420282214,-936535400,316428,0,0,9999,98279,617,13682
$$HAR,18:21:00,420282214,-936535400,316428,0,0,9999,98279,618,13683
$$HAR,18:21:03,420282214,-936535400,316428,0,0,9999,98279,620,13690
$$HAR,18:21:06,420282214,-936535400,316428,0,0,9999,98281,622,13690
$$HAR,18:21:09,420282214,-936535400,316428,0,0,9999,98281,623,13686
$$HAR,18:21:12,420282214,-936535400,316428,0,0,9999,98285,625,13690
$$HAR,18:21:15,420282214,-936535400,316428,0,0,9999,98283,627,13695
$$HAR,18:21:18,420282214,-936535400,316428,0,0,9999,98285,629,13696
$$HAR,18:21:21,420282214,-936535400,316428,0,0,9999,98285,631,13696
$$HAR,18:21:24,420282214,-936535400,316428,0,0,9999,98285,633,13697
$$HAR,18:21:27,420282214,-936535400,316428,0,0,9999,98285,634,13703
$$HAR,18:21:30,420282214,-936535400,316428,0,0,9999,98285,636,13704
$$HAR,18:21:33,420282214,-936535400,316428,0,0,9999,98285,638,13705
$$HAR,18:21:36,420282214,-936535400,316428,0,0,9999,98283,640,13705
$$HAR,18:21:39,420282214,-936535400,316428,0,0,9999,98277,641,13704
$$HAR,18:21:42,420282214,-936535400,316428,0,0,9999,98277,643,13706
$$HAR,18:21:45,420282214,-936535400,316428,0,0,9999,98279,645,13707
$$HAR,18:21:48,420282214,-936535400,316428,0,0,9999,98279,646,13716
$$HAR,18:21:51,420282214,-936535400,316428,0,0,9999,98279,648,13717
$$HAR,18:21:54,420282214,-936535400,316428,0,0,9999,98277,650,13718
$$HAR,18:21:57,420282214,-936535400,316428,0,0,9999,98277,651,13718
$$HAR,18:22:00,420282214,-936535400,316428,0,0,9999,98275,653,13715
$$HAR,18:22:03,420282214,-936535400,316428,0,0,9999,98273,655,13725
$$HAR,18:22:06,420282214,-936535400,316428,0,0,9999,98271,656,13725
$$HAR,18:22:09,420282214,-936535400,316428,0,0,9999,98273,658,13725
$$HAR,18:22:12,420282214,-936535400,316428,0,0,9999,98273,660,13726
$$HAR,18:22:15,420282214,-936535400,316428,0,0,9999,98273,662,13726
$$HAR,18:22:18,420282214,-936535400,316428,0,0,9999,98275,664,13732
$$HAR,18:22:21,420282214,-936535400,316428,0,0,9999,98275,666,13728
$$HAR,18:22:24,420282214,-936535400,316428,0,0,9999,98275,667,13733
$$HAR,18:22:27,415854424,-919704050,264668,0,0,9999,98275,669,13734
$$HAR,18:22:30,415835822,-919675230,-236501,0,0,9999,98277,671,13735
$$HAR,18:22:33,415835208,-919674836,-241380,0,0,9999,98275,673,13740
$$HAR,18:22:36,415781334,-919695491,-43323,0,0,9999,98275,675,13741
$$HAR,18:22:39,415781967,-919695478,-39196,0,0,9999,98275,676,13741
$$HAR,18:22:42,415781196,-919695326,297,0,0,9999,98275,678,13742
$$HAR,18:22:45,415781411,-919695307,-2172,0,0,9999,98275,680,13743
$$HAR,18:22:48,415795128,-919681670,-175707,0,0,9999,98279,682,13743
$$HAR,18:22:51,415794956,-919681873,-177146,0,0,9999,98281,683,13744
$$HAR,18:22:54,415802069,-919709970,-249889,0,0,9999,98281,685,13745
$$HAR,18:22:57,415802034,-919710150,-250108,0,0,9999,98281,687,13750
$$HAR,18:23:00,415850644,-919701366,15024,0,0,9999,98277,689,13750
$$HAR,18:23:03,415850625,-919701385,14283,0,0,9999,98277,690,13750
$$HAR,18:23:06,415732369,-919717218,516132,0,0,9999,98277,693,13755
$$HAR,18:23:09,415728281,-919711725,117493,0,0,9999,98277,694,13757
$$HAR,18:23:12,415728510,-919711781,117371,0,0,9999,98277,696,13758
$$HAR,18:23:15,415728930,-919711757,113448,0,0,9999,98277,698,13754
$$HAR,18:23:18,415728957,-919711721,114810,0,0,9999,98275,699,13759
$$HAR,18:23:21,415738989,-919721504,265143,0,0,9999,98279,701,13765
$$HAR,18:23:24,415728479,-919711409,116279,0,0,9999,98277,703,13766
$$HAR,18:23:27,415728274,-919711399,117550,0,0,9999,98277,705,13766
$$HAR,18:23:30,415728066,-919711439,118347,0,0,9999,98277,706,13766
$$HAR,18:23:33,415728482,-919711174,112652,0,0,9999,98275,708,13762
$$HAR,18:23:36,415680097,-919795419,1253628,0,0,9999,98275,710,13772
$$HAR,18:23:39,415753616,-919733482,-356213,0,0,9999,98275,712,13772
$$HAR,18:23:42,415752318,-919732359,-335543,0,0,9999,98271,713,13768
$$HAR,18:23:45,415752193,-919732156,-331312,0,0,9999,98271,715,13774
$$HAR,18:23:48,415730477,-919712692,-75705,0,0,9999,98271,717,13775
$$HAR,18:23:51,415730744,-919712725,-73031,0,0,9999,98271,718,13772
$$HAR,18:23:54,415706686,-919690145,-146580,0,0,9999,98273,720,13777
$$HAR,18:23:57,415706696,-919690291,-144067,0,0,9999,98273,722,13776
$$HAR,18:24:00,415706743,-919690500,-142638,0,0,9999,98273,724,13777
$$HAR,18:24:03,415712068,-919695165,-198035,0,0,9999,98273,725,13778
$$HAR,18:24:06,415706639,-919690126,-145188,0,0,9999,98275,727,13779
$$HAR,18:24:09,415706449,-919690142,-142694,0,0,9999,98275,729,13784
$$HAR,18:24:12,415706408,-919690242,-144334,0,0,9999,98273,730,13784
$$HAR,18:24:15,415706530,-919690076,-158254,0,0,9999,98273,732,13780
$$HAR,18:24:18,415706665,-919690328,-143781,0,0,9999,98273,734,13786
$$HAR,18:24:21,415706646,-919690202,-156125,0,0,9999,98273,735,13786
$$HAR,18:24:24,415749246,-919728918,-503472,0,0,9999,98273,737,13781
$$HAR,18:24:27,415748618,-919727804,-602909,0,0,9999,98277,738,13782
$$HAR,18:24:30,415748978,-919727957,-598464,0,0,9999,98277,740,13784
$$HAR,18:24:33,415748922,-919727829,-602286,0,0,9999,98273,742,13788
$$HAR,18:24:36,415748423,-919711173,-640518,0,0,9999,98275,744,13789
$$HAR,18:24:39,415748548,-919711298,-637719,0,0,9999,98273,745,13790
$$HAR,18:24:42,415749300,-919728091,-582025,0,0,9999,98273,747,13791
$$HAR,18:24:45,415749610,-919728149,-578533,0,0,9999,98273,748,13791
$$HAR,18:24:48,415708104,-919691017,-144237,0,0,9999,98273,750,13797
$$HAR,18:24:51,415707598,-919691033,-139694,0,0,9999,98275,752,13793
$$HAR,18:24:54,415716087,-919665123,-510721,0,0,9999,98271,753,13791
$$HAR,18:24:57,415712070,-919763932,530260,0,0,9999,98271,755,13792
$$HAR,18:25:00,415720725,-919708312,1200763,0,0,9999,98271,757,13798
$$HAR,18:25:02,415720906,-919708509,1204717,0,0,9999,98273,759,13799
$$HAR,18:25:05,415720518,-919707827,1185957,0,0,9999,98275,761,13801
$$HAR,18:25:08,415720415,-919707872,1185236,0,0,9999,98271,763,13797
$$HAR,18:25:11,415718065,-919705873,1244707,0,0,9999,98273,764,13802
$$HAR,18:25:14,415758022,-919739625,254148,0,825,1094,98273,765,13794
$$HAR,18:25:17,415758276,-919739750,258260,0,821,1091,98273,767,13799
$$HAR,18:25:20,415758434,-919739669,259994,0,805,1088,98269,768,13803
$$HAR,18:25:23,415758653,-919739444,262814,0,872,9999,98269,770,13803
$$HAR,18:25:26,415758875,-919739339,266292,0,872,9999,98269,771,13803
$$HAR,18:25:29,415759096,-919739233,269771,0,872,9999,98269,773,13809
$$HAR,18:25:32,415759318,-919739128,273249,0,872,9999,98271,774,13805
$$HAR,18:25:35,415759392,-919739093,274408,0,0,9999,98269,776,13811
$$HAR,18:25:38,415759392,-919739093,274408,0,0,9999,98273,777,13806
$$HAR,18:25:41,415759392,-919739093,274408,0,0,9999,98273,779,13812
$$HAR,18:25:44,415759392,-919739093,274408,0,0,9999,98273,781,13813
$$HAR,18:25:47,415759392,-919739093,274408,0,0,9999,98273,782,13813
$$HAR,18:25:50,415753929,-919742320,283821,0,334,899,98269,784,13814
$$HAR,18:25:53,415753877,-919742280,282877,0,467,901,98269,785,13819
$$HAR,18:25:56,415753962,-919742104,283310,0,268,902,98269,787,13815
$$HAR,18:25:59,415753942,-919742271,284168,0,179,904,98269,788,13820
$$HAR,18:26:02,415753909,-919742196,283662,0,299,905,98271,790,13820
$$HAR,18:26:05,415753984,-919742359,288061,0,104,906,98267,791,13820
$$HAR,18:26:08,415753916,-919742448,289051,0,141,908,98267,793,13821
$$HAR,18:26:11,415753782,-919742621,289379,0,211,909,98267,794,13822
$$HAR,18:26:14,415753384,-919743117,291209,0,152,576,98269,796,13823
$$HAR,18:26:17,415753410,-919743046,291560,0,149,576,98269,797,13828
$$HAR,18:26:20,415753358,-919742917,292342,0,210,577,98267,799,13829
$$HAR,18:26:23,415753272,-919742670,293926,0,278,737,98267,800,13830
$$HAR,18:26:26,415753198,-919742655,294331,0,278,9999,98267,802,13829
$$HAR,18:26:29,415753123,-919742640,294735,0,278,9999,98267,803,13830
$$HAR,18:26:32,415753049,-919742625,295140,0,278,9999,98267,805,13831
$$HAR,18:26:35,415757592,-919739349,255196,0,556,574,98267,806,13831
$$HAR,18:26:38,415757701,-919739484,259264,0,128,580,98267,808,13837
$$HAR,18:26:41,415757671,-919739532,256478,0,314,575,98267,809,13833
$$HAR,18:26:44,415757640,-919739628,256755,0,58,218,98267,811,13837
$$HAR,18:26:47,415757605,-919739600,255638,0,316,218,98267,812,13837
$$HAR,18:26:50,415757620,-919739596,256228,0,200,218,98267,814,13838
$$HAR,18:26:53,415757612,-919739575,256984,0,146,438,98269,815,13838
$$HAR,18:26:56,415757580,-919739612,257617,0,123,218,98269,817,13842
$$HAR,18:26:59,415757634,-919739639,258358,0,16,218,98271,818,13834
$$HAR,18:27:02,415757699,-919739648,258800,0,55,218,98269,819,13839
$$HAR,18:27:05,415757766,-919739647,258859,0,59,217,98269,821,13845
$$HAR,18:27:08,415757863,-919739640,258893,0,154,217,98269,822,13841
$$HAR,18:27:11,415757871,-919739610,257573,0,218,217,98271,824,13846
$$HAR,18:27:14,415757773,-919739577,255275,0,159,217,98269,825,13847
$$HAR,18:27:17,415757856,-919739558,255450,0,218,217,98269,827,13848
$$HAR,18:27:20,415757889,-919739532,254718,0,116,217,98269,828,13848
$$HAR,18:27:23,415757912,-919739511,254026,0,131,217,98267,829,13854
$$HAR,18:27:26,415757979,-919739523,253936,0,160,217,98267,831,13854
$$HAR,18:27:29,415757957,-919739530,253424,0,51,217,98267,832,13850
$$HAR,18:27:32,415757998,-919739558,253319,0,112,217,98269,834,13854
$$HAR,18:27:35,415757962,-919739574,252530,0,138,217,98271,835,13854
$$HAR,18:27:38,415757917,-919739562,251601,0,143,217,98269,837,13855
$$HAR,18:27:41,415757924,-919739592,251933,0,109,217,98269,838,13856
$$HAR,18:27:44,415757982,-919739616,252532,0,121,217,98271,840,13862
$$HAR,18:27:47,415758028,-919739643,252918,0,269,228,98269,841,13862
$$HAR,18:27:50,415758073,-919739657,253261,0,230,228,98267,843,13863
$$HAR,18:27:53,415758115,-919739677,253358,0,147,228,98267,844,13868
$$HAR,18:27:56,415758044,-919739674,252737,0,56,217,98267,846,13864
$$HAR,18:27:59,415757999,-919739675,252074,0,39,217,98267,847,13865
$$HAR,18:28:02,415757985,-919739685,251611,0,126,217,98265,848,13870
$$HAR,18:28:05,415757884,-919739688,249846,0,36,216,98263,850,13870
$$HAR,18:28:08,415757888,-919739695,249432,0,85,216,98263,851,13870
$$HAR,18:28:11,415757919,-919739726,249795,0,90,216,98265,853,13870
$$HAR,18:28:14,415757952,-919739744,249818,0,59,216,98265,854,13866
$$HAR,18:28:17,415758009,-919739792,250732,0,95,216,98263,856,13872
$$HAR,18:28:20,415757927,-919739789,249323,0,96,203,98265,857,13872
$$HAR,18:28:23,415757928,-919739793,249023,0,20,203,98263,858,13873
$$HAR,18:28:26,415757903,-919739785,248388,0,30,203,98265,860,13875
$$HAR,18:28:29,415757876,-919739774,247753,0,101,203,98263,861,13875
$$HAR,18:28:32,415757871,-919739775,247510,0,37,203,98263,862,13875
$$HAR,18:28:35,415757862,-919739802,247665,0,56,203,98263,864,13876
$$HAR,18:28:38,415757838,-919739792,247108,0,87,203,98261,866,13875
$$HAR,18:28:41,415757828,-919739779,246912,0,35,203,98263,867,13876
$$HAR,18:28:44,415757815,-919739781,246942,0,70,203,98263,868,13876
$$HAR,18:28:47,415757837,-919739792,247018,0,102,203,98263,870,13882
$$HAR,18:28:50,415757834,-919739771,246497,0,59,203,98261,871,13882
$$HAR,18:28:53,415757819,-919739767,246286,0,73,210,98263,873,13883
$$HAR,18:28:56,415757805,-919739762,245594,0,20,210,98263,874,13884
$$HAR,18:28:59,415757820,-919739745,244922,0,68,210,98265,876,13884
$$HAR,18:29:02,415757805,-919739744,244515,0,38,210,98265,877,13884
$$HAR,18:29:05,415757841,-919739756,244522,0,208,203,98263,878,13886
$$HAR,18:29:08,415757858,-919739748,244068,0,25,203,98263,880,13887
$$HAR,18:29:11,415757864,-919739745,243771,0,187,203,98263,881,13886
$$HAR,18:29:14,415757869,-919739771,243733,0,22,203,98263,883,13887
$$HAR,18:29:17,415757873,-919739766,243955,0,25,203,98263,884,13891
$$HAR,18:29:20,415757864,-919739767,243918,0,44,203,98265,886,13888
$$HAR,18:29:23,415757849,-919739753,244115,0,52,203,98265,887,13889
$$HAR,18:29:26,415757857,-919739700,242437,0,59,166,98263,888,13889
$$HAR,18:29:29,415757845,-919739680,240870,0,160,166,98263,890,13890
$$HAR,18:29:32,415757829,-919739649,239462,0,53,166,98267,891,13890
$$HAR,18:29:35,415757825,-919739623,238576,0,102,166,98269,893,13895
$$HAR,18:29:38,415757809,-919739618,237707,0,67,166,98267,894,13896
$$HAR,18:29:41,415757809,-919739616,237031,0,85,166,98267,895,13897
$$HAR,18:29:44,415757803,-919739593,236293,0,58,166,98269,897,13892
$$HAR,18:29:47,415757810,-919739572,235745,0,60,166,98267,898,13902
$$HAR,18:29:50,415757791,-919739531,234817,0,39,166,98265,899,13893
$$HAR,18:29:53,415757799,-919739538,234660,0,43,166,98265,901,13898
$$HAR,18:29:56,415757781,-919739511,233833,0,19,166,98265,902,13898
$$HAR,18:29:59,415757756,-919739513,233496,0,46,166,98265,903,13899
$$HAR,18:30:02,415757742,-919739526,233629,0,96,166,98265,904,13899
$$HAR,18:30:05,415757727,-919739520,233285,0,48,166,98265,906,13905
$$HAR,18:30:08,415757701,-919739494,232674,0,87,166,98263,907,13906
$$HAR,18:30:11,415757699,-919739492,232201,0,61,166,98265,909,13902
$$HAR,18:30:14,415757715,-919739514,232048,0,58,166,98269,910,13902
$$HAR,18:30:17,415757725,-919739537,232293,0,117,177,98269,911,13907
$$HAR,18:30:20,415757717,-919739523,232184,0,18,177,98265,913,13902
$$HAR,18:30:23,415757696,-919739503,231907,0,50,177,98267,914,13912
$$HAR,18:30:26,415757726,-919739537,232381,0,242,166,98267,915,13908
$$HAR,18:30:29,415757735,-919739568,232832,0,132,166,98265,916,13909
$$HAR,18:30:32,415757692,-919739589,232512,0,73,179,98265,918,13910
$$HAR,18:30:35,415757685,-919739619,232957,0,78,179,98265,919,13910
$$HAR,18:30:38,415757665,-919739594,232421,0,51,179,98263,920,13906
$$HAR,18:30:41,415757626,-919739549,231453,0,124,166,98263,922,13911
$$HAR,18:30:44,415757624,-919739522,231212,0,185,179,98263,924,13912
$$HAR,18:30:47,415757619,-919739532,230672,0,93,179,98263,925,13913
$$HAR,18:30:50,415757679,-919739503,230406,0,544,166,98261,926,13913
$$HAR,18:30:53,415757610,-919739431,229202,0,92,166,98261,928,13909
$$HAR,18:30:56,415757573,-919739451,229733,0,40,166,98263,929,13913
$$HAR,18:30:59,415757541,-919739439,229728,0,52,166,98261,930,13910
$$HAR,18:31:02,415757530,-919739417,229759,0,67,166,98261,932,13915
$$HAR,18:31:05,415757506,-919739402,229773,0,32,166,98263,933,13910
$$HAR,18:31:08,415757494,-919739398,229659,0,48,166,98263,934,13911
$$HAR,18:31:11,415757483,-919739416,229615,0,24,166,98261,936,13916
$$HAR,18:31:14,415757478,-919739392,229713,0,34,166,98261,937,13912
$$HAR,18:31:17,415757476,-919739384,229808,0,79,203,98263,938,13918
$$HAR,18:31:20,415757482,-919739399,230113,0,32,203,98263,940,13919
$$HAR,18:31:23,415757465,-919739379,229755,0,54,203,98263,941,13919
$$HAR,18:31:26,415757454,-919739345,229326,0,167,166,98263,942,13914
$$HAR,18:31:29,415757443,-919739345,229480,0,103,166,98263,944,13915
$$HAR,18:31:32,415757441,-919739351,229874,0,54,166,98265,945,13919
$$HAR,18:31:35,415757432,-919739340,229796,0,69,166,98267,946,13914
$$HAR,18:31:38,415757432,-919739342,229886,0,26,166,98269,948,13920
$$HAR,18:31:41,415757429,-919739347,229720,0,63,166,98265,949,13922
$$HAR,18:31:44,415757426,-919739334,229496,0,16,166,98265,950,13922
$$HAR,18:31:47,415757445,-919739315,229554,0,63,166,98267,952,13923
$$HAR,18:31:50,415757446,-919739301,229242,0,45,166,98265,953,13927
$$HAR,18:31:53,415757450,-919739292,229217,0,122,166,98265,955,13924
$$HAR,18:31:56,415757458,-919739287,229339,0,19,166,98265,957,13924
$$HAR,18:31:59,415757467,-919739261,229195,0,98,166,98265,958,13921
$$HAR,18:32:02,415757472,-919739248,228906,0,21,166,98267,959,13926
$$HAR,18:32:05,415757471,-919739233,228846,0,132,166,98265,961,13930
$$HAR,18:32:08,415757475,-919739243,228722,0,79,166,98267,962,13925
$$HAR,18:32:11,415757486,-919739287,229150,0,74,166,98267,963,13926
$$HAR,18:32:14,415757490,-919739299,229017,0,125,166,98267,965,13928
$$HAR,18:32:17,415757501,-919739318,228903,0,68,166,98271,966,13932
$$HAR,18:32:20,415757515,-919739345,229139,0,70,166,98271,967,13929
$$HAR,18:32:23,415757518,-919739320,229186,0,20,166,98271,969,13930
$$HAR,18:32:26,415757512,-919739337,229416,0,132,166,98267,970,13930
$$HAR,18:32:29,415757508,-919739355,229712,0,52,166,98269,971,13934
$$HAR,18:32:32,415757495,-919739348,229678,0,50,166,98269,973,13935
$$HAR,18:32:35,415757486,-919739358,229815,0,28,166,98265,974,13931
$$HAR,18:32:38,415757472,-919739360,229357,0,28,166,98267,975,13936
$$HAR,18:32:41,415757466,-919739352,229070,0,40,166,98267,976,13932
$$HAR,18:32:44,415757473,-919739367,229019,0,60,166,98265,978,13937
$$HAR,18:32:47,415757473,-919739370,228938,0,116,166,98265,979,13937
$$HAR,18:32:50,415757489,-919739386,229047,0,62,179,98265,980,13938
$$HAR,18:32:53,415757499,-919739380,228801,0,122,179,98261,982,13938
$$HAR,18:32:56,415757529,-919739393,228928,0,29,179,98263,983,13939
$$HAR,18:32:59,415757533,-919739367,228376,0,82,166,98269,984,13939
$$HAR,18:33:02,415757551,-919739360,228383,0,46,166,98267,986,13940
$$HAR,18:33:05,415757561,-919739356,228364,0,31,166,98267,987,13937
$$HAR,18:33:08,415757555,-919739370,228584,0,62,166,98267,988,13946
$$HAR,18:33:11,415757547,-919739376,228547,0,55,166,98265,990,13942
$$HAR,18:33:14,415757568,-919739403,228601,0,17,166,98263,991,13942
$$HAR,18:33:17,415757575,-919739418,228746,0,119,166,98265,992,13943
$$HAR,18:33:20,415757582,-919739402,228675,0,56,166,98263,993,13937
$$HAR,18:33:23,415757589,-919739409,228690,0,5,166,98263,994,13942
$$HAR,18:33:26,415757588,-919739396,228476,0,47,166,98263,996,13943
$$HAR,18:33:29,415757585,-919739394,228225,0,27,166,98261,997,13945
$$HAR,18:33:32,415757565,-919739359,227633,0,31,166,98261,998,13950
$$HAR,18:33:35,415757552,-919739333,227128,0,43,166,98261,1000,13951
$$HAR,18:33:38,415757560,-919739370,227301,0,39,166,98259,1001,13951
$$HAR,18:33:41,415757569,-919739372,227250,0,44,166,98259,1002,13951
$$HAR,18:33:44,415757562,-919739359,226974,0,33,166,98263,1004,13952
$$HAR,18:33:47,415757578,-919739363,227220,0,38,166,98265,1005,13952
$$HAR,18:33:50,415757552,-919739363,227041,0,52,166,98263,1006,13952
$$HAR,18:33:53,415757542,-919739356,226859,0,74,166,98263,1007,13954
$$HAR,18:33:56,415757551,-919739332,226684,0,168,166,98263,1009,13953
$$HAR,18:33:59,415757544,-919739309,226354,0,90,166,98261,1010,13958
$$HAR,18:34:02,415757549,-919739323,226509,0,87,166,98263,1012,13954
$$HAR,18:34:05,415757547,-919739323,226446,0,54,166,98263,1013,13959
$$HAR,18:34:08,415757538,-919739323,226379,0,104,166,98263,1014,13960
$$HAR,18:34:11,415757537,-919739336,226104,0,28,166,98261,1016,13957
$$HAR,18:34:14,415757539,-919739346,226044,0,93,166,98261,1017,13957
$$HAR,18:34:17,415757541,-919739338,226059,0,60,166,98263,1019,13958
$$HAR,18:34:20,415757541,-919739331,226072,0,27,166,98261,1020,13954
$$HAR,18:34:23,415757553,-919739317,226200,0,33,166,98263,1021,13963
$$HAR,18:34:26,415757568,-919739309,226355,0,31,166,98267,1023,13959
$$HAR,18:34:29,415757565,-919739296,226552,0,78,166,98265,1024,13955
$$HAR,18:34:32,415757558,-919739301,226520,0,43,166,98265,1025,13959
$$HAR,18:34:35,415757561,-919739327,226732,0,36,166,98265,1026,13959
$$HAR,18:34:38,415757571,-919739351,226909,0,44,166,98263,1028,13956
$$HAR,18:34:41,415757573,-919739379,227225,0,44,166,98263,1029,13961
$$HAR,18:34:44,415757576,-919739395,227666,0,75,166,98265,1030,13962
$$HAR,18:34:47,415757578,-919739397,227562,0,49,166,98263,1031,13962
$$HAR,18:34:50,415757583,-919739417,227599,0,24,166,98263,1033,13958
$$HAR,18:34:53,415757575,-919739428,227919,0,48,166,98263,1034,13963
$$HAR,18:34:56,415757552,-919739407,227893,0,100,178,98259,1035,13963
$$HAR,18:34:59,415757547,-919739414,228078,0,52,178,98261,1036,13960
$$HAR,18:35:02,415757538,-919739407,227981,0,89,179,98261,1038,13961
$$HAR,18:35:05,415757499,-919739392,227243,0,34,166,98259,1039,13966
$$HAR,18:35:08,415757483,-919739374,226788,0,47,166,98261,1040,13967
$$HAR,18:35:11,415757504,-919739374,227061,0,16,166,98263,1041,13960
$$HAR,18:35:14,415757504,-919739357,227106,0,50,166,98261,1043,13966
$$HAR,18:35:17,415757507,-919739334,227071,0,60,166,98261,1044,13961
$$HAR,18:35:20,415757536,-919739346,227303,0,32,178,98259,1045,13968
$$HAR,18:35:23,415757542,-919739357,227489,0,61,178,98259,1046,13963
$$HAR,18:35:26,415757552,-919739393,228187,0,142,178,98259,1047,13964
$$HAR,18:35:29,415757560,-919739414,228215,0,128,178,98257,1048,13969
$$HAR,18:35:32,415757560,-919739381,228080,0,68,166,98259,1050,13970
$$HAR,18:35:35,415757547,-919739346,227720,0,105,166,98261,1051,13965
$$HAR,18:35:38,415757543,-919739348,227894,0,90,166,98259,1052,13970
$$HAR,18:35:41,415757540,-919739339,227843,0,44,166,98259,1053,13970
$$HAR,18:35:44,415757550,-919739326,227750,0,64,166,98257,1054,13976
$$HAR,18:35:47,415757551,-919739303,227315,0,15,178,98259,1055,13967
$$HAR,18:35:50,415757552,-919739305,227427,0,99,178,98257,1056,13978
$$HAR,18:35:53,415757559,-919739288,227026,0,59,178,98257,1058,13972
$$HAR,18:35:56,415757575,-919739257,226495,0,33,178,98257,1059,13972
$$HAR,18:35:59,415757588,-919739248,226169,0,31,166,98255,1060,13979
$$HAR,18:36:02,415757569,-919739224,225863,0,41,166,98259,1061,13974
$$HAR,18:36:05,415757552,-919739203,225698,0,104,166,98255,1062,13974
$$HAR,18:36:08,415757555,-919739231,225541,0,188,166,98255,1063,13974
$$HAR,18:36:11,415757552,-919739234,225424,0,32,166,98257,1065,13975
$$HAR,18:36:14,415757554,-919739250,225627,0,21,178,98255,1066,13970
$$HAR,18:36:17,415757557,-919739268,225361,0,94,178,98255,1067,13975
$$HAR,18:36:20,415757534,-919739256,224659,0,152,191,98257,1068,13975
$$HAR,18:36:23,415757529,-919739279,224754,0,158,179,98253,1069,13977
$$HAR,18:36:26,415757539,-919739275,224672,0,253,179,98255,1071,13981
$$HAR,18:36:29,415757560,-919739264,224907,0,60,166,98253,1072,13978
$$HAR,18:36:32,415757566,-919739245,224685,0,167,166,98255,1073,13976
$$HAR,18:36:35,415757598,-919739235,224894,0,41,166,98255,1074,13972
$$HAR,18:36:38,415757604,-919739221,224969,0,93,166,98255,1075,13978
$$HAR,18:36:41,415757610,-919739205,224786,0,18,178,98257,1076,13983
$$HAR,18:36:44,415757630,-919739221,225740,0,64,178,98255,1077,13979
$$HAR,18:36:47,415757637,-919739230,225737,0,73,178,98257,1078,13980
$$HAR,18:36:50,415757649,-919739241,225900,0,26,178,98261,1080,13981
$$HAR,18:36:53,415757658,-919739252,226229,0,36,166,98259,1081,13981
$$HAR,18:36:56,415757657,-919739251,226221,0,50,166,98259,1082,13981
$$HAR,18:36:59,415757661,-919739268,226125,0,37,166,98261,1083,13986
$$HAR,18:37:02,415757657,-919739267,225898,0,55,178,98259,1084,13981
$$HAR,18:37:05,415757667,-919739274,225954,0,52,178,98261,1086,13982
$$HAR,18:37:08,415757661,-919739270,225455,0,129,178,98259,1087,13983
$$HAR,18:37:11,415757668,-919739282,225677,0,33,178,98261,1088,13988
$$HAR,18:37:14,415757662,-919739280,225245,0,155,178,98261,1089,13988
$$HAR,18:37:17,415757659,-919739302,225479,0,88,166,98259,1090,13989
$$HAR,18:37:20,415757650,-919739299,225113,0,115,166,98259,1091,13989
$$HAR,18:37:23,415757665,-919739303,225346,0,81,178,98257,1093,13985
$$HAR,18:37:26,415757666,-919739318,225665,0,28,178,98259,1094,13986
$$HAR,18:37:29,415757651,-919739314,225560,0,88,178,98259,1095,13981
$$HAR,18:37:32,415757635,-919739244,224649,0,17,166,98257,1096,13986
$$HAR,18:37:35,415757609,-919739206,223737,0,47,166,98257,1098,13988
$$HAR,18:37:38,415757590,-919739181,223325,0,127,166,98257,1099,13988
$$HAR,18:37:41,415757579,-919739159,223355,0,91,166,98259,1100,13989
$$HAR,18:37:44,415757570,-919739155,223469,0,4,166,98261,1101,13989
$$HAR,18:37:47,415757559,-919739145,223364,0,97,166,98259,1102,13989
$$HAR,18:37:50,415757552,-919739128,223190,0,112,166,98259,1103,13989
$$HAR,18:37:53,415757555,-919739113,222917,0,90,166,98257,1104,13989
$$HAR,18:37:56,415757551,-919739118,222985,0,93,166,98257,1106,13989
$$HAR,18:37:59,415757533,-919739116,222879,0,79,166,98257,1107,13991
$$HAR,18:38:02,415757527,-919739114,222990,0,76,166,98255,1108,13991
$$HAR,18:38:05,415757521,-919739134,223573,0,69,166,98255,1109,13997
$$HAR,18:38:08,415757516,-919739120,223088,0,16,166,98253,1110,13997
$$HAR,18:38:11,415757507,-919739098,223002,0,21,166,98255,1111,13992
$$HAR,18:38:14,415757500,-919739093,222960,0,39,166,98257,1112,13993
$$HAR,18:38:17,415757500,-919739085,222961,0,44,166,98255,1113,13997
$$HAR,18:38:20,415757514,-919739091,223282,0,71,166,98255,1114,13993
$$HAR,18:38:23,415757516,-919739111,223601,0,85,166,98253,1116,13999
$$HAR,18:38:26,415757514,-919739114,223996,0,23,165,98255,1117,13999
$$HAR,18:38:29,415757499,-919739106,223751,0,67,165,98253,1118,13996
$$HAR,18:38:32,415757496,-919739118,223679,0,45,165,98255,1119,13996
$$HAR,18:38:35,415757483,-919739125,223340,0,28,165,98255,1120,13997
$$HAR,18:38:38,415757465,-919739141,223285,0,5,165,98253,1121,14000
$$HAR,18:38:41,415757453,-919739137,223284,0,137,165,98253,1122,13996
$$HAR,18:38:44,415757464,-919739165,223886,0,91,165,98255,1123,13997
$$HAR,18:38:47,415757479,-919739175,224289,0,34,165,98255,1125,13997
$$HAR,18:38:50,415757486,-919739179,224684,0,68,165,98253,1126,14002
$$HAR,18:38:53,415757508,-919739172,224605,0,62,165,98253,1127,14008
$$HAR,18:38:56,415757509,-919739164,224639,0,43,165,98255,1128,13999
$$HAR,18:38:59,415757503,-919739159,224416,0,117,165,98253,1129,14009
$$HAR,18:39:02,415757501,-919739167,224219,0,188,165,98252,1130,14009
$$HAR,18:39:05,415757504,-919739196,224169,0,44,165,98253,1131,14009
$$HAR,18:39:08,415757492,-919739185,223859,0,41,165,98250,1133,14006
$$HAR,18:39:11,415757495,-919739174,223609,0,20,165,98252,1134,14007
$$HAR,18:39:14,415757486,-919739160,223361,0,141,165,98252,1135,14007
$$HAR,18:39:17,415757480,-919739165,223511,0,11,165,98252,1136,14008
$$HAR,18:39:20,415757493,-919739160,223538,0,29,165,98250,1137,14007
$$HAR,18:39:23,415757512,-919739147,223343,0,47,165,98253,1138,14012
$$HAR,18:39:26,415757517,-919739170,223520,0,68,165,98253,1139,14008
$$HAR,18:39:29,415757524,-919739194,223902,0,30,165,98252,1140,14008
$$HAR,18:39:32,415757516,-919739189,223771,0,17,165,98252,1141,14013
$$HAR,18:39:35,415757516,-919739197,224065,0,40,165,98250,1143,14014
$$HAR,18:39:38,415757522,-919739152,223820,0,81,165,98252,1144,14009
$$HAR,18:39:41,415757537,-919739171,224237,0,30,165,98253,1145,14014
$$HAR,18:39:44,415757543,-919739188,224396,0,28,165,98252,1146,14016
$$HAR,18:39:47,415757539,-919739196,224540,0,85,165,98252,1147,14012
$$HAR,18:39:50,415757536,-919739184,224256,0,43,165,98250,1148,14017
$$HAR,18:39:53,415757527,-919739209,224470,0,8,165,98252,1150,14018
$$HAR,18:39:56,415757536,-919739204,224884,0,77,165,98252,1151,14018
$$HAR,18:39:59,415757527,-919739194,224617,0,26,165,98250,1152,14018
$$HAR,18:40:02,415757527,-919739190,224877,0,183,165,98252,1153,14017
$$HAR,18:40:05,415757530,-919739203,225425,0,15,165,98250,1154,14013
$$HAR,18:40:08,415757527,-919739210,225720,0,57,165,98250,1155,14018
$$HAR,18:40:11,415757528,-919739209,225732,0,37,165,98248,1156,14014
$$HAR,18:40:14,415757525,-919739222,225632,0,76,165,98252,1157,14019
$$HAR,18:40:17,415757541,-919739240,225517,0,50,165,98250,1158,14025
$$HAR,18:40:20,415757536,-919739231,225515,0,16,165,98250,1159,14020
$$HAR,18:40:23,415757534,-919739216,225263,0,125,165,98252,1160,14021
$$HAR,18:40:26,415757530,-919739237,225734,0,101,177,98252,1161,14026
$$HAR,18:40:29,415757539,-919739260,225814,0,49,177,98252,1162,14021
$$HAR,18:40:32,415757534,-919739266,225708,0,80,165,98250,1163,14022
$$HAR,18:40:35,415757511,-919739242,224984,0,105,165,98252,1164,14027
$$HAR,18:40:38,415757492,-919739226,224389,0,65,165,98250,1166,14024
$$HAR,18:40:41,415757482,-919739245,224683,0,11,165,98252,1167,14024
$$HAR,18:40:44,415757478,-919739229,224186,0,82,165,98250,1168,14024
$$HAR,18:40:47,415757470,-919739227,224312,0,65,165,98252,1169,14024
$$HAR,18:40:50,415757480,-919739226,224488,0,69,165,98250,1170,14029
$$HAR,18:40:53,415757480,-919739233,224812,0,36,165,98252,1171,14024
$$HAR,18:40:56,415757485,-919739239,225265,0,81,165,98253,1172,14025
$$HAR,18:40:59,415757482,-919739239,225448,0,72,165,98253,1173,14025
$$HAR,18:41:02,415757487,-919739219,225661,0,74,165,98255,1174,14030
$$HAR,18:41:05,415757485,-919739208,225214,0,76,165,98252,1175,14027
$$HAR,18:41:08,415757484,-919739201,224874,0,108,165,98253,1175,14027
$$HAR,18:41:11,415757486,-919739219,225116,0,42,165,98252,1177,14023
$$HAR,18:41:14,415757493,-919739194,224938,0,71,165,98252,1178,14029
$$HAR,18:41:17,415757498,-919739198,224937,0,39,165,98250,1179,14033
$$HAR,18:41:20,415757496,-919739191,225270,0,16,165,98252,1180,14029
$$HAR,18:41:23,415757487,-919739206,225581,0,107,165,98250,1181,14029
$$HAR,18:41:26,415757471,-919739249,225970,0,159,181,98250,1182,14034
$$HAR,18:41:29,415757446,-919739237,226034,0,114,182,98248,1183,14030
$$HAR,18:41:32,415757440,-919739255,226440,0,64,165,98250,1184,14035
$$HAR,18:41:35,415757455,-919739275,227294,0,85,165,98248,1185,14035
$$HAR,18:41:38,415757451,-919739272,227719,0,31,165,98250,1186,14035
$$HAR,18:41:41,415757435,-919739268,227880,0,40,165,98248,1187,14036
$$HAR,18:41:44,415757446,-919739251,228241,0,27,165,98250,1188,14036
$$HAR,18:41:47,415757453,-919739269,228548,0,38,165,98252,1189,14042
$$HAR,18:41:50,415757449,-919739282,228671,0,78,165,98250,1190,14037
$$HAR,18:41:53,415757446,-919739270,227899,0,25,165,98250,1191,14037
$$HAR,18:41:56,415757456,-919739265,227587,0,119,165,98248,1192,14043
$$HAR,18:41:59,415757456,-919739235,227139,0,57,165,98250,1193,14033
$$HAR,18:42:02,415757447,-919739241,227191,0,27,165,98250,1194,14039
$$HAR,18:42:05,415757453,-919739254,227229,0,12,157,98253,1195,14044
$$HAR,18:42:08,415757465,-919739264,227496,0,39,157,98252,1196,14040
$$HAR,18:42:11,415757461,-919739273,227720,0,43,157,98252,1197,14036
$$HAR,18:42:14,415757470,-919739270,228092,0,69,157,98250,1198,14036
$$HAR,18:42:17,415757466,-919739271,228267,0,45,157,98252,1199,14036
$$HAR,18:42:20,415757473,-919739273,228111,0,75,157,98252,1200,14042
$$HAR,18:42:23,415757463,-919739273,227700,0,67,157,98252,1201,14037
$$HAR,18:42:26,415757463,-919739265,227684,0,138,157,98250,1202,14037
$$HAR,18:42:29,415757457,-919739253,227613,0,68,157,98252,1203,14042
$$HAR,18:42:32,415757458,-919739257,227985,0,31,157,98250,1204,14037
$$HAR,18:42:35,415757470,-919739265,228775,0,5,157,98250,1205,14043
$$HAR,18:42:38,415757494,-919739272,229028,0,72,157,98252,1206,14043
$$HAR,18:42:41,415757510,-919739292,229487,0,67,157,98250,1207,14040
$$HAR,18:42:44,415757501,-919739302,229744,0,23,157,98252,1208,14044
$$HAR,18:42:47,415757504,-919739307,230177,0,78,154,98250,1209,14045
$$HAR,18:42:50,415757495,-919739291,229952,0,35,154,98252,1211,14045
$$HAR,18:42:53,415757507,-919739281,229957,0,27,154,98252,1212,14051
$$HAR,18:42:56,415757512,-919739301,230405,0,41,154,98252,1213,14041
$$HAR,18:42:59,415757521,-919739321,230724,0,54,154,98252,1214,14042
$$HAR,18:43:02,415757526,-919739329,230418,0,51,154,98253,1215,14048
$$HAR,18:43:05,415757525,-919739326,230045,0,54,154,98253,1216,14049
$$HAR,18:43:08,415757521,-919739333,229729,0,106,167,98253,1217,14052
$$HAR,18:43:11,415757535,-919739340,229729,0,58,167,98253,1218,14048
$$HAR,18:43:14,415757539,-919739338,229619,0,46,167,98252,1219,14043
$$HAR,18:43:17,415757520,-919739320,229640,0,40,154,98250,1220,14049
$$HAR,18:43:20,415757505,-919739300,229580,0,76,154,98252,1221,14049
$$HAR,18:43:23,415757504,-919739297,229465,0,59,154,98252,1222,14054
$$HAR,18:43:26,415757498,-919739270,229407,0,47,154,98252,1223,14050
$$HAR,18:43:29,415757487,-919739236,229463,0,53,154,98253,1224,14054
$$HAR,18:43:32,415757472,-919739218,229445,0,55,154,98252,1225,14051
$$HAR,18:43:35,415757463,-919739216,229503,0,45,154,98252,1226,14051
$$HAR,18:43:38,415757462,-919739211,229328,0,5,154,98250,1227,14047
$$HAR,18:43:41,415757468,-919739198,228917,0,47,154,98250,1228,14053
$$HAR,18:43:44,415757478,-919739199,229042,0,63,154,98248,1229,14053
$$HAR,18:43:47,415757478,-919739210,229191,0,46,154,98248,1230,14053
$$HAR,18:43:50,415757477,-919739212,229378,0,54,154,98246,1231,14049
$$HAR,18:43:53,415757484,-919739226,229866,0,69,154,98248,1232,14054
$$HAR,18:43:56,415757478,-919739218,229909,0,60,154,98246,1232,14054
$$HAR,18:43:59,415757465,-919739211,229815,0,52,154,98250,1233,14048
$$HAR,18:44:02,415757464,-919739200,230060,0,4,154,98248,1234,14050
$$HAR,18:44:05,415757475,-919739188,230007,0,105,154,98248,1235,14054
$$HAR,18:44:08,415757490,-919739194,230092,0,58,154,98248,1236,14055
$$HAR,18:44:11,415757498,-919739203,229820,0,34,154,98248,1237,14055
$$HAR,18:44:14,415757503,-919739215,229913,0,60,167,98246,1238,14051
$$HAR,18:44:17,415757493,-919739220,229729,0,34,167,98248,1239,14061
$$HAR,18:44:20,415757495,-919739207,229505,0,161,167,98246,1240,14062
$$HAR,18:44:23,415757496,-919739196,229277,0,35,167,98246,1241,14058
$$HAR,18:44:26,415757495,-919739169,229147,0,81,167,98246,1242,14058
$$HAR,18:44:29,415757511,-919739160,228921,0,49,154,98244,1243,14059
$$HAR,18:44:32,415757535,-919739157,228617,0,128,154,98244,1244,14059
$$HAR,18:44:35,415757551,-919739158,228348,0,46,154,98244,1245,14060
$$HAR,18:44:38,415757539,-919739151,228817,0,70,153,98244,1246,14060
$$HAR,18:44:41,415757548,-919739153,228708,0,38,153,98246,1247,14061
$$HAR,18:44:44,415757543,-919739155,229015,0,60,153,98246,1248,14061
$$HAR,18:44:47,415757547,-919739138,228767,0,57,153,98244,1248,14056
$$HAR,18:44:50,415757549,-919739129,228590,0,94,153,98246,1249,14060
$$HAR,18:44:53,415757554,-919739128,228607,0,50,153,98244,1250,14060
$$HAR,18:44:56,415757548,-919739128,228567,0,73,153,98244,1251,14060
$$HAR,18:44:59,415757545,-919739136,228618,0,54,153,98242,1252,14061
$$HAR,18:45:02,415757551,-919739137,227928,0,11,153,98246,1253,14061
$$HAR,18:45:05,415757542,-919739157,228171,0,129,153,98246,1254,14062
$$HAR,18:45:08,415757546,-919739176,228390,0,101,153,98246,1255,14063
$$HAR,18:45:11,415757567,-919739196,228442,0,47,153,98244,1255,14058
$$HAR,18:45:14,415757570,-919739212,228482,0,32,153,98248,1256,14059
$$HAR,18:45:17,415757556,-919739224,228201,0,199,153,98246,1257,14059
$$HAR,18:45:20,415757551,-919739229,227928,0,40,153,98248,1258,14064
$$HAR,18:45:23,415757571,-919739241,228291,0,45,153,98246,1259,14060
$$HAR,18:45:26,415757575,-919739265,228718,0,100,153,98246,1260,14061
$$HAR,18:45:29,415757578,-919739274,228806,0,91,153,98244,1261,14065
$$HAR,18:45:32,415757588,-919739271,228722,0,39,153,98242,1262,14061
$$HAR,18:45:35,415757586,-919739268,228966,0,170,153,98242,1263,14062
$$HAR,18:45:38,415757583,-919739279,228853,0,40,153,98242,1264,14062
$$HAR,18:45:41,415757576,-919739289,229055,0,70,153,98240,1265,14062
$$HAR,18:45:44,415757581,-919739300,229289,0,58,153,98240,1266,14067
$$HAR,18:45:47,415757577,-919739289,229012,0,94,153,98240,1267,14063
$$HAR,18:45:50,415757563,-919739295,229274,0,74,153,98240,1267,14068
$$HAR,18:45:53,415757556,-919739306,229266,0,62,153,98240,1268,14063
$$HAR,18:45:56,415757553,-919739315,229223,0,34,153,98238,1269,14064
$$HAR,18:45:59,415757563,-919739326,229110,0,109,153,98240,1270,14068
$$HAR,18:46:02,415757561,-919739323,228847,0,55,166,98240,1271,14064
$$HAR,18:46:05,415757562,-919739327,228806,0,54,166,98238,1272,14065
$$HAR,18:46:08,415757562,-919739343,228551,0,91,166,98242,1273,14065
$$HAR,18:46:11,415757567,-919739330,228215,0,18,166,98244,1274,14066
$$HAR,18:46:14,415757561,-919739317,227940,0,20,166,98242,1275,14066
$$HAR,18:46:17,415757554,-919739297,228000,0,49,166,98244,1276,14072
$$HAR,18:46:20,415757513,-919739256,228043,0,25,153,98242,1277,14067
$$HAR,18:46:23,415757488,-919739226,227999,0,93,166,98242,1277,14067
$$HAR,18:46:26,415757473,-919739203,227589,0,53,153,98246,1278,14068
$$HAR,18:46:29,415757456,-919739170,227032,0,67,166,98246,1279,14068
$$HAR,18:46:32,415757460,-919739172,226799,0,12,166,98246,1280,14069
$$HAR,18:46:35,415757450,-919739173,226977,0,104,166,98246,1281,14063
$$HAR,18:46:38,415757454,-919739168,226433,0,15,166,98248,1282,14068
$$HAR,18:46:41,415757473,-919739192,226620,0,85,153,98244,1283,14064
$$HAR,18:46:44,415757484,-919739203,226918,0,43,153,98244,1284,14069
$$HAR,18:46:47,415757489,-919739220,227150,0,62,153,98244,1285,14065
$$HAR,18:46:50,415757494,-919739216,227094,0,69,153,98244,1285,14065
$$HAR,18:46:53,415757504,-919739208,227138,0,11,153,98242,1286,14070
$$HAR,18:46:56,415757492,-919739191,227272,0,97,153,98244,1287,14071
$$HAR,18:46:59,415757496,-919739195,227787,0,39,153,98244,1288,14066
$$HAR,18:47:02,415757492,-919739179,227916,0,34,153,98242,1289,14072
$$HAR,18:47:05,415757499,-919739177,227884,0,44,153,98244,1290,14072
$$HAR,18:47:08,415757503,-919739157,227460,0,76,153,98242,1290,14068
$$HAR,18:47:11,415757509,-919739163,227189,0,54,153,98246,1291,14072
$$HAR,18:47:14,415757510,-919739175,227113,0,47,153,98246,1293,14074
$$HAR,18:47:17,415757518,-919739174,226910,0,15,153,98246,1293,14074
$$HAR,18:47:20,415757523,-919739169,227502,0,23,153,98246,1294,14070
$$HAR,18:47:23,415757525,-919739168,227736,0,32,153,98248,1295,14079
$$HAR,18:47:26,415757530,-919739159,227716,0,55,153,98248,1296,14075
$$HAR,18:47:29,415757536,-919739164,227536,0,56,153,98248,1297,14074
$$HAR,18:47:32,415757538,-919739157,227659,0,37,153,98250,1298,14075
$$HAR,18:47:35,415757536,-919739150,227816,0,18,153,98252,1299,14075
$$HAR,18:47:38,415757526,-919739141,227595,0,39,153,98250,1300,14080
$$HAR,18:47:41,415757534,-919739147,227673,0,49,153,98252,1301,14080
$$HAR,18:47:44,415757529,-919739136,227468,0,115,153,98252,1301,14071
$$HAR,18:47:47,415757531,-919739139,227408,0,16,153,98250,1302,14080
$$HAR,18:47:50,415757531,-919739149,227089,0,29,153,98250,1303,14077
$$HAR,18:47:53,415757524,-919739143,226850,0,15,153,98250,1304,14077
$$HAR,18:47:56,415757510,-919739143,227032,0,72,153,98248,1305,14079
$$HAR,18:47:59,415757508,-919739132,226525,0,45,153,98246,1306,14079
$$HAR,18:48:02,415757509,-919739133,226394,0,57,153,98248,1307,14079
$$HAR,18:48:05,415757513,-919739138,226323,0,93,153,98246,1308,14083
$$HAR,18:48:08,415757511,-919739137,226530,0,43,153,98246,1309,14079
$$HAR,18:48:11,415757507,-919739137,226483,0,45,153,98246,1310,14084
$$HAR,18:48:14,415757501,-919739147,227068,0,4,153,98248,1311,14070
$$HAR,18:48:17,415757495,-919739154,226878,0,16,153,98250,1311,14079
$$HAR,18:48:20,415757502,-919739154,226701,0,90,153,98252,1312,14080
$$HAR,18:48:23,415757501,-919739160,226280,0,82,153,98252,1313,14074
$$HAR,18:48:26,415757489,-919739177,226245,0,95,167,98248,1314,14085
$$HAR,18:48:29,415757483,-919739169,226276,0,52,153,98250,1315,14081
$$HAR,18:48:32,415757480,-919739172,226465,0,37,153,98250,1316,14077
$$HAR,18:48:35,415757480,-919739178,226870,0,28,153,98248,1317,14082
$$HAR,18:48:38,415757481,-919739188,227588,0,46,153,98246,1317,14082
$$HAR,18:48:41,415757483,-919739184,227873,0,11,153,98248,1318,14078
$$HAR,18:48:44,415757488,-919739185,227897,0,36,153,98248,1319,14083
$$HAR,18:48:47,415757488,-919739176,227884,0,137,174,98248,1320,14083
$$HAR,18:48:50,415757477,-919739166,227812,0,95,174,98246,1321,14083
$$HAR,18:48:53,415757464,-919739168,227396,0,180,185,98248,1322,14083
$$HAR,18:48:56,415757409,-919739171,226510,0,84,153,98246,1323,14085
$$HAR,18:48:59,415757405,-919739168,226931,0,8,153,98248,1324,14085
$$HAR,18:49:02,415757411,-919739145,227176,0,33,153,98246,1325,14090
$$HAR,18:49:05,415757412,-919739133,227255,0,66,153,98242,1326,14081
$$HAR,18:49:08,415757417,-919739121,226805,0,49,153,98244,1327,14082
$$HAR,18:49:11,415757416,-919739115,226672,0,41,153,98242,1327,14086
$$HAR,18:49:14,415757418,-919739116,226442,0,38,153,98244,1328,14091
$$HAR,18:49:17,415757417,-919739111,226477,0,41,165,98242,1329,14087
$$HAR,18:49:20,415757418,-919739110,226513,0,87,165,98246,1330,14091
$$HAR,18:49:23,415757424,-919739105,226445,0,35,165,98244,1331,14091
$$HAR,18:49:26,415757436,-919739106,226373,0,48,153,98246,1332,14083
$$HAR,18:49:29,415757448,-919739123,226229,0,59,153,98246,1332,14088
$$HAR,18:49:32,415757450,-919739129,225912,0,10,153,98246,1333,14088
$$HAR,18:49:35,415757456,-919739142,225703,0,57,153,98246,1334,14089
$$HAR,18:49:38,415757462,-919739158,225951,0,60,153,98244,1335,14084
$$HAR,18:49:41,415757470,-919739157,226155,0,17,153,98246,1336,14090
$$HAR,18:49:44,415757475,-919739161,226517,0,10,153,98246,1337,14090
$$HAR,18:49:47,415757488,-919739162,226435,0,55,153,98248,1338,14086
$$HAR,18:49:50,415757484,-919739173,226495,0,27,153,98246,1338,14086
$$HAR,18:49:53,415757496,-919739177,226476,0,48,165,98248,1339,14090
$$HAR,18:49:56,415757506,-919739177,226741,0,31,153,98246,1340,14088
$$HAR,18:49:59,415757502,-919739169,226734,0,12,153,98246,1341,14097